Method,RS,Year,Observed,StructuralMean,Predicted,Phase,Lower80,Upper80
trend,1001,1999,35.1,31.7242857142858,31.7242857142858,final,25.5065292541603,37.9420421744112
trend,1002,1999,31.2,28.9042857142857,28.9042857142857,final,22.6865292541603,35.1220421744112
trend,1003,1999,27.9,25.9071428571428,25.9071428571428,final,19.6893863970174,32.1248993172683
trend,1004,1999,28.6,26.5942857142859,26.5942857142859,final,20.3765292541604,32.8120421744113
trend,1005,1999,30.0,24.5599999999999,24.5599999999999,final,18.3422435398745,30.7777564601254
trend,1006,1999,30.1,29.0157142857144,29.0157142857144,final,22.7979578255889,35.2334707458398
trend,1007,1999,26.0,26.0371428571428,26.0371428571428,final,19.8193863970174,32.2548993172683
trend,1008,1999,37.1,36.2585714285715,36.2585714285715,final,30.040814968446,42.4763278886969
trend,1009,1999,27.8,27.3614285714285,27.3614285714285,final,21.1436721113031,33.579185031554
trend,1010,1999,24.0,23.722857142857,23.722857142857,final,17.5051006827316,29.9406136029825
trend,1011,1999,28.9,27.9157142857143,27.9157142857143,final,21.6979578255889,34.1334707458398
trend,1012,1999,31.9,29.7657142857144,29.7657142857144,final,23.5479578255889,35.9834707458398
trend,1013,1999,27.9,25.0357142857143,25.0357142857143,final,18.8179578255889,31.2534707458398
trend,1014,1999,27.1,25.5242857142857,25.5242857142857,final,19.3065292541603,31.7420421744112
trend,1015,1999,35.3,32.6785714285714,32.6785714285714,final,26.460814968446,38.8963278886969
trend,1016,1999,31.6,27.474285714286,27.474285714286,final,21.2565292541606,33.6920421744114
trend,1001,2000,31.5,32.346992481203,31.7418052697676,final,25.5240488096421,37.959561729893
trend,1002,2000,23.2,29.2975187969924,28.885950515665,final,22.6681940555396,35.1037069757905
trend,1003,2000,22.1,26.2800751879699,25.9228021621755,final,19.70504570205,32.1405586223009
trend,1004,2000,26.2,27.1333082706769,26.7737302576193,final,20.5559737974938,32.9914867177447
trend,1005,2000,20.8,25.1426315789474,24.167365856922,final,17.9496093967966,30.3851223170475
trend,1006,2000,29.0,29.4009022556392,29.2065149964435,final,22.988758536318,35.4242714565689
trend,1007,2000,23.6,26.2874436090225,26.2941024611162,final,20.0763460009908,32.5118589212416
trend,1008,2000,34.8,36.9613533834586,36.8105047725676,final,30.5927483124421,43.028261232693
trend,1009,2000,25.6,27.6896992481203,27.6110735714759,final,21.3933171113505,33.8288300316013
trend,1010,2000,14.4,24.0688721804511,24.0191868994445,final,17.8014304393191,30.23694335957
trend,1011,2000,23.5,28.3961654135339,28.2197058330519,final,22.0019493729265,34.4374622931774
trend,1012,2000,28.9,30.113007518797,29.7303796331074,final,23.5126231729819,35.9481360932328
trend,1013,2000,22.3,25.4045864661655,24.8910865258659,final,18.6733300657404,31.1088429859913
trend,1014,2000,21.1,25.9964661654136,25.7139771708248,final,19.4962207106994,31.9317336309503
trend,1015,2000,28.1,32.9629323308271,32.4929710388322,final,26.2752145787068,38.7107274989577
trend,1016,2000,22.8,28.2833082706768,27.5436634688887,final,21.3259070087632,33.7614199290141
trend,1001,2001,33.1,32.9696992481204,33.1215453388797,final,26.9037888787542,39.3393017990051
trend,1002,2001,33.4,29.6907518796993,30.7838954591317,final,24.5661389990062,37.0016519192571
trend,1003,2001,27.0,26.653007518797,27.4023979684875,final,21.184641508362,33.6201544286129
trend,1004,2001,28.3,27.672330827068,27.8396513352433,final,21.6218948751179,34.0574077953688
trend,1005,2001,30.4,25.7252631578947,26.5037961950881,final,20.2860397349627,32.7215526552136
trend,1006,2001,27.3,29.786090225564,29.8579626939109,final,23.6402062337855,36.0757191540364
trend,1007,2001,28.2,26.5377443609023,27.0195406167397,final,20.8017841566143,33.2372970768652
trend,1008,2001,40.8,37.6641353383459,38.0516158288001,final,31.8338593686746,44.2693722889255
trend,1009,2001,25.8,28.017969924812,28.3926044920976,final,22.1748480319722,34.610360952223
trend,1010,2001,26.9,24.414887218045,26.1482915577948,final,19.9305350976694,32.3660480179202
trend,1011,2001,29.2,28.8766165413534,29.7543853459832,final,23.5366288858578,35.9721418061086
trend,1012,2001,30.6,30.4603007518797,30.6777648426227,final,24.4600083824972,36.8955213027481
trend,1013,2001,23.9,25.7734586466166,26.3300389336599,final,20.1122824735344,32.5477953937853
trend,1014,2001,26.4,26.4686466165414,27.3464693390019,final,21.1287128788764,33.5642257991273
trend,1015,2001,37.3,33.2472932330827,34.1191041174181,final,27.9013476572927,40.3368605775436
trend,1016,2001,32.0,29.0923308270678,30.0753607167166,final,23.8576042565912,36.2931171768421
trend,1001,2002,34.3,33.5924060150376,33.5690461148791,final,27.3512896547536,39.7868025750045
trend,1002,2002,33.2,30.083984962406,29.4190028767045,final,23.201246416579,35.6367593368299
trend,1003,2002,28.2,27.025939849624,26.9637321524333,final,20.7459756923078,33.1814886125587
trend,1004,2002,31.1,28.2113533834588,28.0988268707506,final,21.8810704106252,34.316583330876
trend,1005,2002,25.5,26.3078947368422,25.4698229350785,final,19.252066474953,31.6875793952039
trend,1006,2002,31.5,30.1712781954888,30.6169764636606,final,24.3992200035352,36.834732923786
trend,1007,2002,27.9,26.788045112782,26.4900412624041,final,20.2722848022787,32.7077977225296
trend,1008,2002,36.5,38.366917293233,37.8047295517951,final,31.5869730916697,44.0224860119205
trend,1009,2002,31.8,28.3462406015037,28.7438711235905,final,22.5261146634651,34.961627583716
trend,1010,2002,26.4,24.7609022556391,24.315379220417,final,18.0976227602916,30.5331356805425
trend,1011,2002,36.7,29.357067669173,29.2990925216936,final,23.0813360615682,35.5168489818191
trend,1012,2002,31.6,30.8075939849624,30.7825491525939,final,24.5647926924685,37.0003056127194
trend,1013,2002,27.8,26.1423308270677,26.4781984740672,final,20.2604420139417,32.6959549341926
trend,1014,2002,28.1,26.9408270676691,26.9531338125305,final,20.7353773524051,33.170890272656
trend,1015,2002,35.5,33.5316541353384,32.805097886957,final,26.5873414268315,39.0228543470824
trend,1016,2002,32.4,29.9013533834589,29.3800757960782,final,23.1623193359528,35.5978322562037
trend,1001,2003,31.1,34.215112781955,34.0882576057334,final,27.870501145608,40.3060140658589
trend,1002,2003,27.2,30.4772180451127,29.9185888805023,final,23.7008324203768,36.1363453406277
trend,1003,2003,24.2,27.3988721804511,27.1883904487861,final,20.9706339886607,33.4061469089116
trend,1004,2003,30.1,28.7503759398498,28.2325086552621,final,22.0147521951367,34.4502651153876
trend,1005,2003,17.5,26.8905263157894,27.0353630885554,final,20.81760662843,33.2531195486808
trend,1006,2003,30.8,30.5564661654136,30.3182571893019,final,24.1005007291764,36.5360136494273
trend,1007,2003,27.2,27.0383458646617,26.8389981650399,final,20.6212417049145,33.0567546251653
trend,1008,2003,36.1,39.0696992481203,39.4043941823016,final,33.1866377221762,45.6221506424271
trend,1009,2003,29.8,28.6745112781955,28.0553323896888,final,21.8375759295634,34.2730888498142
trend,1010,2003,25.2,25.106917293233,24.8130651158204,final,18.595308655695,31.0308215759459
trend,1011,2003,26.6,29.8375187969925,28.5211014805573,final,22.3033450204319,34.7388579406828
trend,1012,2003,32.2,31.1548872180451,31.0128272135611,final,24.7950707534357,37.2305836736866
trend,1013,2003,26.9,26.5112030075188,26.2140214040594,final,19.996264943934,32.4317778641849
trend,1014,2003,28.9,27.413007518797,27.2051947197526,final,20.9874382596271,33.422951179878
trend,1015,2003,25.9,33.816015037594,33.463136315003,final,27.2453798548775,39.6808927751284
trend,1016,2003,23.5,30.7103759398499,30.2624266022456,final,24.0446701421202,36.480183062371
trend,1001,2004,40.1,34.8378195488722,35.3962869599905,final,29.1785304998651,41.614043420116
trend,1002,2004,36.0,30.8704511278196,31.4579802496949,final,25.2402237895694,37.6757367098203
trend,1003,2004,31.1,27.7718045112782,28.3452880382515,final,22.1275315781261,34.5630444983769
trend,1004,2004,31.3,29.2893984962409,29.0474422308944,final,22.8296857707689,35.2651986910198
trend,1005,2004,35.3,27.4731578947369,29.1566612821573,final,22.9389048220318,35.3744177422827
trend,1006,2004,33.9,30.9416541353384,30.8979941719145,final,24.6802377117891,37.11575063204
trend,1007,2004,29.9,27.2886466165413,27.2596657825304,final,21.041909322405,33.4774222426559
trend,1008,2004,45.4,39.7724812030074,40.3048793429736,final,34.0871228828482,46.522635803099
trend,1009,2004,32.0,29.0027819548872,28.8010079528831,final,22.5832514927576,35.0187644130085
trend,1010,2004,28.3,25.452932330827,25.4362447622198,final,19.2184883020944,31.6540012223453
trend,1011,2004,32.1,30.317969924812,30.8983818930325,final,24.6806254329071,37.116138353158
trend,1012,2004,35.7,31.5021804511279,31.3148159893832,final,25.0970595292577,37.5325724495086
trend,1013,2004,29.3,26.88007518797,26.8103729123094,final,20.592616452184,33.0281293724348
trend,1014,2004,29.5,27.8851879699248,27.6186047353978,final,21.4008482752724,33.8363611955233
trend,1015,2004,40.6,34.1003759398496,35.5195336827178,final,29.3017772225924,41.7372901428433
trend,1016,2004,36.7,31.5193984962407,32.812051528787,final,26.5942950686616,39.0298079889125
trend,1001,2005,39.1,35.4605263157894,34.5171395111759,final,28.2993830510505,40.7348959713014
trend,1002,2005,29.3,31.2636842105263,30.3440751692595,final,24.126318709134,36.5618316293849
trend,1003,2005,28.3,28.1447368421053,27.5480686479234,final,21.3303121877979,33.7658251080488
trend,1004,2005,30.1,29.8284210526317,29.4679668748249,final,23.2502104146995,35.6857233349504
trend,1005,2005,31.1,28.0557894736842,26.6526183676239,final,20.4348619074984,32.8703748277493
trend,1006,2005,33.2,31.3268421052632,30.7964793634065,final,24.5787229032811,37.014235823532
trend,1007,2005,28.6,27.538947368421,27.0707923237552,final,20.8530358636297,33.2885487838806
trend,1008,2005,43.1,40.4752631578947,39.4663796684167,final,33.2486232082912,45.6841361285421
trend,1009,2005,28.6,29.3310526315789,28.793721010102,final,22.5759645499766,35.0114774702274
trend,1010,2005,28.4,25.798947368421,25.2885342239299,final,19.0707777638045,31.5062906840554
trend,1011,2005,29.6,30.7984210526316,30.4789444261704,final,24.2611879660449,36.6967008862958
trend,1012,2005,33.1,31.8494736842105,31.0969020825077,final,24.8791456223822,37.3146585426331
trend,1013,2005,28.7,27.2489473684211,26.8151110230072,final,20.5973545628818,33.0328674831327
trend,1014,2005,24.0,28.3573684210527,28.0678701084706,final,21.8501136483452,34.285626568596
trend,1015,2005,35.7,34.3847368421052,33.219505123003,final,27.0017486628775,39.4372615831284
trend,1016,2005,32.3,32.3284210526317,31.3996594596005,final,25.1819029994751,37.617415919726
trend,1001,2006,26.9,36.0832330827068,35.4307599337318,final,29.2130034736063,41.6485163938572
trend,1002,2006,27.9,31.6569172932331,32.0089602894479,final,25.7912038293225,38.2267167495733
trend,1003,2006,23.7,28.5176691729323,28.4898340928242,final,22.2720776326988,34.7075905529496
trend,1004,2006,22.4,30.3674436090228,30.3187558078845,final,24.1009993477591,36.53651226801
trend,1005,2006,19.6,28.6384210526317,28.0926647701051,final,21.8749083099796,34.3104212302305
trend,1006,2006,26.6,31.712030075188,31.3762163460192,final,25.1584598858937,37.5939728061446
trend,1007,2006,23.3,27.7892481203007,27.599026013528,final,21.3812695534025,33.8167824736534
trend,1008,2006,32.3,41.1780451127818,40.707490724649,final,34.4897342645235,46.9252471847744
trend,1009,2006,25.0,29.6593233082706,29.7903840752881,final,23.5726276151627,36.0081405354136
trend,1010,2006,21.4,26.144962406015,25.6786540470512,final,19.4608975869258,31.8964105071767
trend,1011,2006,27.5,31.2788721804511,31.4937212564043,final,25.2759647962788,37.7114777165297
trend,1012,2006,25.5,32.1967669172932,31.9725765771681,final,25.7548201170427,38.1903330372936
trend,1013,2006,21.1,27.6178195488721,27.357679495116,final,21.1399230349905,33.5754359552414
trend,1014,2006,23.8,28.8295488721805,29.6107238830791,final,23.3929674229536,35.8284803432045
trend,1015,2006,28.7,34.6690977443609,34.4333015911738,final,28.2155451310484,40.6510580512993
trend,1016,2006,28.3,33.1374436090227,33.1425388440256,final,26.9247823839002,39.360295304151
trend,1001,2007,34.3,36.705939849624,38.352280372222,final,32.1345239120966,44.5700368323475
trend,1002,2007,34.5,32.0501503759398,32.7236784378101,final,26.5059219776847,38.9414348979356
trend,1003,2007,31.3,28.8906015037594,29.7542977545718,final,23.5365412944463,35.9720542146972
trend,1004,2007,29.8,30.9064661654138,32.3348438573348,final,26.1170873972093,38.5526003174602
trend,1005,2007,27.9,29.2210526315789,30.8414317186863,final,24.6236752585609,37.0591881788118
trend,1006,2007,32.5,32.0972180451128,33.0136863727403,final,26.7959299126148,39.2314428328657
trend,1007,2007,28.1,28.0395488721804,28.8443668518489,final,22.6266103917234,35.0621233119743
trend,1008,2007,41.3,41.8808270676691,43.4724544715461,final,37.2546980114207,49.6902109316716
trend,1009,2007,30.6,29.9875939849624,30.8229024979017,final,24.6051460377763,37.0406589580272
trend,1010,2007,28.0,26.4909774436089,27.3416390588452,final,21.1238825987198,33.5593955189707
trend,1011,2007,32.2,31.7593233082707,32.4367873717835,final,26.219030911658,38.6545438319089
trend,1012,2007,31.3,32.5440601503759,33.7446350075137,final,27.5268785473883,39.9623914676392
trend,1013,2007,29.0,27.9866917293233,29.155185477184,final,22.9374290170585,35.3729419373094
trend,1014,2007,27.8,29.3017293233082,30.2034106858614,final,23.9856542257359,36.4211671459868
trend,1015,2007,36.1,34.9534586466165,36.0235793123323,final,29.8058228522069,42.2413357724578
trend,1016,2007,33.5,33.9464661654135,34.8137075135957,final,28.5959510534702,41.0314639737211
trend,1001,2008,35.3,37.3286466165414,37.7599757828269,final,31.5422193227015,43.9777322429523
trend,1002,2008,25.4,32.4433834586466,32.0041822890763,final,25.7864258289508,38.2219387492017
trend,1003,2008,26.9,29.2635338345865,28.8315846132477,final,22.6138281531223,35.0493410733732
trend,1004,2008,33.4,31.4454887218046,31.6438524210158,final,25.4260959608904,37.8616088811413
trend,1005,2008,19.7,29.8036842105262,30.0405182819545,final,23.8227618218291,36.25827474208
trend,1006,2008,33.9,32.4824060150376,32.4101965602486,final,26.1924401001232,38.627953020374
trend,1007,2008,27.4,28.2898496240601,28.2790121400858,final,22.0612556799604,34.4967686002113
trend,1008,2008,43.9,42.5836090225562,42.6877378331301,final,36.4699813730047,48.9054942932556
trend,1009,2008,31.8,30.3158646616541,30.2060744788548,final,23.9883180187294,36.4238309389802
trend,1010,2008,26.8,26.836992481203,26.5664597655759,final,20.3487033054504,32.7842162257013
trend,1011,2008,26.8,32.2397744360902,32.1607713346308,final,25.9430148745054,38.3785277947563
trend,1012,2008,33.6,32.8913533834586,33.1143844902232,final,26.8966280300978,39.3321409503487
trend,1013,2008,32.4,28.3555639097744,28.1739012586282,final,21.9561447985027,34.3916577187536
trend,1014,2008,26.8,29.7739097744361,30.0431349826683,final,23.8253785225428,36.2608914427937
trend,1015,2008,27.6,35.2378195488722,35.0322712987178,final,28.8145148385924,41.2500277588433
trend,1016,2008,25.5,34.7554887218046,34.8355297415053,final,28.6177732813798,41.0532862016307
trend,1001,2009,35.9,37.9513533834586,38.3150426311085,final,32.0972861709831,44.532799091234
trend,1002,2009,33.8,32.8366165413534,34.0993316983936,final,27.8815752382681,40.317088158519
trend,1003,2009,32.2,29.6364661654135,30.0601929175678,final,23.8424364574423,36.2779493776932
trend,1004,2009,31.1,31.9845112781957,31.6341127758177,final,25.4163563156923,37.8518692359432
trend,1005,2009,35.4,30.3863157894737,32.1976718329838,final,25.9799153728584,38.4154282931093
trend,1006,2009,31.9,32.8675939849625,32.6134522898736,final,26.3956958297482,38.8312087499991
trend,1007,2009,26.9,28.5401503759398,28.6996797575764,final,22.481923297451,34.9174362177019
trend,1008,2009,44.9,43.2863909774435,43.0503926323912,final,36.8326361722658,49.2681490925166
trend,1009,2009,30.4,30.6441353383458,30.3780643232106,final,24.1603078630852,36.5958207833361
trend,1010,2009,28.4,27.1830075187969,27.1896394119752,final,20.9718829518498,33.4073958721006
trend,1011,2009,34.8,32.7202255639098,33.6954508475622,final,27.4776943874367,39.9132073076876
trend,1012,2009,31.1,33.2386466165414,33.1116027279123,final,26.8938462677869,39.3293591880377
trend,1013,2009,28.5,28.7244360902256,27.9993625821889,final,21.7816061220635,34.2171190423144
trend,1014,2009,31.0,30.2460902255639,30.7792432151602,final,24.5614867550347,36.9969996752856
trend,1015,2009,39.8,35.5221804511278,36.891464200582,final,30.6737077404565,43.1092206607074
trend,1016,2009,39.5,35.5645112781956,37.2238055596236,final,31.0060490994982,43.4415620197491
trend,1001,2010,39.1,38.5740601503758,38.9418201942449,final,32.7240637341194,45.1595766543703
trend,1002,2010,32.9,33.2298496240601,33.057137332813,final,26.8393808726875,39.2748937929384
trend,1003,2010,31.9,30.0093984962406,29.5498163866589,final,23.3320599265334,35.7675728467843
trend,1004,2010,30.5,32.5235338345867,32.6821061747281,final,26.4643497146026,38.8998626348535
trend,1005,2010,35.0,30.9689473684209,30.0701101714381,final,23.8523537113127,36.2878666315636
trend,1006,2010,30.6,33.2527819548873,33.4262490957644,final,27.208492635639,39.6440055558899
trend,1007,2010,29.0,28.7904511278195,29.0844920176396,final,22.8667355575141,35.302248477765
trend,1008,2010,44.0,43.9891729323306,43.6998902910713,final,37.4821338309459,49.9176467511968
trend,1009,2010,31.8,30.9724060150376,31.0161738141228,final,24.7984173539974,37.2339302742482
trend,1010,2010,33.5,27.5290225563908,27.3108440543908,final,21.0930875942654,33.5286005145163
trend,1011,2010,36.6,33.2006766917293,32.8278214128574,final,26.6100649527319,39.0455778729828
trend,1012,2010,28.4,33.585939849624,33.969349543859,final,27.7515930837335,40.1871060039844
trend,1013,2010,24.7,29.0933082706766,29.1335444518499,final,22.9157879917244,35.3513009119753
trend,1014,2010,44.8,30.7182706766916,30.5831121545395,final,24.3653556944141,36.800868614665
trend,1015,2010,37.2,35.8065413533834,35.0396276087097,final,28.8218711485842,41.2573840688351
trend,1016,2010,42.6,36.3735338345866,35.6679920607275,final,29.4502356006021,41.885748520853
trend,1001,2011,39.3,39.1967669172932,39.1024781108252,final,32.8847216506998,45.3202345709507
trend,1002,2011,32.1,33.6230827067669,33.6822170876068,final,27.4644606274813,39.8999735477322
trend,1003,2011,32.3,30.3823308270677,30.0433898637173,final,23.8256334035918,36.2611463238427
trend,1004,2011,31.2,33.0625563909775,33.4253290355053,final,27.2075725753798,39.6430854956307
trend,1005,2011,23.8,31.5515789473684,30.8289047827987,final,24.6111483226732,37.0466612429241
trend,1006,2011,34.2,33.6379699248121,34.1135521506593,final,27.8957956905339,40.3313086107848
trend,1007,2011,28.3,29.0407518796992,29.0031846311465,final,22.7854281710211,35.2209410912719
trend,1008,2011,45.8,44.6919548872179,44.690013845312,final,38.4722573851866,50.9077703054374
trend,1009,2011,30.1,31.3006766917292,31.1523083010512,final,24.9345518409258,37.3700647611767
trend,1010,2011,26.7,27.8750375939849,26.804579941827,final,20.5868234817016,33.0223364019524
trend,1011,2011,32.2,33.6811278195489,33.0717080584022,final,26.8539515982767,39.2894645185276
trend,1012,2011,35.2,33.9332330827067,34.8629517172331,final,28.6451952571077,41.0807081773586
trend,1013,2011,28.9,29.4621804511278,30.2497986427972,final,24.0320421826717,36.4675551029226
trend,1014,2011,31.1,31.1904511278195,28.6659239374036,final,22.4481674772782,34.8836803975291
trend,1015,2011,32.6,36.0909022556391,35.8410874664654,final,29.6233310063399,42.0588439265908
trend,1016,2011,32.5,37.1825563909774,36.0662955416247,final,29.8485390814993,42.2840520017502
trend,1001,2012,40.5,39.8194736842104,39.8009663888165,final,33.583209928691,46.0187228489419
trend,1002,2012,36.5,34.0163157894737,34.2893691636868,final,28.0716127035613,40.5071256238122
trend,1003,2012,31.8,30.7552631578947,30.4114695897796,final,24.1937131296542,36.6292260499051
trend,1004,2012,32.8,33.6015789473686,33.9354920730046,final,27.7177356128791,40.15324853313
trend,1005,2012,34.3,32.1342105263157,33.5238886952388,final,27.3061322351134,39.7416451553643
trend,1006,2012,35.6,34.0231578947369,33.9223989485828,final,27.7046424884574,40.1401554087082
trend,1007,2012,31.2,29.2910526315789,29.4238522486371,final,23.2060957885116,35.6416087087625
trend,1008,2012,46.5,45.3947368421052,45.1960900742828,final,38.9783336141573,51.4138465344082
trend,1009,2012,31.9,31.628947368421,31.8442008281045,final,25.6264443679791,38.06195728823
trend,1010,2012,29.5,28.2210526315788,28.4317095961936,final,22.2139531360682,34.6494660563191
trend,1011,2012,34.8,34.1615789473684,34.4271107841964,final,28.209354324071,40.6448672443218
trend,1012,2012,35.5,34.2805263157894,34.0534244128056,final,27.8356679526802,40.271180872931
trend,1013,2012,29.8,29.8310526315789,29.9318385366484,final,23.7140820765229,36.1495949967738
trend,1014,2012,33.7,31.6626315789473,31.6788473665357,final,25.4610909064103,37.8966038266611
trend,1015,2012,38.6,36.3752631578947,37.001100898495,final,30.7833444383696,43.2188573586205
trend,1016,2012,37.2,37.9915789473685,38.8310526127308,final,32.6132961526054,45.0488090728563
trend,1001,2013,40.0,40.4421804511278,40.3201778796708,final,34.1024214195454,46.5379343397963
trend,1002,2013,37.9,34.4095488721804,33.9642819466543,final,27.7465254865288,40.1820384067797
trend,1003,2013,30.2,31.1281954887218,30.9408984242654,final,24.72314196414,37.1586548843909
trend,1004,2013,32.3,34.1406015037596,34.2843060020805,final,28.0665495419551,40.502062462206
trend,1005,2013,40.1,32.7168421052631,32.3285663268058,final,26.1108098666804,38.5463227869313
trend,1006,2013,31.5,34.4083458646617,34.1256546782077,final,27.9078982180823,40.3434111383332
trend,1007,2013,32.0,29.5413533834586,29.1991234324344,final,22.981366972309,35.4168798925598
trend,1008,2013,42.3,46.0975187969923,45.899370769104,final,39.6816143089786,52.1171272292294
trend,1009,2013,29.2,31.9572180451127,31.9086246001781,final,25.6908681400527,38.1263810603036
trend,1010,2013,29.6,28.5670676691728,28.3377820940449,final,22.1200256339195,34.5555385541704
trend,1011,2013,37.4,34.6420300751879,34.5275760000315,final,28.309819539906,40.7453324601569
trend,1012,2013,32.8,34.6278195488721,34.4091962247687,final,28.1914397646433,40.6269526848942
trend,1013,2013,29.7,30.1999248120301,30.2054918280517,final,23.9877353679263,36.4232482881771
trend,1014,2013,35.6,32.1348120300752,31.7695591653344,final,25.551802705209,37.9873156254599
trend,1015,2013,39.2,36.6596240601503,36.2607803868723,final,30.0430239267469,42.4785368469978
trend,1016,2013,42.2,38.8006015037595,38.942513234209,final,32.7247567740836,45.1602696943344
trend,1001,2014,46.4,41.064887218045,41.144159908658,final,34.9264034485325,47.3619163687834
trend,1002,2014,40.2,34.8027819548871,34.1770250910328,final,27.9592686309074,40.3947815511583
trend,1003,2014,36.3,31.5011278195489,31.667531724602,final,25.4497752644765,37.8852881847274
trend,1004,2014,35.6,34.6796240601504,35.009601184144,final,28.7918447240186,41.2273576442695
trend,1005,2014,44.1,33.2994736842104,31.9758448579166,final,25.7580883977912,38.1936013180421
trend,1006,2014,37.9,34.7935338345865,35.3149327370863,final,29.0971762769608,41.5326891972117
trend,1007,2014,33.3,29.7916541353383,29.3508758692195,final,23.133119409094,35.5686323293449
trend,1008,2014,52.1,46.8003007518796,47.4811077208968,final,41.2633512607714,53.6988641810223
trend,1009,2014,34.9,32.2854887218044,32.7797939143684,final,26.562037454243,38.9975503744939
trend,1010,2014,31.7,28.9130827067668,28.7279019171661,final,22.5101454570407,34.9456583772916
trend,1011,2014,40.6,35.1224812030075,34.6280412158667,final,28.4102847557412,40.8457976759921
trend,1012,2014,38.7,34.9751127819549,35.3027983981429,final,29.0850419380175,41.5205548582683
trend,1013,2014,34.5,30.5687969924811,30.6584219065919,final,24.4406654464665,36.8761783667174
trend,1014,2014,37.4,32.606992481203,31.985764715129,final,25.7680082550035,38.2035211752544
trend,1015,2014,43.6,36.9439849624059,36.4885545257895,final,30.270798065664,42.7063109859149
trend,1016,2014,49.7,39.6096240601503,39.0001908195459,final,32.7824343594204,45.2179472796713
trend,1001,2015,42.9,41.6875939849622,40.7311321063996,final,34.5133756462742,46.9488885665251
trend,1002,2015,32.0,35.196015037594,34.2284191269882,final,28.0106626668627,40.4461755871136
trend,1003,2015,30.4,31.8740601503758,31.0137337639833,final,24.7959773038579,37.2314902241088
trend,1004,2015,34.2,35.2186466165415,35.053644575087,final,28.8358881149616,41.2714010352125
trend,1005,2015,34.2,33.8821052631577,31.9458216058741,final,25.7280651457486,38.1635780659995
trend,1006,2015,33.7,35.1787218045113,34.6218045310261,final,28.4040480709006,40.8395609911515
trend,1007,2015,26.7,30.041954887218,29.412989912436,final,23.1952334523106,35.6307463725615
trend,1008,2015,43.8,47.5030827067667,46.5529696527712,final,40.3352131926457,52.7707261128966
trend,1009,2015,32.0,32.6137593984962,32.1450382166078,final,25.9272817564824,38.3627946767332
trend,1010,2015,26.8,29.2590977443608,28.7594681660134,final,22.5417117058879,34.9772246261388
trend,1011,2015,36.8,35.602932330827,34.6209403594195,final,28.4031838992941,40.838696819545
trend,1012,2015,33.2,35.3224060150375,34.6546202021386,final,28.4368637420131,40.872376662264
trend,1013,2015,31.7,30.9376691729323,30.2328957281609,final,24.0151392680354,36.4506521882863
trend,1014,2015,31.4,33.0791729323307,32.2198979436372,final,26.0021414835118,38.4376544037627
trend,1015,2015,37.3,37.2283458646616,36.035076873586,final,29.8173204134606,42.2528333337115
trend,1016,2015,45.5,40.4186466165413,38.6096764370404,final,32.3919199769149,44.8274328971658
trend,1001,2016,44.6,42.3103007518796,42.092944496798,final,35.8751880366726,48.3107009569235
trend,1002,2016,36.0,35.5892481203007,36.1622194278821,final,29.9444629677567,42.3799758880076
trend,1003,2016,31.0,32.2469924812029,32.511257249009,final,26.2935007888836,38.7290137091345
trend,1004,2016,38.1,35.7576691729325,35.9402888655741,final,29.7225324054486,42.1580453256995
trend,1005,2016,35.8,34.4647368421051,34.4077456950363,final,28.1899892349108,40.6255021551617
trend,1006,2016,36.7,35.5639097744361,35.8290102686183,final,29.6112538084929,42.0467667287437
trend,1007,2016,31.0,30.2922556390977,30.891390574035,final,24.6736341139095,37.1091470341604
trend,1008,2016,52.4,48.205864661654,48.8697414318258,final,42.6519849717004,55.0874978919512
trend,1009,2016,34.0,32.9420300751879,33.0520628882254,final,26.8343064281,39.2698193483509
trend,1010,2016,28.5,29.6051127819547,30.0459719248196,final,23.8282154646942,36.2637283849451
trend,1011,2016,36.0,36.0833834586466,35.8687770129317,final,29.6510205528062,42.0865334730571
trend,1012,2016,37.7,35.6696992481202,36.0501973794964,final,29.832440919371,42.2679538396218
trend,1013,2016,30.9,31.3065413533834,31.1698731319712,final,24.9521166718458,37.3876295920966
trend,1014,2016,33.1,33.5513533834586,33.8523901118143,final,27.6346336516889,40.0701465719398
trend,1015,2016,38.0,37.5127067669172,37.4998608437486,final,31.2821043836232,43.7176173038741
trend,1016,2016,41.2,41.2276691729323,40.316700464038,final,34.0989440039126,46.5344569241635
trend,1001,2017,45.3,42.9330075187968,42.5225175940837,final,36.3047611339583,48.7402740542092
trend,1002,2017,40.1,35.9824812030074,35.9088429257044,final,29.691086465579,42.1265993858299
trend,1003,2017,34.1,32.61992481203,32.8434816176441,final,26.6257251575187,39.0612380777696
trend,1004,2017,40.3,36.2966917293234,35.8767661842347,final,29.6590097241093,42.0945226443601
trend,1005,2017,39.2,35.0473684210524,34.8079867321226,final,28.5902302719971,41.025743192248
trend,1006,2017,37.7,35.9490977443609,35.745423138824,final,29.5276666786986,41.9631795989494
trend,1007,2017,32.0,30.5425563909774,30.4156742558405,final,24.197917795715,36.6334307159659
trend,1008,2017,51.3,48.9086466165411,48.1567355082646,final,41.9389790481391,54.37449196839
trend,1009,2017,35.4,33.2703007518796,33.0806313028717,final,26.8628748427463,39.2983877629972
trend,1010,2017,31.0,29.9511278195488,30.1492488885217,final,23.9314924283962,36.3670053486471
trend,1011,2017,38.6,36.5638345864661,36.5787833050326,final,30.3610268449072,42.7965397651581
trend,1012,2017,39.6,36.0169924812029,35.653006685484,final,29.4352502253586,41.8707631456095
trend,1013,2017,33.1,31.6754135338346,31.7482969615075,final,25.530540501382,37.9660534216329
trend,1014,2017,31.6,34.0235338345864,34.1044510190363,final,27.8866945589108,40.3222074791617
trend,1015,2017,42.1,37.7970676691729,37.7097073039522,final,31.4919508438267,43.9274637640776
trend,1016,2017,44.2,42.0366917293234,42.0416521697494,final,35.823895709624,48.2594086298749
trend,1001,2018,38.0,43.5557142857142,43.1313674785066,final,36.9136110183812,49.349123938632
trend,1002,2018,30.0,36.3757142857143,35.6375387448131,final,29.4197822846877,41.8552952049386
trend,1003,2018,28.1,32.992857142857,32.7275140184365,final,26.5097575583111,38.945270478562
trend,1004,2018,36.9,36.8357142857144,36.1180140410284,final,29.900257580903,42.3357705011539
trend,1005,2018,22.2,35.6299999999999,34.8855295523624,final,28.667773092237,41.1032860124879
trend,1006,2018,34.9,36.3342857142857,36.0203895833037,final,29.8026331231783,42.2381460434292
trend,1007,2018,27.7,30.7928571428571,30.5315713351981,final,24.3138148750727,36.7493277953236
trend,1008,2018,44.3,49.6114285714284,49.1827144199327,final,42.9649579598072,55.4004708800581
trend,1009,2018,31.1,33.5985714285713,33.2167657898001,final,26.9990093296747,39.4345222499256
trend,1010,2018,24.7,30.2971428571427,30.109104422514,final,23.8913479623886,36.3268608826395
trend,1011,2018,28.7,37.0442857142857,36.6792485208678,final,30.4614920607424,42.8970049809933
trend,1012,2018,34.7,36.3642857142856,35.7219356380279,final,29.5041791779025,41.9396920981534
trend,1013,2018,29.7,32.0442857142856,31.7888904296326,final,25.5711339695071,38.006646889758
trend,1014,2018,27.0,34.4957142857143,34.9301976450968,final,28.7124411849713,41.1479541052222
trend,1015,2018,28.4,38.0814285714284,37.3100126878897,final,31.0922562277643,43.5277691480152
trend,1016,2018,30.0,42.8457142857142,42.4578833293603,final,36.2401268692349,48.6756397894858
trend,1001,2019,39.5,44.1784210526314,45.1744316600255,final,38.9566751999,51.3921881201509
trend,1002,2019,33.9,36.768947368421,37.9119649412674,final,31.694208481142,44.1297214013929
trend,1003,2019,28.2,33.3657894736841,34.2429651821759,final,28.0252087220505,40.4607216423014
trend,1004,2019,37.6,37.3747368421054,37.3632119057895,final,31.1454554456641,43.580968365915
trend,1005,2019,30.9,36.2126315789471,38.6203188301973,final,32.4025623700719,44.8380752903227
trend,1006,2019,34.4,36.7194736842105,36.9766078189041,final,30.7588513587787,43.1943642790296
trend,1007,2019,29.5,31.0431578947368,31.597635386382,final,25.3798789262566,37.8153918465074
trend,1008,2019,44.0,50.3142105263155,51.266426375709,final,45.0486699155835,57.4841828358344
trend,1009,2019,31.9,33.9268421052631,34.3747779634097,final,28.1570215032842,40.5925344235351
trend,1010,2019,27.5,30.6431578947368,31.6465956833122,final,25.4288392231868,37.8643521434377
trend,1011,2019,33.0,37.5247368421052,39.0206735759157,final,32.8029171157902,45.2384300360411
trend,1012,2019,33.4,36.7115789473684,37.0099467431035,final,30.7921902829781,43.227703203229
trend,1013,2019,28.4,32.4131578947367,32.8334339057251,final,26.6156774455996,39.0511903658505
trend,1014,2019,31.7,34.967894736842,36.3117023112819,final,30.0939458511565,42.5294587714074
trend,1015,2019,32.8,38.3657894736841,40.1014448828664,final,33.8836884227409,46.3192013429918
trend,1016,2019,40.3,43.6547368421052,45.9576752277282,final,39.7399187676027,52.1754316878536
persistence,1001,1999,35.1,35.1,35.1,final,27.32,42.88
persistence,1002,1999,31.2,31.2,31.2,final,23.42,38.98
persistence,1003,1999,27.9,27.9,27.9,final,20.12,35.68
persistence,1004,1999,28.6,28.6,28.6,final,20.82,36.38
persistence,1005,1999,30.0,30.0,30.0,final,22.22,37.78
persistence,1006,1999,30.1,30.1,30.1,final,22.32,37.88
persistence,1007,1999,26.0,26.0,26.0,final,18.22,33.78
persistence,1008,1999,37.1,37.1,37.1,final,29.32,44.88
persistence,1009,1999,27.8,27.8,27.8,final,20.02,35.58
persistence,1010,1999,24.0,24.0,24.0,final,16.22,31.78
persistence,1011,1999,28.9,28.9,28.9,final,21.12,36.68
persistence,1012,1999,31.9,31.9,31.9,final,24.12,39.68
persistence,1013,1999,27.9,27.9,27.9,final,20.12,35.68
persistence,1014,1999,27.1,27.1,27.1,final,19.32,34.88
persistence,1015,1999,35.3,35.3,35.3,final,27.52,43.08
persistence,1016,1999,31.6,31.6,31.6,final,23.82,39.38
persistence,1001,2000,31.5,35.1,35.1,final,27.32,42.88
persistence,1002,2000,23.2,31.2,31.2,final,23.42,38.98
persistence,1003,2000,22.1,27.9,27.9,final,20.12,35.68
persistence,1004,2000,26.2,28.6,28.6,final,20.82,36.38
persistence,1005,2000,20.8,30.0,30.0,final,22.22,37.78
persistence,1006,2000,29.0,30.1,30.1,final,22.32,37.88
persistence,1007,2000,23.6,26.0,26.0,final,18.22,33.78
persistence,1008,2000,34.8,37.1,37.1,final,29.32,44.88
persistence,1009,2000,25.6,27.8,27.8,final,20.02,35.58
persistence,1010,2000,14.4,24.0,24.0,final,16.22,31.78
persistence,1011,2000,23.5,28.9,28.9,final,21.12,36.68
persistence,1012,2000,28.9,31.9,31.9,final,24.12,39.68
persistence,1013,2000,22.3,27.9,27.9,final,20.12,35.68
persistence,1014,2000,21.1,27.1,27.1,final,19.32,34.88
persistence,1015,2000,28.1,35.3,35.3,final,27.52,43.08
persistence,1016,2000,22.8,31.6,31.6,final,23.82,39.38
persistence,1001,2001,33.1,31.5,31.5,final,23.72,39.28
persistence,1002,2001,33.4,23.2,23.2,final,15.42,30.98
persistence,1003,2001,27.0,22.1,22.1,final,14.32,29.88
persistence,1004,2001,28.3,26.2,26.2,final,18.42,33.98
persistence,1005,2001,30.4,20.8,20.8,final,13.02,28.58
persistence,1006,2001,27.3,29.0,29.0,final,21.22,36.78
persistence,1007,2001,28.2,23.6,23.6,final,15.82,31.38
persistence,1008,2001,40.8,34.8,34.8,final,27.02,42.58
persistence,1009,2001,25.8,25.6,25.6,final,17.82,33.38
persistence,1010,2001,26.9,14.4,14.4,final,6.62,22.18
persistence,1011,2001,29.2,23.5,23.5,final,15.72,31.28
persistence,1012,2001,30.6,28.9,28.9,final,21.12,36.68
persistence,1013,2001,23.9,22.3,22.3,final,14.52,30.08
persistence,1014,2001,26.4,21.1,21.1,final,13.32,28.88
persistence,1015,2001,37.3,28.1,28.1,final,20.32,35.88
persistence,1016,2001,32.0,22.8,22.8,final,15.02,30.58
persistence,1001,2002,34.3,33.1,33.1,final,25.32,40.88
persistence,1002,2002,33.2,33.4,33.4,final,25.62,41.18
persistence,1003,2002,28.2,27.0,27.0,final,19.22,34.78
persistence,1004,2002,31.1,28.3,28.3,final,20.52,36.08
persistence,1005,2002,25.5,30.4,30.4,final,22.62,38.18
persistence,1006,2002,31.5,27.3,27.3,final,19.52,35.08
persistence,1007,2002,27.9,28.2,28.2,final,20.42,35.98
persistence,1008,2002,36.5,40.8,40.8,final,33.02,48.58
persistence,1009,2002,31.8,25.8,25.8,final,18.02,33.58
persistence,1010,2002,26.4,26.9,26.9,final,19.12,34.68
persistence,1011,2002,36.7,29.2,29.2,final,21.42,36.98
persistence,1012,2002,31.6,30.6,30.6,final,22.82,38.38
persistence,1013,2002,27.8,23.9,23.9,final,16.12,31.68
persistence,1014,2002,28.1,26.4,26.4,final,18.62,34.18
persistence,1015,2002,35.5,37.3,37.3,final,29.52,45.08
persistence,1016,2002,32.4,32.0,32.0,final,24.22,39.78
persistence,1001,2003,31.1,34.3,34.3,final,26.52,42.08
persistence,1002,2003,27.2,33.2,33.2,final,25.42,40.98
persistence,1003,2003,24.2,28.2,28.2,final,20.42,35.98
persistence,1004,2003,30.1,31.1,31.1,final,23.32,38.88
persistence,1005,2003,17.5,25.5,25.5,final,17.72,33.28
persistence,1006,2003,30.8,31.5,31.5,final,23.72,39.28
persistence,1007,2003,27.2,27.9,27.9,final,20.12,35.68
persistence,1008,2003,36.1,36.5,36.5,final,28.72,44.28
persistence,1009,2003,29.8,31.8,31.8,final,24.02,39.58
persistence,1010,2003,25.2,26.4,26.4,final,18.62,34.18
persistence,1011,2003,26.6,36.7,36.7,final,28.92,44.48
persistence,1012,2003,32.2,31.6,31.6,final,23.82,39.38
persistence,1013,2003,26.9,27.8,27.8,final,20.02,35.58
persistence,1014,2003,28.9,28.1,28.1,final,20.32,35.88
persistence,1015,2003,25.9,35.5,35.5,final,27.72,43.28
persistence,1016,2003,23.5,32.4,32.4,final,24.62,40.18
persistence,1001,2004,40.1,31.1,31.1,final,23.32,38.88
persistence,1002,2004,36.0,27.2,27.2,final,19.42,34.98
persistence,1003,2004,31.1,24.2,24.2,final,16.42,31.98
persistence,1004,2004,31.3,30.1,30.1,final,22.32,37.88
persistence,1005,2004,35.3,17.5,17.5,final,9.72,25.28
persistence,1006,2004,33.9,30.8,30.8,final,23.02,38.58
persistence,1007,2004,29.9,27.2,27.2,final,19.42,34.98
persistence,1008,2004,45.4,36.1,36.1,final,28.32,43.88
persistence,1009,2004,32.0,29.8,29.8,final,22.02,37.58
persistence,1010,2004,28.3,25.2,25.2,final,17.42,32.98
persistence,1011,2004,32.1,26.6,26.6,final,18.82,34.38
persistence,1012,2004,35.7,32.2,32.2,final,24.42,39.98
persistence,1013,2004,29.3,26.9,26.9,final,19.12,34.68
persistence,1014,2004,29.5,28.9,28.9,final,21.12,36.68
persistence,1015,2004,40.6,25.9,25.9,final,18.12,33.68
persistence,1016,2004,36.7,23.5,23.5,final,15.72,31.28
persistence,1001,2005,39.1,40.1,40.1,final,32.32,47.88
persistence,1002,2005,29.3,36.0,36.0,final,28.22,43.78
persistence,1003,2005,28.3,31.1,31.1,final,23.32,38.88
persistence,1004,2005,30.1,31.3,31.3,final,23.52,39.08
persistence,1005,2005,31.1,35.3,35.3,final,27.52,43.08
persistence,1006,2005,33.2,33.9,33.9,final,26.12,41.68
persistence,1007,2005,28.6,29.9,29.9,final,22.12,37.68
persistence,1008,2005,43.1,45.4,45.4,final,37.62,53.18
persistence,1009,2005,28.6,32.0,32.0,final,24.22,39.78
persistence,1010,2005,28.4,28.3,28.3,final,20.52,36.08
persistence,1011,2005,29.6,32.1,32.1,final,24.32,39.88
persistence,1012,2005,33.1,35.7,35.7,final,27.92,43.48
persistence,1013,2005,28.7,29.3,29.3,final,21.52,37.08
persistence,1014,2005,24.0,29.5,29.5,final,21.72,37.28
persistence,1015,2005,35.7,40.6,40.6,final,32.82,48.38
persistence,1016,2005,32.3,36.7,36.7,final,28.92,44.48
persistence,1001,2006,26.9,39.1,39.1,final,31.32,46.88
persistence,1002,2006,27.9,29.3,29.3,final,21.52,37.08
persistence,1003,2006,23.7,28.3,28.3,final,20.52,36.08
persistence,1004,2006,22.4,30.1,30.1,final,22.32,37.88
persistence,1005,2006,19.6,31.1,31.1,final,23.32,38.88
persistence,1006,2006,26.6,33.2,33.2,final,25.42,40.98
persistence,1007,2006,23.3,28.6,28.6,final,20.82,36.38
persistence,1008,2006,32.3,43.1,43.1,final,35.32,50.88
persistence,1009,2006,25.0,28.6,28.6,final,20.82,36.38
persistence,1010,2006,21.4,28.4,28.4,final,20.62,36.18
persistence,1011,2006,27.5,29.6,29.6,final,21.82,37.38
persistence,1012,2006,25.5,33.1,33.1,final,25.32,40.88
persistence,1013,2006,21.1,28.7,28.7,final,20.92,36.48
persistence,1014,2006,23.8,24.0,24.0,final,16.22,31.78
persistence,1015,2006,28.7,35.7,35.7,final,27.92,43.48
persistence,1016,2006,28.3,32.3,32.3,final,24.52,40.08
persistence,1001,2007,34.3,26.9,26.9,final,19.12,34.68
persistence,1002,2007,34.5,27.9,27.9,final,20.12,35.68
persistence,1003,2007,31.3,23.7,23.7,final,15.92,31.48
persistence,1004,2007,29.8,22.4,22.4,final,14.62,30.18
persistence,1005,2007,27.9,19.6,19.6,final,11.82,27.38
persistence,1006,2007,32.5,26.6,26.6,final,18.82,34.38
persistence,1007,2007,28.1,23.3,23.3,final,15.52,31.08
persistence,1008,2007,41.3,32.3,32.3,final,24.52,40.08
persistence,1009,2007,30.6,25.0,25.0,final,17.22,32.78
persistence,1010,2007,28.0,21.4,21.4,final,13.62,29.18
persistence,1011,2007,32.2,27.5,27.5,final,19.72,35.28
persistence,1012,2007,31.3,25.5,25.5,final,17.72,33.28
persistence,1013,2007,29.0,21.1,21.1,final,13.32,28.88
persistence,1014,2007,27.8,23.8,23.8,final,16.02,31.58
persistence,1015,2007,36.1,28.7,28.7,final,20.92,36.48
persistence,1016,2007,33.5,28.3,28.3,final,20.52,36.08
persistence,1001,2008,35.3,34.3,34.3,final,26.52,42.08
persistence,1002,2008,25.4,34.5,34.5,final,26.72,42.28
persistence,1003,2008,26.9,31.3,31.3,final,23.52,39.08
persistence,1004,2008,33.4,29.8,29.8,final,22.02,37.58
persistence,1005,2008,19.7,27.9,27.9,final,20.12,35.68
persistence,1006,2008,33.9,32.5,32.5,final,24.72,40.28
persistence,1007,2008,27.4,28.1,28.1,final,20.32,35.88
persistence,1008,2008,43.9,41.3,41.3,final,33.52,49.08
persistence,1009,2008,31.8,30.6,30.6,final,22.82,38.38
persistence,1010,2008,26.8,28.0,28.0,final,20.22,35.78
persistence,1011,2008,26.8,32.2,32.2,final,24.42,39.98
persistence,1012,2008,33.6,31.3,31.3,final,23.52,39.08
persistence,1013,2008,32.4,29.0,29.0,final,21.22,36.78
persistence,1014,2008,26.8,27.8,27.8,final,20.02,35.58
persistence,1015,2008,27.6,36.1,36.1,final,28.32,43.88
persistence,1016,2008,25.5,33.5,33.5,final,25.72,41.28
persistence,1001,2009,35.9,35.3,35.3,final,27.52,43.08
persistence,1002,2009,33.8,25.4,25.4,final,17.62,33.18
persistence,1003,2009,32.2,26.9,26.9,final,19.12,34.68
persistence,1004,2009,31.1,33.4,33.4,final,25.62,41.18
persistence,1005,2009,35.4,19.7,19.7,final,11.92,27.48
persistence,1006,2009,31.9,33.9,33.9,final,26.12,41.68
persistence,1007,2009,26.9,27.4,27.4,final,19.62,35.18
persistence,1008,2009,44.9,43.9,43.9,final,36.12,51.68
persistence,1009,2009,30.4,31.8,31.8,final,24.02,39.58
persistence,1010,2009,28.4,26.8,26.8,final,19.02,34.58
persistence,1011,2009,34.8,26.8,26.8,final,19.02,34.58
persistence,1012,2009,31.1,33.6,33.6,final,25.82,41.38
persistence,1013,2009,28.5,32.4,32.4,final,24.62,40.18
persistence,1014,2009,31.0,26.8,26.8,final,19.02,34.58
persistence,1015,2009,39.8,27.6,27.6,final,19.82,35.38
persistence,1016,2009,39.5,25.5,25.5,final,17.72,33.28
persistence,1001,2010,39.1,35.9,35.9,final,28.12,43.68
persistence,1002,2010,32.9,33.8,33.8,final,26.02,41.58
persistence,1003,2010,31.9,32.2,32.2,final,24.42,39.98
persistence,1004,2010,30.5,31.1,31.1,final,23.32,38.88
persistence,1005,2010,35.0,35.4,35.4,final,27.62,43.18
persistence,1006,2010,30.6,31.9,31.9,final,24.12,39.68
persistence,1007,2010,29.0,26.9,26.9,final,19.12,34.68
persistence,1008,2010,44.0,44.9,44.9,final,37.12,52.68
persistence,1009,2010,31.8,30.4,30.4,final,22.62,38.18
persistence,1010,2010,33.5,28.4,28.4,final,20.62,36.18
persistence,1011,2010,36.6,34.8,34.8,final,27.02,42.58
persistence,1012,2010,28.4,31.1,31.1,final,23.32,38.88
persistence,1013,2010,24.7,28.5,28.5,final,20.72,36.28
persistence,1014,2010,44.8,31.0,31.0,final,23.22,38.78
persistence,1015,2010,37.2,39.8,39.8,final,32.02,47.58
persistence,1016,2010,42.6,39.5,39.5,final,31.72,47.28
persistence,1001,2011,39.3,39.1,39.1,final,31.32,46.88
persistence,1002,2011,32.1,32.9,32.9,final,25.12,40.68
persistence,1003,2011,32.3,31.9,31.9,final,24.12,39.68
persistence,1004,2011,31.2,30.5,30.5,final,22.72,38.28
persistence,1005,2011,23.8,35.0,35.0,final,27.22,42.78
persistence,1006,2011,34.2,30.6,30.6,final,22.82,38.38
persistence,1007,2011,28.3,29.0,29.0,final,21.22,36.78
persistence,1008,2011,45.8,44.0,44.0,final,36.22,51.78
persistence,1009,2011,30.1,31.8,31.8,final,24.02,39.58
persistence,1010,2011,26.7,33.5,33.5,final,25.72,41.28
persistence,1011,2011,32.2,36.6,36.6,final,28.82,44.38
persistence,1012,2011,35.2,28.4,28.4,final,20.62,36.18
persistence,1013,2011,28.9,24.7,24.7,final,16.92,32.48
persistence,1014,2011,31.1,44.8,44.8,final,37.02,52.58
persistence,1015,2011,32.6,37.2,37.2,final,29.42,44.98
persistence,1016,2011,32.5,42.6,42.6,final,34.82,50.38
persistence,1001,2012,40.5,39.3,39.3,final,31.52,47.08
persistence,1002,2012,36.5,32.1,32.1,final,24.32,39.88
persistence,1003,2012,31.8,32.3,32.3,final,24.52,40.08
persistence,1004,2012,32.8,31.2,31.2,final,23.42,38.98
persistence,1005,2012,34.3,23.8,23.8,final,16.02,31.58
persistence,1006,2012,35.6,34.2,34.2,final,26.42,41.98
persistence,1007,2012,31.2,28.3,28.3,final,20.52,36.08
persistence,1008,2012,46.5,45.8,45.8,final,38.02,53.58
persistence,1009,2012,31.9,30.1,30.1,final,22.32,37.88
persistence,1010,2012,29.5,26.7,26.7,final,18.92,34.48
persistence,1011,2012,34.8,32.2,32.2,final,24.42,39.98
persistence,1012,2012,35.5,35.2,35.2,final,27.42,42.98
persistence,1013,2012,29.8,28.9,28.9,final,21.12,36.68
persistence,1014,2012,33.7,31.1,31.1,final,23.32,38.88
persistence,1015,2012,38.6,32.6,32.6,final,24.82,40.38
persistence,1016,2012,37.2,32.5,32.5,final,24.72,40.28
persistence,1001,2013,40.0,40.5,40.5,final,32.72,48.28
persistence,1002,2013,37.9,36.5,36.5,final,28.72,44.28
persistence,1003,2013,30.2,31.8,31.8,final,24.02,39.58
persistence,1004,2013,32.3,32.8,32.8,final,25.02,40.58
persistence,1005,2013,40.1,34.3,34.3,final,26.52,42.08
persistence,1006,2013,31.5,35.6,35.6,final,27.82,43.38
persistence,1007,2013,32.0,31.2,31.2,final,23.42,38.98
persistence,1008,2013,42.3,46.5,46.5,final,38.72,54.28
persistence,1009,2013,29.2,31.9,31.9,final,24.12,39.68
persistence,1010,2013,29.6,29.5,29.5,final,21.72,37.28
persistence,1011,2013,37.4,34.8,34.8,final,27.02,42.58
persistence,1012,2013,32.8,35.5,35.5,final,27.72,43.28
persistence,1013,2013,29.7,29.8,29.8,final,22.02,37.58
persistence,1014,2013,35.6,33.7,33.7,final,25.92,41.48
persistence,1015,2013,39.2,38.6,38.6,final,30.82,46.38
persistence,1016,2013,42.2,37.2,37.2,final,29.42,44.98
persistence,1001,2014,46.4,40.0,40.0,final,32.22,47.78
persistence,1002,2014,40.2,37.9,37.9,final,30.12,45.68
persistence,1003,2014,36.3,30.2,30.2,final,22.42,37.98
persistence,1004,2014,35.6,32.3,32.3,final,24.52,40.08
persistence,1005,2014,44.1,40.1,40.1,final,32.32,47.88
persistence,1006,2014,37.9,31.5,31.5,final,23.72,39.28
persistence,1007,2014,33.3,32.0,32.0,final,24.22,39.78
persistence,1008,2014,52.1,42.3,42.3,final,34.52,50.08
persistence,1009,2014,34.9,29.2,29.2,final,21.42,36.98
persistence,1010,2014,31.7,29.6,29.6,final,21.82,37.38
persistence,1011,2014,40.6,37.4,37.4,final,29.62,45.18
persistence,1012,2014,38.7,32.8,32.8,final,25.02,40.58
persistence,1013,2014,34.5,29.7,29.7,final,21.92,37.48
persistence,1014,2014,37.4,35.6,35.6,final,27.82,43.38
persistence,1015,2014,43.6,39.2,39.2,final,31.42,46.98
persistence,1016,2014,49.7,42.2,42.2,final,34.42,49.98
persistence,1001,2015,42.9,46.4,46.4,final,38.62,54.18
persistence,1002,2015,32.0,40.2,40.2,final,32.42,47.98
persistence,1003,2015,30.4,36.3,36.3,final,28.52,44.08
persistence,1004,2015,34.2,35.6,35.6,final,27.82,43.38
persistence,1005,2015,34.2,44.1,44.1,final,36.32,51.88
persistence,1006,2015,33.7,37.9,37.9,final,30.12,45.68
persistence,1007,2015,26.7,33.3,33.3,final,25.52,41.08
persistence,1008,2015,43.8,52.1,52.1,final,44.32,59.88
persistence,1009,2015,32.0,34.9,34.9,final,27.12,42.68
persistence,1010,2015,26.8,31.7,31.7,final,23.92,39.48
persistence,1011,2015,36.8,40.6,40.6,final,32.82,48.38
persistence,1012,2015,33.2,38.7,38.7,final,30.92,46.48
persistence,1013,2015,31.7,34.5,34.5,final,26.72,42.28
persistence,1014,2015,31.4,37.4,37.4,final,29.62,45.18
persistence,1015,2015,37.3,43.6,43.6,final,35.82,51.38
persistence,1016,2015,45.5,49.7,49.7,final,41.92,57.48
persistence,1001,2016,44.6,42.9,42.9,final,35.12,50.68
persistence,1002,2016,36.0,32.0,32.0,final,24.22,39.78
persistence,1003,2016,31.0,30.4,30.4,final,22.62,38.18
persistence,1004,2016,38.1,34.2,34.2,final,26.42,41.98
persistence,1005,2016,35.8,34.2,34.2,final,26.42,41.98
persistence,1006,2016,36.7,33.7,33.7,final,25.92,41.48
persistence,1007,2016,31.0,26.7,26.7,final,18.92,34.48
persistence,1008,2016,52.4,43.8,43.8,final,36.02,51.58
persistence,1009,2016,34.0,32.0,32.0,final,24.22,39.78
persistence,1010,2016,28.5,26.8,26.8,final,19.02,34.58
persistence,1011,2016,36.0,36.8,36.8,final,29.02,44.58
persistence,1012,2016,37.7,33.2,33.2,final,25.42,40.98
persistence,1013,2016,30.9,31.7,31.7,final,23.92,39.48
persistence,1014,2016,33.1,31.4,31.4,final,23.62,39.18
persistence,1015,2016,38.0,37.3,37.3,final,29.52,45.08
persistence,1016,2016,41.2,45.5,45.5,final,37.72,53.28
persistence,1001,2017,45.3,44.6,44.6,final,36.82,52.38
persistence,1002,2017,40.1,36.0,36.0,final,28.22,43.78
persistence,1003,2017,34.1,31.0,31.0,final,23.22,38.78
persistence,1004,2017,40.3,38.1,38.1,final,30.32,45.88
persistence,1005,2017,39.2,35.8,35.8,final,28.02,43.58
persistence,1006,2017,37.7,36.7,36.7,final,28.92,44.48
persistence,1007,2017,32.0,31.0,31.0,final,23.22,38.78
persistence,1008,2017,51.3,52.4,52.4,final,44.62,60.18
persistence,1009,2017,35.4,34.0,34.0,final,26.22,41.78
persistence,1010,2017,31.0,28.5,28.5,final,20.72,36.28
persistence,1011,2017,38.6,36.0,36.0,final,28.22,43.78
persistence,1012,2017,39.6,37.7,37.7,final,29.92,45.48
persistence,1013,2017,33.1,30.9,30.9,final,23.12,38.68
persistence,1014,2017,31.6,33.1,33.1,final,25.32,40.88
persistence,1015,2017,42.1,38.0,38.0,final,30.22,45.78
persistence,1016,2017,44.2,41.2,41.2,final,33.42,48.98
persistence,1001,2018,38.0,45.3,45.3,final,37.52,53.08
persistence,1002,2018,30.0,40.1,40.1,final,32.32,47.88
persistence,1003,2018,28.1,34.1,34.1,final,26.32,41.88
persistence,1004,2018,36.9,40.3,40.3,final,32.52,48.08
persistence,1005,2018,22.2,39.2,39.2,final,31.42,46.98
persistence,1006,2018,34.9,37.7,37.7,final,29.92,45.48
persistence,1007,2018,27.7,32.0,32.0,final,24.22,39.78
persistence,1008,2018,44.3,51.3,51.3,final,43.52,59.08
persistence,1009,2018,31.1,35.4,35.4,final,27.62,43.18
persistence,1010,2018,24.7,31.0,31.0,final,23.22,38.78
persistence,1011,2018,28.7,38.6,38.6,final,30.82,46.38
persistence,1012,2018,34.7,39.6,39.6,final,31.82,47.38
persistence,1013,2018,29.7,33.1,33.1,final,25.32,40.88
persistence,1014,2018,27.0,31.6,31.6,final,23.82,39.38
persistence,1015,2018,28.4,42.1,42.1,final,34.32,49.88
persistence,1016,2018,30.0,44.2,44.2,final,36.42,51.98
persistence,1001,2019,39.5,38.0,38.0,final,30.22,45.78
persistence,1002,2019,33.9,30.0,30.0,final,22.22,37.78
persistence,1003,2019,28.2,28.1,28.1,final,20.32,35.88
persistence,1004,2019,37.6,36.9,36.9,final,29.12,44.68
persistence,1005,2019,30.9,22.2,22.2,final,14.42,29.98
persistence,1006,2019,34.4,34.9,34.9,final,27.12,42.68
persistence,1007,2019,29.5,27.7,27.7,final,19.92,35.48
persistence,1008,2019,44.0,44.3,44.3,final,36.52,52.08
persistence,1009,2019,31.9,31.1,31.1,final,23.32,38.88
persistence,1010,2019,27.5,24.7,24.7,final,16.92,32.48
persistence,1011,2019,33.0,28.7,28.7,final,20.92,36.48
persistence,1012,2019,33.4,34.7,34.7,final,26.92,42.48
persistence,1013,2019,28.4,29.7,29.7,final,21.92,37.48
persistence,1014,2019,31.7,27.0,27.0,final,19.22,34.78
persistence,1015,2019,32.8,28.4,28.4,final,20.62,36.18
persistence,1016,2019,40.3,30.0,30.0,final,22.22,37.78
panel_ridge,1001,1999,35.1,34.6359248085072,34.6359248085072,final,28.1984132032688,41.0734364137456
panel_ridge,1002,1999,31.2,30.3918023790585,30.3918023790585,final,23.9542907738201,36.829313984297
panel_ridge,1003,1999,27.9,28.5899645459814,28.5899645459814,final,22.152452940743,35.0274761512199
panel_ridge,1004,1999,28.6,28.3359187349322,28.3359187349322,final,21.8984071296937,34.7734303401706
panel_ridge,1005,1999,30.0,28.886489867014,28.886489867014,final,22.4489782617756,35.3240014722525
panel_ridge,1006,1999,30.1,32.1965703749311,32.1965703749311,final,25.7590587696927,38.6340819801695
panel_ridge,1007,1999,26.0,27.5925265634638,27.5925265634638,final,21.1550149582254,34.0300381687022
panel_ridge,1008,1999,37.1,37.8403772199121,37.8403772199121,final,31.4028656146737,44.2778888251506
panel_ridge,1009,1999,27.8,29.2176279325171,29.2176279325171,final,22.7801163272787,35.6551395377555
panel_ridge,1010,1999,24.0,24.2961839371853,24.2961839371853,final,17.8586723319469,30.7336955424237
panel_ridge,1011,1999,28.9,28.2795269458676,28.2795269458676,final,21.8420153406291,34.717038551106
panel_ridge,1012,1999,31.9,31.7557093752689,31.7557093752689,final,25.3181977700304,38.1932209805073
panel_ridge,1013,1999,27.9,28.2899364307797,28.2899364307797,final,21.8524248255413,34.7274480360181
panel_ridge,1014,1999,27.1,26.0765624973837,26.0765624973837,final,19.6390508921453,32.5140741026222
panel_ridge,1015,1999,35.3,33.8387534530099,33.8387534530099,final,27.4012418477714,40.2762650582483
panel_ridge,1016,1999,31.6,29.761555170875,29.761555170875,final,23.3240435656366,36.1990667761135
panel_ridge,1001,2000,31.5,29.9922645472227,30.0787203517165,final,23.6412087464781,36.5162319569549
panel_ridge,1002,2000,23.2,25.5887744992308,25.739339271469,final,19.3018276662306,32.1768508767074
panel_ridge,1003,2000,22.1,23.7790879907232,23.6505496827323,final,17.2130380774939,30.0880612879708
panel_ridge,1004,2000,26.2,24.6299675947868,24.6791651357063,final,18.2416535304678,31.1166767409447
panel_ridge,1005,2000,20.8,24.6900242718463,24.8974678416042,final,18.4599562363657,31.3349794468426
panel_ridge,1006,2000,29.0,26.6551513666455,26.2645666472609,final,19.8270550420225,32.7020782524993
panel_ridge,1007,2000,23.6,23.4892290003409,23.1925461184588,final,16.7550345132204,29.6300577236973
panel_ridge,1008,2000,34.8,33.1437604688482,33.0058304321865,final,26.5683188269481,39.4433420374249
panel_ridge,1009,2000,25.6,24.7162260131262,24.4521262171763,final,18.0146146119379,30.8896378224147
panel_ridge,1010,2000,14.4,21.0382799753612,20.9831018037267,final,14.5455901984883,27.4206134089652
panel_ridge,1011,2000,23.5,24.8628918768508,24.9784841301001,final,18.5409725248617,31.4159957353385
panel_ridge,1012,2000,28.9,27.3002298877667,27.3271107947205,final,20.889599189482,33.7646223999589
panel_ridge,1013,2000,22.3,23.2559343840592,23.1832904064398,final,16.7457788012014,29.6208020116782
panel_ridge,1014,2000,21.1,22.1675150930258,22.3581784041871,final,15.9206667989487,28.7956900094256
panel_ridge,1015,2000,28.1,28.7945819001019,29.0668077119956,final,22.6292961067572,35.5043193172341
panel_ridge,1016,2000,22.8,26.3141332915449,26.6566300024943,final,20.2191183972559,33.0941416077328
panel_ridge,1001,2001,33.1,34.5878235086181,34.8687100630457,final,28.4311984578073,41.3062216682841
panel_ridge,1002,2001,33.4,30.738592265783,30.2935708018667,final,23.8560591966283,36.7310824071052
panel_ridge,1003,2001,27.0,28.1207119143794,27.8079029004199,final,21.3703912951815,34.2454145056584
panel_ridge,1004,2001,28.3,28.4878341516115,28.7803264398492,final,22.3428148346107,35.2178380450876
panel_ridge,1005,2001,30.4,29.4085114087566,28.6838116530099,final,22.2463000477714,35.1213232582483
panel_ridge,1006,2001,27.3,30.5180180414231,30.9548562493885,final,24.5173446441501,37.3923678546269
panel_ridge,1007,2001,28.2,27.9606959659722,27.9813322681613,final,21.5438206629229,34.4188438733997
panel_ridge,1008,2001,40.8,37.8502711661048,38.1588235811555,final,31.721311975917,44.5963351863939
panel_ridge,1009,2001,25.8,29.5815876254206,29.7462320460372,final,23.3087204407988,36.1837436512756
panel_ridge,1010,2001,26.9,25.2713812325423,24.0346897518386,final,17.5971781466002,30.472201357077
panel_ridge,1011,2001,29.2,30.4640313263141,30.2101286919755,final,23.7726170867371,36.6476402972139
panel_ridge,1012,2001,30.6,30.9927577477496,31.2907900808579,final,24.8532784756195,37.7283016860963
panel_ridge,1013,2001,23.9,26.1601245391728,25.982036854823,final,19.5445252495845,32.4195484600614
panel_ridge,1014,2001,26.4,27.1009112762824,26.9020364433486,final,20.4645248381102,33.339548048587
panel_ridge,1015,2001,37.3,33.2555580620286,33.1261595549311,final,26.6886479496927,39.5636711601695
panel_ridge,1016,2001,32.0,32.0112982232287,31.3566258201602,final,24.9191142149218,37.7941374253987
panel_ridge,1001,2002,34.3,34.3383018198139,34.0611248003558,final,27.6236131951174,40.4986364055943
panel_ridge,1002,2002,33.2,31.2780902736899,31.7739024846543,final,25.3363908794159,38.2114140898928
panel_ridge,1003,2002,28.2,29.2898027890706,29.0810175492223,final,22.6435059439839,35.5185291544607
panel_ridge,1004,2002,31.1,31.0317744717582,30.9967815374522,final,24.5592699322137,37.4342931426906
panel_ridge,1005,2002,25.5,30.0515481340866,30.2362594596945,final,23.7987478544561,36.6737710649329
panel_ridge,1006,2002,31.5,31.9025294273532,31.3030223997271,final,24.8655107944887,37.7405340049656
panel_ridge,1007,2002,27.9,28.7861417945126,28.8307234122327,final,22.3932118069942,35.2682350174711
panel_ridge,1008,2002,36.5,38.2096880372952,38.7592135970492,final,32.3217019918108,45.1967252022876
panel_ridge,1009,2002,31.8,30.0989881877857,29.3944898512813,final,22.9569782460429,35.8320014565197
panel_ridge,1010,2002,26.4,27.4927392287242,27.7961459790427,final,21.3586343738043,34.2336575842811
panel_ridge,1011,2002,36.7,30.449741274637,30.2142560618413,final,23.7767444566029,36.6517676670798
panel_ridge,1012,2002,31.6,32.9513696815425,32.8782001011052,final,26.4406884958668,39.3157117063437
panel_ridge,1013,2002,27.8,28.8737526534298,28.4526982879468,final,22.0151866827083,34.8902098931852
panel_ridge,1014,2002,28.1,28.3114414505168,28.1808637997813,final,21.7433521945429,34.6183754050197
panel_ridge,1015,2002,35.5,33.7052868740162,34.4587541738972,final,28.0212425686588,40.8962657791356
panel_ridge,1016,2002,32.4,31.7279145862479,31.7258097614339,final,25.2882981561955,38.1633213666724
panel_ridge,1001,2003,31.1,31.8637804832582,31.8566449700778,final,25.4191333648394,38.2941565753163
panel_ridge,1002,2003,27.2,29.67743046978,30.03547643862,final,23.5979648333815,36.4729880438584
panel_ridge,1003,2003,24.2,26.6850455801131,26.4820186168194,final,20.044507011581,32.9195302220579
panel_ridge,1004,2003,30.1,28.3500578100694,28.3627680196201,final,21.9252564143817,34.8002796248586
panel_ridge,1005,2003,17.5,27.4466897835068,26.598750133126,final,20.1612385278876,33.0362617383644
panel_ridge,1006,2003,30.8,28.0159460858067,27.9409560710155,final,21.5034444657771,34.3784676762539
panel_ridge,1007,2003,27.2,25.25240428812,25.0873187521021,final,18.6498071468637,31.5248303573406
panel_ridge,1008,2003,36.1,35.5917424569049,35.2732327468246,final,28.8357211415862,41.7107443520631
panel_ridge,1009,2003,29.8,26.4875314760876,26.8044248316782,final,20.3669132264398,33.2419364369166
panel_ridge,1010,2003,25.2,26.7665395053914,26.5629654922721,final,20.1254538870336,33.0004770975105
panel_ridge,1011,2003,26.6,29.7141242017372,30.8785284972083,final,24.4410168919699,37.3160401024467
panel_ridge,1012,2003,32.2,29.5610372199311,29.3092811357274,final,22.8717695304889,35.7467927409658
panel_ridge,1013,2003,26.9,25.6442271597406,25.4441902881702,final,19.0066786829317,31.8817018934086
panel_ridge,1014,2003,28.9,28.3661926463465,28.326801743659,final,21.8892901384206,34.7643133488975
panel_ridge,1015,2003,25.9,31.3377905199259,31.6721401468548,final,25.2346285416163,38.1096517520932
panel_ridge,1016,2003,23.5,30.4347278131823,30.5599352929177,final,24.1224236876792,36.9974468981561
panel_ridge,1001,2004,40.1,37.7136551516881,37.5713651578525,final,31.133853552614,44.0088767630909
panel_ridge,1002,2004,36.0,33.4051964901144,32.9436586870413,final,26.5061470818028,39.3811702922797
panel_ridge,1003,2004,31.1,30.032961625644,29.5700051505491,final,23.1324935453107,36.0075167557875
panel_ridge,1004,2004,31.3,32.185096455929,32.5111053928891,final,26.0735937876507,38.9486169981275
panel_ridge,1005,2004,35.3,33.4798958658143,31.6268576447508,final,25.1893460395123,38.0643692499892
panel_ridge,1006,2004,33.9,34.9028476898696,35.4215085131976,final,28.9839969079592,41.8590201184361
panel_ridge,1007,2004,29.9,31.9439466541402,32.3067778443999,final,25.8692662391614,38.7442894496383
panel_ridge,1008,2004,45.4,40.3255407323404,40.4202275753,final,33.9827159700616,46.8577391805384
panel_ridge,1009,2004,32.0,32.0366149543421,32.653717821173,final,26.2162062159346,39.0912294264115
panel_ridge,1010,2004,28.3,28.7179178668557,28.4260762952899,final,21.9885646900515,34.8635879005283
panel_ridge,1011,2004,32.1,32.2374663232894,31.6573144037506,final,25.2198027985122,38.094826008989
panel_ridge,1012,2004,35.7,34.3042543529541,34.7958851368497,final,28.3583735316113,41.2333967420881
panel_ridge,1013,2004,29.3,30.0442401474329,30.278186829256,final,23.8406752240175,36.7156984344944
panel_ridge,1014,2004,29.5,30.4307681965176,30.5302148919042,final,24.0927032866657,36.9677264971426
panel_ridge,1015,2004,40.6,36.2793894113596,35.266345485101,final,28.8288338798626,41.7038570903395
panel_ridge,1016,2004,36.7,34.6423284808335,33.3504096646051,final,26.9128980593666,39.7879212698435
panel_ridge,1001,2005,39.1,35.8048223811967,36.2493912084956,final,29.8118796032572,42.6869028137341
panel_ridge,1002,2005,29.3,30.4671656479595,30.9505696933878,final,24.5130580881494,37.3880812986262
panel_ridge,1003,2005,28.3,28.5247705402958,28.7235565619834,final,22.2860449567449,35.1610681672218
panel_ridge,1004,2005,30.1,30.1895961804118,30.0247053878102,final,23.5871937825718,36.4622169930486
panel_ridge,1005,2005,31.1,30.3614450612876,30.7005249562446,final,24.2630133510062,37.138036561483
panel_ridge,1006,2005,33.2,31.8091363014339,31.6223088101096,final,25.1847972048712,38.059820415348
panel_ridge,1007,2005,28.6,28.6988468075461,28.3180657281747,final,21.8805541229362,34.7555773334131
panel_ridge,1008,2005,43.1,38.5685987661079,39.5139551790319,final,33.0764435737934,45.9514667842703
panel_ridge,1009,2005,28.6,29.0533239122429,29.0465026569977,final,22.6089910517593,35.4840142622361
panel_ridge,1010,2005,28.4,25.5075271093592,25.4296702748339,final,18.9921586695955,31.8671818800724
panel_ridge,1011,2005,29.6,30.4090468701387,30.3834373099022,final,23.9459257046638,36.8209489151407
panel_ridge,1012,2005,33.1,32.0370929913538,32.2971161837075,final,25.859604578469,38.7346277889459
panel_ridge,1013,2005,28.7,27.1897083996091,27.0510587112344,final,20.613547105996,33.4885703164728
panel_ridge,1014,2005,24.0,27.0753143370488,26.9019150373182,final,20.4644034320798,33.3394266425567
panel_ridge,1015,2005,35.7,33.831867775371,34.6367844595485,final,28.1992728543101,41.0742960647869
panel_ridge,1016,2005,32.3,33.0028578187602,33.3861957989727,final,26.9486841937343,39.8237074042111
panel_ridge,1001,2006,26.9,28.9530799037357,29.5669615272443,final,23.1294499220059,36.0044731324827
panel_ridge,1002,2006,27.9,26.3693846519094,26.151945222003,final,19.7144336167646,32.5894568272415
panel_ridge,1003,2006,23.7,23.2008214291943,23.1589473573973,final,16.7214357521589,29.5964589626357
panel_ridge,1004,2006,22.4,24.8683627108709,24.8516712134604,final,18.414159608222,31.2891828186989
panel_ridge,1005,2006,19.6,25.3077435376956,25.4453340888816,final,19.0078224836432,31.88284569412
panel_ridge,1006,2006,26.6,26.8755480217522,27.1346617218705,final,20.6971501166321,33.5721733271089
panel_ridge,1007,2006,23.3,23.6767240837407,23.6583092224754,final,17.2207976172369,30.0958208277138
panel_ridge,1008,2006,32.3,32.6680334634026,33.5122198072152,final,27.0747082019768,39.9497314124536
panel_ridge,1009,2006,25.0,25.4850301997067,25.4005773260179,final,18.9630657207795,31.8380889312563
panel_ridge,1010,2006,21.4,21.8280115621438,22.3668705128507,final,15.9293589076123,28.8043821180892
panel_ridge,1011,2006,27.5,27.1406872559459,26.989964271151,final,20.5524526659125,33.4274758763894
panel_ridge,1012,2006,25.5,27.0484711980803,27.2464875588322,final,20.8089759535937,33.6839991640706
panel_ridge,1013,2006,21.1,23.4480325576723,23.7293953146687,final,17.2918837094303,30.1669069199071
panel_ridge,1014,2006,23.8,24.3553518451771,23.7824300860422,final,17.3449184808038,30.2199416912806
panel_ridge,1015,2006,28.7,28.0185699343807,28.3665973173175,final,21.929085712079,34.8041089225559
panel_ridge,1016,2006,28.3,29.0303474813045,28.899407195593,final,22.4618955903546,35.3369188008314
panel_ridge,1001,2007,34.3,34.9847984955342,34.6023159193883,final,28.1648043141499,41.0398275246267
panel_ridge,1002,2007,34.5,32.6540608343691,32.939209844089,final,26.5016982388506,39.3767214493274
panel_ridge,1003,2007,31.3,29.5651376351329,29.658133093016,final,23.2206214877776,36.0956446982545
panel_ridge,1004,2007,29.8,31.2622495001531,30.8024009931376,final,24.3648893878991,37.239912598376
panel_ridge,1005,2007,27.9,31.0861731509246,30.0228377939784,final,23.58532618874,36.4603493992168
panel_ridge,1006,2007,32.5,32.9674016446227,32.9160678816162,final,26.4785562763778,39.3535794868546
panel_ridge,1007,2007,28.1,29.6749550367242,29.604772479395,final,23.1672608741566,36.0422840846335
panel_ridge,1008,2007,41.3,38.5915795970722,38.5230160760256,final,32.0855044707872,44.9605276812641
panel_ridge,1009,2007,30.6,30.4657060887521,30.3753464296103,final,23.9378348243719,36.8128580348488
panel_ridge,1010,2007,28.0,27.7233203261054,27.6435830666782,final,21.2060714614398,34.0810946719166
panel_ridge,1011,2007,32.2,32.4615095977644,32.5284484751738,final,26.0909368699354,38.9659600804123
panel_ridge,1012,2007,31.3,31.5477571965537,31.259281695989,final,24.8217700907506,37.6967933012275
panel_ridge,1013,2007,29.0,29.3463564301564,28.9089250667209,final,22.4714134614825,35.3464366719594
panel_ridge,1014,2007,27.8,30.0747309223195,29.9712705533275,final,23.533758948089,36.4087821585659
panel_ridge,1015,2007,36.1,34.0025378143011,34.1294861744146,final,27.6919745691762,40.5669977796531
panel_ridge,1016,2007,33.5,34.482559844964,34.346498318268,final,27.9089867130296,40.7840099235065
panel_ridge,1001,2008,35.3,35.0994676207852,34.971891732367,final,28.5343801271285,41.4094033376054
panel_ridge,1002,2008,25.4,29.2872779322328,29.6311708154053,final,23.1936592101668,36.0686824206437
panel_ridge,1003,2008,26.9,27.6113554776073,27.9345550887698,final,21.4970434835313,34.3720666940082
panel_ridge,1004,2008,33.4,31.3340812618391,31.0616686028048,final,24.6241569975663,37.4991802080432
panel_ridge,1005,2008,19.7,28.7258768871105,28.1323024662635,final,21.6947908610251,34.5698140715019
panel_ridge,1006,2008,33.9,32.4742972733846,32.3872217607342,final,25.9497101554958,38.8247333659726
panel_ridge,1007,2008,27.4,26.6486326716595,26.3552233120607,final,19.9177117068222,32.7927349172991
panel_ridge,1008,2008,43.9,38.7574679782096,39.2620385071564,final,32.8245269019179,45.6995501123948
panel_ridge,1009,2008,31.8,31.1684330214123,31.193451570881,final,24.7559399656426,37.6309631761194
panel_ridge,1010,2008,26.8,26.8658798064267,26.9174243928044,final,20.479912787566,33.3549359980428
panel_ridge,1011,2008,26.8,29.825085082476,29.7763666353967,final,23.3388550301583,36.2138782406351
panel_ridge,1012,2008,33.6,32.2130131095595,32.166856693229,final,25.7293450879906,38.6043682984674
panel_ridge,1013,2008,32.4,28.4222324331138,28.3577072777948,final,21.9201956725564,34.7952188830333
panel_ridge,1014,2008,26.8,28.1387849337082,27.7150094432246,final,21.2774978379862,34.152521048463
panel_ridge,1015,2008,27.6,31.6642351682776,32.0549860293108,final,25.6174744240724,38.4924976345492
panel_ridge,1016,2008,25.5,30.698422955412,30.5153750282293,final,24.0778634229908,36.9528866334677
panel_ridge,1001,2009,35.9,37.4235834548142,37.4609420305146,final,31.0234304252762,43.898453635753
panel_ridge,1002,2009,33.8,33.3001289694729,32.5759408484893,final,26.1384292432509,39.0134524537278
panel_ridge,1003,2009,32.2,30.8519509129671,30.7194275391152,final,24.2819159338767,37.1569391443536
panel_ridge,1004,2009,31.1,31.502790799007,31.8876652111729,final,25.4501536059345,38.3251768164113
panel_ridge,1005,2009,35.4,32.6597401634404,30.9782465998065,final,24.5407349945681,37.4157582050449
panel_ridge,1006,2009,31.9,31.7023225834142,31.967926689081,final,25.5304150838425,38.4054382943194
panel_ridge,1007,2009,26.9,30.2236689606428,30.3636464212631,final,23.9261348160247,36.8011580265016
panel_ridge,1008,2009,44.9,40.1669787687747,41.1250169298946,final,34.6875053246561,47.562528535133
panel_ridge,1009,2009,30.4,29.6860745788844,29.8037335967041,final,23.3662219914657,36.2412452019425
panel_ridge,1010,2009,28.4,28.6925800558443,28.6803068471726,final,22.2427952419342,35.1178184524111
panel_ridge,1011,2009,34.8,32.9131503241485,32.3495861232128,final,25.9120745179744,38.7870977284512
panel_ridge,1012,2009,31.1,33.0150931348329,33.2734845973235,final,26.8359729920851,39.7109962025619
panel_ridge,1013,2009,28.5,29.6513513834386,30.3923974496554,final,23.954885844417,36.8299090548938
panel_ridge,1014,2009,31.0,29.9216688441968,29.6722572604497,final,23.2347456552112,36.1097688656881
panel_ridge,1015,2009,39.8,35.5570953414166,34.7999406225978,final,28.3624290173593,41.2374522278362
panel_ridge,1016,2009,39.5,34.9378902931713,33.9694398201702,final,27.5319282149318,40.4069514254086
panel_ridge,1001,2010,39.1,39.7070133956531,39.4231744063813,final,32.9856628011429,45.8606860116197
panel_ridge,1002,2010,32.9,36.0245386258938,36.1176630869286,final,29.6801514816902,42.555174692167
panel_ridge,1003,2010,31.9,33.4978958296175,33.7490332971079,final,27.3115216918694,40.1865449023463
panel_ridge,1004,2010,30.5,34.6307042813823,34.5556655738426,final,28.1181539686041,40.993177179081
panel_ridge,1005,2010,35.0,34.2161778741264,34.7266799932545,final,28.2891683880161,41.164191598493
panel_ridge,1006,2010,30.6,35.3669042118314,35.4037309166294,final,28.9662193113909,41.8412425218678
panel_ridge,1007,2010,29.0,31.7603518964697,31.1411624221537,final,24.7036508169153,37.5786740273922
panel_ridge,1008,2010,44.0,42.8425212095708,43.7242687490496,final,37.2867571438112,50.161780354288
panel_ridge,1009,2010,31.8,34.134819517054,34.2678216636083,final,27.8303100583699,40.7053332688468
panel_ridge,1010,2010,33.5,31.3329087410771,31.2784019616359,final,24.8408903563974,37.7159135668743
panel_ridge,1011,2010,36.6,35.2191837836067,35.5706981710918,final,29.1331865658534,42.0082097763303
panel_ridge,1012,2010,28.4,36.565766769717,36.2089907112512,final,29.7714791060127,42.6465023164896
panel_ridge,1013,2010,24.7,33.0694191011483,32.854925820889,final,26.4174142156506,39.2924374261274
panel_ridge,1014,2010,44.8,33.7160699832744,33.9169598159885,final,27.47944821075,40.3544714212269
panel_ridge,1015,2010,37.2,37.9280337301251,38.7184740345689,final,32.2809624293305,45.1559856398074
panel_ridge,1016,2010,42.6,37.5603690359211,38.4102762753584,final,31.9727646701199,44.8477878805968
panel_ridge,1001,2011,39.3,36.1324027737142,36.0193180141284,final,29.58180640889,42.4568296193668
panel_ridge,1002,2011,32.1,31.7931167279541,31.2110246326953,final,24.7735130274568,37.6485362379337
panel_ridge,1003,2011,32.3,29.6081444428886,29.3104612829624,final,22.872949677724,35.7479728882009
panel_ridge,1004,2011,31.2,32.2430418204267,31.4735041068846,final,25.0359925016461,37.911015712123
panel_ridge,1005,2011,23.8,30.5496099238524,30.6956336150875,final,24.2581220098491,37.133145220326
panel_ridge,1006,2011,34.2,34.1625142275884,33.2744543913081,final,26.8369427860696,39.7119659965465
panel_ridge,1007,2011,28.3,27.7991349626059,27.2848897534887,final,20.8473781482503,33.7224013587271
panel_ridge,1008,2011,45.8,40.2884385818809,40.5040733795291,final,34.0665617742906,46.9415849847675
panel_ridge,1009,2011,30.1,31.5398009547442,31.1048311408107,final,24.6673195355723,37.5423427460491
panel_ridge,1010,2011,26.7,28.0628656167696,28.4665881635384,final,22.0290765583,34.9040997687768
panel_ridge,1011,2011,32.2,32.0535856524078,32.3108275369877,final,25.8733159317493,38.7483391422262
panel_ridge,1012,2011,35.2,33.7008122315196,32.1795545811939,final,25.7420429759555,38.6170661864323
panel_ridge,1013,2011,28.9,29.9015755047652,28.342378041078,final,21.9048664358396,34.7798896463164
panel_ridge,1014,2011,31.1,29.8663781970983,31.931280833817,final,25.4937692285786,38.3687924390554
panel_ridge,1015,2011,32.6,33.5704708524825,33.4348403706329,final,26.9973287653944,39.8723519758713
panel_ridge,1016,2011,32.5,33.0616071584371,34.0004751637486,final,27.5629635585102,40.437986768987
panel_ridge,1001,2012,40.5,38.7379306694687,39.3280444517418,final,32.8905328465034,45.7655560569802
panel_ridge,1002,2012,36.5,35.6236709208235,35.6808423461804,final,29.243330740942,42.1183539514189
panel_ridge,1003,2012,31.8,32.2192103632628,32.7206949115374,final,26.283183306299,39.1582065167758
panel_ridge,1004,2012,32.8,34.1578096173629,33.9634940810904,final,27.525982475852,40.4010056863288
panel_ridge,1005,2012,34.3,34.02211605744,32.7646841440704,final,26.327172538832,39.2021957493088
panel_ridge,1006,2012,35.6,34.3447433041245,34.3517267901421,final,27.9142151849037,40.7892383953805
panel_ridge,1007,2012,31.2,31.2675274452246,31.3608370867322,final,24.9233254814937,37.7983486919706
panel_ridge,1008,2012,46.5,41.0897083683946,42.1164955898529,final,35.6789839846144,48.5540071950913
panel_ridge,1009,2012,31.9,32.702163841828,32.4339332789035,final,25.9964216736651,38.871444884142
panel_ridge,1010,2012,29.5,29.6613822072482,29.4074844650832,final,22.9699728598448,35.8449960703216
panel_ridge,1011,2012,34.8,34.7746054894135,34.8018820395127,final,28.3643704342743,41.2393936447511
panel_ridge,1012,2012,35.5,34.015917462045,34.295211608742,final,27.8577000035036,40.7327232139805
panel_ridge,1013,2012,29.8,31.3018726636823,31.115282176595,final,24.6777705713566,37.5527937818334
panel_ridge,1014,2012,33.7,32.6260234991949,32.8558435097581,final,26.4183319045196,39.2933551149965
panel_ridge,1015,2012,38.6,37.324652447038,37.1438566625892,final,30.7063450573507,43.5813682678276
panel_ridge,1016,2012,37.2,35.7052382590088,35.6006125440767,final,29.1631009388383,42.0381241493152
panel_ridge,1001,2013,40.0,39.4647286045881,39.7929967911614,final,33.355485185923,46.2305083963998
panel_ridge,1002,2013,37.9,34.3007669759108,34.4640244327419,final,28.0265128275035,40.9015360379804
panel_ridge,1003,2013,30.2,32.1283322502751,32.0502346275785,final,25.6127230223401,38.487746232817
panel_ridge,1004,2013,32.3,32.3822152069408,32.1292593821725,final,25.6917477769341,38.5667709874109
panel_ridge,1005,2013,40.1,33.6492249112723,33.7009938492598,final,27.2634822440214,40.1385054544982
panel_ridge,1006,2013,31.5,33.9567498160482,34.1906003417337,final,27.7530887364953,40.6281119469721
panel_ridge,1007,2013,32.0,30.8024159625636,30.7898358037675,final,24.3523241985291,37.2273474090059
panel_ridge,1008,2013,42.3,42.5578018430784,43.5657228096184,final,37.12821120438,50.0032344148568
panel_ridge,1009,2013,29.2,30.8777958225403,30.7283551251007,final,24.2908435198623,37.1658667303391
panel_ridge,1010,2013,29.6,28.4207033484694,28.3906383313894,final,21.953126726151,34.8281499366278
panel_ridge,1011,2013,37.4,33.3496758031126,33.3544067236245,final,26.9168951183861,39.7919183288629
panel_ridge,1012,2013,32.8,34.9409121805288,35.2173922684675,final,28.7798806632291,41.654903873706
panel_ridge,1013,2013,29.7,30.4938997476069,30.2141054130547,final,23.7765938078162,36.6516170182931
panel_ridge,1014,2013,35.6,31.0557081217521,31.2557866954114,final,24.818275090173,37.6932983006498
panel_ridge,1015,2013,39.2,36.4742141169522,36.7118075085443,final,30.2742959033059,43.1493191137828
panel_ridge,1016,2013,42.2,35.8266793122312,36.1051489033944,final,29.667637298156,42.5426605086329
panel_ridge,1001,2014,46.4,42.9565279283175,43.0562473702553,final,36.6187357650169,49.4937589754937
panel_ridge,1002,2014,40.2,37.894756398852,38.5652826246936,final,32.1277710194552,45.002794229932
panel_ridge,1003,2014,36.3,35.6108090936286,35.2515666280001,final,28.8140550227617,41.6890782332385
panel_ridge,1004,2014,35.6,38.0879048756128,38.0725884312348,final,31.6350768259964,44.5101000364732
panel_ridge,1005,2014,44.1,37.672839139359,38.8745990268261,final,32.4370874215877,45.3121106320646
panel_ridge,1006,2014,37.9,39.0294959087693,38.5718108489339,final,32.1342992436955,45.0093224541723
panel_ridge,1007,2014,33.3,34.8951011340208,35.1182074178807,final,28.6806958126423,41.5557190231191
panel_ridge,1008,2014,52.1,45.9558060123354,45.9077783087393,final,39.4702667035008,52.3452899139777
panel_ridge,1009,2014,34.9,36.5669106016132,36.2543423146779,final,29.8168307094395,42.6918539199163
panel_ridge,1010,2014,31.7,34.1075783168136,34.3272777159928,final,27.8897661107544,40.7647893212312
panel_ridge,1011,2014,40.6,37.555429660598,38.3099928075232,final,31.8724812022847,44.7475044127616
panel_ridge,1012,2014,38.7,39.2730641055437,38.8742186418962,final,32.4367070366578,45.3117302471346
panel_ridge,1013,2014,34.5,34.8042653794228,34.6563642577403,final,28.2188526525019,41.0938758629788
panel_ridge,1014,2014,37.4,35.4940321315766,36.3406199634425,final,29.9031083582041,42.778131568681
panel_ridge,1015,2014,43.6,40.3735531667352,40.8813588321033,final,34.4438472268648,47.3188704373417
panel_ridge,1016,2014,49.7,39.4237097989061,40.6110401657497,final,34.1735285605113,47.0485517709881
panel_ridge,1001,2015,42.9,40.1865948390279,40.8281032705639,final,34.3905916653255,47.2656148758023
panel_ridge,1002,2015,32.0,35.114840166218,35.544300076476,final,29.1067884712376,41.9818116817145
panel_ridge,1003,2015,30.4,32.3674635944694,32.4958577757409,final,26.0583461705025,38.9333693809794
panel_ridge,1004,2015,34.2,34.8266981245884,34.3632089713904,final,27.925697366152,40.8007205766289
panel_ridge,1005,2015,34.2,34.1217327647879,35.3190933929881,final,28.8815817877496,41.7566049982265
panel_ridge,1006,2015,33.7,36.6548459125868,36.4444242411525,final,30.006912635914,42.8819358463909
panel_ridge,1007,2015,26.7,30.832442176588,30.5352796599985,final,24.0977680547601,36.9727912652369
panel_ridge,1008,2015,43.8,43.3430483791773,44.4876931348276,final,38.0501815295892,50.925204740066
panel_ridge,1009,2015,32.0,34.1874974031555,33.8769569999545,final,27.4394453947161,40.314468605193
panel_ridge,1010,2015,26.8,30.1000685544895,29.6515439962332,final,23.2140323909948,36.0890556014717
panel_ridge,1011,2015,36.8,34.5125872769204,35.0797815222846,final,28.6422699170462,41.5172931275231
panel_ridge,1012,2015,33.2,36.3609862952604,36.2542261857361,final,29.8167145804976,42.6917377909745
panel_ridge,1013,2015,31.7,33.0750958088203,33.0184120889408,final,26.5809004837023,39.4559236941792
panel_ridge,1014,2015,31.4,32.7044669744431,33.0595430233779,final,26.6220314181394,39.4970546286163
panel_ridge,1015,2015,37.3,37.3796958430564,37.9807731291081,final,31.5432615238697,44.4182847343466
panel_ridge,1016,2015,45.5,37.410517036002,39.3249588179246,final,32.8874472126861,45.762470423163
panel_ridge,1001,2016,44.6,42.1394850102035,42.6449841844966,final,36.2074725792582,49.082495789735
panel_ridge,1002,2016,36.0,36.1605852995747,35.5802999980187,final,29.1427883927803,42.0178116032571
panel_ridge,1003,2016,31.0,33.1740376333008,32.8075051166089,final,26.3699935113705,39.2450167218473
panel_ridge,1004,2016,38.1,36.2980733585576,36.1813213935112,final,29.7438097882728,42.6188329987496
panel_ridge,1005,2016,35.8,36.3512908609586,36.3658718101449,final,29.9283602049065,42.8033834153833
panel_ridge,1006,2016,36.7,37.1978763844215,36.6473975283848,final,30.2098859231464,43.0849091336232
panel_ridge,1007,2016,31.0,33.2292480823607,32.4593866041984,final,26.0218749989599,38.8968982094368
panel_ridge,1008,2016,52.4,44.6657770728074,44.750905777632,final,38.3133941723936,51.1884173828704
panel_ridge,1009,2016,34.0,34.8992215460903,34.4916973963731,final,28.0541857911347,40.9292090016115
panel_ridge,1010,2016,28.5,31.0329969945302,30.4182042044968,final,23.9806925992584,36.8557158097353
panel_ridge,1011,2016,36.0,36.9598103825651,37.3859484541718,final,30.9484368489334,43.8234600594102
panel_ridge,1012,2016,37.7,36.6242705314911,36.0353883456721,final,29.5978767404336,42.4728999509105
panel_ridge,1013,2016,30.9,33.250245883093,32.9940696931415,final,26.5565580879031,39.4315812983799
panel_ridge,1014,2016,33.1,33.717912014838,33.474893763101,final,27.0373821578626,39.9124053683394
panel_ridge,1015,2016,38.0,38.4267691123334,38.4119220178269,final,31.9744104125884,44.8494336230653
panel_ridge,1016,2016,41.2,39.3309569932257,40.8380032012805,final,34.4004915960421,47.2755148065189
panel_ridge,1001,2017,45.3,42.909558032486,43.3679445328023,final,36.9304329275638,49.8054561380407
panel_ridge,1002,2017,40.1,38.2198647693839,38.1899482137931,final,31.7524366085546,44.6274598190315
panel_ridge,1003,2017,34.1,35.0376266782629,34.6326100429581,final,28.1950984377196,41.0701216481965
panel_ridge,1004,2017,40.3,35.6507023395686,35.9863958226087,final,29.5488842173703,42.4239074278472
panel_ridge,1005,2017,39.2,37.2126117599656,37.1099079400502,final,30.6723963348118,43.5474195452886
panel_ridge,1006,2017,37.7,36.5278429611635,36.435090096665,final,29.9975784914266,42.8726017019034
panel_ridge,1007,2017,32.0,34.3192158299533,33.9039136549828,final,27.4664020497444,40.3414252602213
panel_ridge,1008,2017,51.3,45.9509457253661,47.3918080631137,final,40.9542964578753,53.8293196683521
panel_ridge,1009,2017,35.4,34.5131373097596,34.3456150555849,final,27.9081034503465,40.7831266608234
panel_ridge,1010,2017,31.0,32.0480901553164,31.5762004767535,final,25.1386888715151,38.013712081992
panel_ridge,1011,2017,38.6,38.0347047478385,37.8558949766907,final,31.4183833714523,44.2934065819291
panel_ridge,1012,2017,39.6,38.076178526649,38.2765836728894,final,31.8390720676509,44.7140952781278
panel_ridge,1013,2017,33.1,33.2936796854437,32.8558359861771,final,26.4183243809386,39.2933475914155
panel_ridge,1014,2017,31.6,34.3552764325668,34.2401612931917,final,27.8026496879532,40.6776728984301
panel_ridge,1015,2017,42.1,40.7878410081915,40.7083352134059,final,34.2708236081675,47.1458468186443
panel_ridge,1016,2017,44.2,40.8429429412997,41.1911400001954,final,34.7536283949569,47.6286516054338
panel_ridge,1001,2018,38.0,37.2003323822144,37.6456644904282,final,31.2081528851898,44.0831760956667
panel_ridge,1002,2018,30.0,30.9538105562384,31.3040740628852,final,24.8665624576468,37.7415856681237
panel_ridge,1003,2018,28.1,29.9300130931701,29.7553360790351,final,23.3178244737967,36.1928476842736
panel_ridge,1004,2018,36.9,32.1816985812597,33.0478486727371,final,26.6103370674986,39.4853602779755
panel_ridge,1005,2018,22.2,31.0244723815391,31.394716799434,final,24.9572051941956,37.8322284046724
panel_ridge,1006,2018,34.9,34.6112341452177,34.8296034561471,final,28.3920918509087,41.2671150613855
panel_ridge,1007,2018,27.7,27.7127241858126,27.2806612915897,final,20.8431496863513,33.7181728968281
panel_ridge,1008,2018,44.3,41.7296718667877,42.7261844989476,final,36.2886728937092,49.163696104186
panel_ridge,1009,2018,31.1,31.3597410297512,31.5249608664627,final,25.0874492612243,37.9624724717011
panel_ridge,1010,2018,24.7,26.3149574490789,26.1197014232861,final,19.6821898180476,32.5572130285245
panel_ridge,1011,2018,28.7,30.5847449827461,30.6900577783837,final,24.2525461731452,37.1275693836221
panel_ridge,1012,2018,34.7,34.9226156438436,35.2064989752489,final,28.7689873700105,41.6440105804873
panel_ridge,1013,2018,29.7,30.1484169783031,30.112335038725,final,23.6748234334865,36.5498466439634
panel_ridge,1014,2018,27.0,28.894122027437,28.3808223618932,final,21.9433107566548,34.8183339671316
panel_ridge,1015,2018,28.4,33.4838254168889,33.7282766681951,final,27.2907650629567,40.1657882734335
panel_ridge,1016,2018,30.0,33.6464100523458,34.2718196283414,final,27.8343080231029,40.7093312335798
panel_ridge,1001,2019,39.5,38.7607709376677,38.9097465961185,final,32.47223499088,45.3472582013569
panel_ridge,1002,2019,33.9,35.1339211045337,34.956229082883,final,28.5187174776446,41.3937406881215
panel_ridge,1003,2019,28.2,31.4099535308652,31.0690276268208,final,24.6315160215824,37.5065392320592
panel_ridge,1004,2019,37.6,34.2426582820757,35.1216635650113,final,28.6841519597729,41.5591751702498
panel_ridge,1005,2019,30.9,32.8117284920027,31.1677559785715,final,24.7302443733331,37.6052675838099
panel_ridge,1006,2019,34.4,35.4369211028609,35.4907173081811,final,29.0532057029427,41.9282289134195
panel_ridge,1007,2019,29.5,29.1964838398282,29.194113362498,final,22.7566017572596,35.6316249677364
panel_ridge,1008,2019,44.0,42.0297191443144,42.5085635010988,final,36.0710518958604,48.9460751063372
panel_ridge,1009,2019,31.9,33.4645835860051,33.4161946177972,final,26.9786830125588,39.8537062230357
panel_ridge,1010,2019,27.5,28.9668589718326,28.6659972838068,final,22.2284856785684,35.1035088890452
panel_ridge,1011,2019,33.0,34.9611582654446,34.610035975919,final,28.1725243706805,41.0475475811574
panel_ridge,1012,2019,33.4,34.961472169792,34.9199995486861,final,28.4824879434477,41.3575111539245
panel_ridge,1013,2019,28.4,31.9046367129812,31.8210979862434,final,25.383586381005,38.2586095914819
panel_ridge,1014,2019,31.7,32.0679286409437,31.7150594363547,final,25.2775478311163,38.1525710415931
panel_ridge,1015,2019,32.8,36.2841452570045,35.3370439588088,final,28.8995323535703,41.7745555640472
panel_ridge,1016,2019,40.3,36.5916155542235,35.9123003907134,final,29.474788785475,42.3498119959518
local_ridge,1001,1999,35.1,34.2594871734917,34.2594871734917,final,28.7885393013483,39.7304350456351
local_ridge,1002,1999,31.2,30.8534636332593,30.8534636332593,final,25.3825157611159,36.3244115054027
local_ridge,1003,1999,27.9,27.8172879264934,27.8172879264934,final,22.3463400543501,33.2882357986368
local_ridge,1004,1999,28.6,28.7693499290498,28.7693499290498,final,23.2984020569064,34.2402978011932
local_ridge,1005,1999,30.0,28.2402711255918,28.2402711255918,final,22.7693232534484,33.7112189977352
local_ridge,1006,1999,30.1,30.2324900081874,30.2324900081874,final,24.761542136044,35.7034378803307
local_ridge,1007,1999,26.0,26.6077995273626,26.6077995273626,final,21.1368516552192,32.078747399506
local_ridge,1008,1999,37.1,37.7601526507452,37.7601526507452,final,32.2892047786018,43.2311005228886
local_ridge,1009,1999,27.8,28.4195266624428,28.4195266624428,final,22.9485787902994,33.8904745345862
local_ridge,1010,1999,24.0,25.1901512564781,25.1901512564781,final,19.7192033843347,30.6610991286215
local_ridge,1011,1999,28.9,28.5643442260935,28.5643442260935,final,23.0933963539502,34.0352920982369
local_ridge,1012,1999,31.9,31.5967763220414,31.5967763220414,final,26.125828449898,37.0677241941848
local_ridge,1013,1999,27.9,27.823422539404,27.823422539404,final,22.3524746672606,33.2943704115473
local_ridge,1014,1999,27.1,26.7126464094692,26.7126464094692,final,21.2416985373258,32.1835942816126
local_ridge,1015,1999,35.3,35.4252033415949,35.4252033415949,final,29.9542554694516,40.8961512137383
local_ridge,1016,1999,31.6,30.0398312073839,30.0398312073839,final,24.5688833352405,35.5107790795273
local_ridge,1001,2000,31.5,33.2803215268256,33.3043596224035,final,27.8334117502601,38.7753074945469
local_ridge,1002,2000,23.2,27.488622512638,27.498533217201,final,22.0275853450576,32.9694810893444
local_ridge,1003,2000,22.1,25.6553959436681,25.6577614527546,final,20.1868135806112,31.1287093248979
local_ridge,1004,2000,26.2,29.4911610400973,29.4863177472263,final,24.0153698750829,34.9572656193697
local_ridge,1005,2000,20.8,24.8470532908058,24.8973803406022,final,19.4264324684588,30.3683282127456
local_ridge,1006,2000,29.0,30.3994153273792,30.3956262031928,final,24.9246783310494,35.8665740753362
local_ridge,1007,2000,23.6,25.953623774345,25.9362411209576,final,20.4652932488142,31.4071889931009
local_ridge,1008,2000,34.8,37.6860383949048,37.6671584777708,final,32.1962106056274,43.1381063499141
local_ridge,1009,2000,25.6,28.1897592618892,28.1720412204088,final,22.7010933482655,33.6429890925522
local_ridge,1010,2000,14.4,24.6990212552851,24.6649837382442,final,19.1940358661008,30.1359316103876
local_ridge,1011,2000,23.5,27.3436904445865,27.3532899715895,final,21.8823420994461,32.8242378437329
local_ridge,1012,2000,28.9,30.6683215728933,30.6769935639949,final,25.2060456918515,36.1479414361383
local_ridge,1013,2000,22.3,27.9072917675283,27.909481830855,final,22.4385339587116,33.3804297029984
local_ridge,1014,2000,21.1,25.1722438008293,25.183321850251,final,19.7123739781076,30.6542697223944
local_ridge,1015,2000,28.1,33.2424933578948,33.2389126274205,final,27.7679647552771,38.7098604995639
local_ridge,1016,2000,22.8,28.7391681910442,28.7837879581337,final,23.3128400859904,34.2547358302771
local_ridge,1001,2001,33.1,34.382929249421,34.3320132637614,final,28.8610653916181,39.8029611359048
local_ridge,1002,2001,33.4,32.6771680158623,32.5545163267923,final,27.0835684546489,38.0254641989357
local_ridge,1003,2001,27.0,27.7363155604614,27.6346336529216,final,22.1636857807782,33.105581525065
local_ridge,1004,2001,28.3,29.0770209969745,28.9828960280877,final,23.5119481559443,34.4538439002311
local_ridge,1005,2001,30.4,30.1184314042438,30.002688430734,final,24.5317405585906,35.4736363028774
local_ridge,1006,2001,27.3,30.4715934314746,30.4315711042337,final,24.9606232320903,35.9025189763771
local_ridge,1007,2001,28.2,27.5897782952775,27.5224662549877,final,22.0515183828443,32.9934141271311
local_ridge,1008,2001,40.8,40.3337524576085,40.2512137210299,final,34.7802658488865,45.7221615931732
local_ridge,1009,2001,25.8,27.9619007803877,27.8878354256451,final,22.4168875535018,33.3587832977885
local_ridge,1010,2001,26.9,26.8073126322703,26.5127676241689,final,21.0418197520256,31.9837154963123
local_ridge,1011,2001,29.2,29.968506780357,29.8585798460321,final,24.3876319738887,35.3295277181755
local_ridge,1012,2001,30.6,31.3584297342734,31.3078569391404,final,25.836909066997,36.7788048112838
local_ridge,1013,2001,23.9,27.529581944835,27.3692172113177,final,21.8982693391743,32.8401650834611
local_ridge,1014,2001,26.4,26.9592099785143,26.8427465735388,final,21.3717987013954,32.3136944456822
local_ridge,1015,2001,37.3,36.573424847786,36.4263530328808,final,30.9554051607374,41.8973009050241
local_ridge,1016,2001,32.0,32.4895317435021,32.3196755698343,final,26.8487276976909,37.7906234419777
local_ridge,1001,2002,34.3,34.4969263840772,34.4602354794954,final,28.989287607352,39.9311833516388
local_ridge,1002,2002,33.2,32.1301485064635,32.1508210099322,final,26.6798731377888,37.6217688820755
local_ridge,1003,2002,28.2,27.9134716296236,27.8924135050362,final,22.4214656328929,33.3633613771796
local_ridge,1004,2002,31.1,30.7403625366175,30.7181402642116,final,25.2471923920682,36.189088136355
local_ridge,1005,2002,25.5,26.6388487809711,26.6469014514397,final,21.1759535792964,32.1178493235831
local_ridge,1006,2002,31.5,31.4561487495724,31.3654433330273,final,25.8944954608839,36.8363912051707
local_ridge,1007,2002,27.9,27.8090931377098,27.8265450637235,final,22.3555971915801,33.2974929358669
local_ridge,1008,2002,36.5,38.3696702878409,38.383004650665,final,32.9120567785216,43.8539525228083
local_ridge,1009,2002,31.8,30.3611953990624,30.2993665060939,final,24.8284186339505,35.7703143782373
local_ridge,1010,2002,26.4,26.2846915098863,26.2873423056078,final,20.8163944334644,31.7582901777512
local_ridge,1011,2002,36.7,31.6300701559461,31.6080913843488,final,26.1371435122054,37.0790392564921
local_ridge,1012,2002,31.6,31.7927250075294,31.7710344326011,final,26.3000865604577,37.2419823047445
local_ridge,1013,2002,27.8,27.9593637665579,27.8555601898056,final,22.3846123176623,33.326508061949
local_ridge,1014,2002,28.1,28.0939115439964,28.0779185186817,final,22.6069706465384,33.5488663908251
local_ridge,1015,2002,35.5,35.1379629245514,35.158742480083,final,29.6877946079396,40.6296903522264
local_ridge,1016,2002,32.4,32.1316546095557,32.1176543344051,final,26.6467064622617,37.5886022065485
local_ridge,1001,2003,31.1,34.165164271244,34.1595323105018,final,28.6885844383584,39.6304801826452
local_ridge,1002,2003,27.2,29.0086900662513,29.0392870918346,final,23.5683392196912,34.510234963978
local_ridge,1003,2003,24.2,27.1507524973843,27.1589470140361,final,21.6879991418928,32.6298948861795
local_ridge,1004,2003,30.1,30.16780426501,30.1780896520327,final,24.7071417798893,35.6490375241761
local_ridge,1005,2003,17.5,24.542355653613,24.5097853525035,final,19.0388374803601,29.9807332246469
local_ridge,1006,2003,30.8,31.5305066232685,31.5317607392269,final,26.0608128670835,37.0027086113703
local_ridge,1007,2003,27.2,27.5608967761416,27.5634966506176,final,22.0925487784743,33.034444522761
local_ridge,1008,2003,36.1,39.2742924346015,39.2208211351034,final,33.74987326296,44.6917690072468
local_ridge,1009,2003,29.8,29.902415014167,29.9435638478605,final,24.4726159757171,35.4145117200039
local_ridge,1010,2003,25.2,26.2388745548803,26.2421722993273,final,20.7712244271839,31.7131201714707
local_ridge,1011,2003,26.6,29.2900654749,29.4350620226276,final,23.9641141504842,34.906009894771
local_ridge,1012,2003,32.2,32.6106549906093,32.6051431863808,final,27.1341953142375,38.0760910585242
local_ridge,1013,2003,26.9,27.8362734944235,27.8317157990126,final,22.3607679268693,33.302663671156
local_ridge,1014,2003,28.9,28.8322917595657,28.8324658852694,final,23.361518013126,34.3034137574127
local_ridge,1015,2003,25.9,33.0900081029948,33.1003621172917,final,27.6294142451483,38.5713099894351
local_ridge,1016,2003,23.5,29.6519085395307,29.6595830353147,final,24.1886351631713,35.1305309074581
local_ridge,1001,2004,40.1,38.0200498184761,37.9323882035783,final,32.4614403314349,43.4033360757216
local_ridge,1002,2004,36.0,33.0457982545296,32.9940709479233,final,27.52312307578,38.4650188200667
local_ridge,1003,2004,31.1,29.5008849171596,29.4164954012334,final,23.94554752909,34.8874432733768
local_ridge,1004,2004,31.3,30.7279576145497,30.7260184586541,final,25.2550705865107,36.1969663307975
local_ridge,1005,2004,35.3,32.9512939282789,32.7498873429704,final,27.2789394708271,38.2208352151138
local_ridge,1006,2004,33.9,32.586068397116,32.5651764041843,final,27.094228532041,38.0361242763277
local_ridge,1007,2004,29.9,28.9771183973622,28.9667969948504,final,23.4958491227071,34.4377448669938
local_ridge,1008,2004,45.4,43.4543051142246,43.3635225080244,final,37.892574635881,48.8344703801678
local_ridge,1009,2004,32.0,30.5739157547773,30.5709867549792,final,25.1000388828358,36.0419346271226
local_ridge,1010,2004,28.3,28.0182689908435,27.9885578846521,final,22.5176100125087,33.4595057567954
local_ridge,1011,2004,32.1,32.0144089005958,31.9374748563349,final,26.4665269841915,37.4084227284783
local_ridge,1012,2004,35.7,33.3560408047019,33.3442963510749,final,27.8733484789315,38.8152442232183
local_ridge,1013,2004,29.3,28.9034225960782,28.8766458104823,final,23.4056979383389,34.3475936826257
local_ridge,1014,2004,29.5,29.2552542801532,29.2571906898112,final,23.7862428176679,34.7281385619546
local_ridge,1015,2004,40.6,37.1630277066837,36.9573983616759,final,31.4864504895325,42.4283462338193
local_ridge,1016,2004,36.7,35.7604940570019,35.5845536539577,final,30.1136057818144,41.0555015261011
local_ridge,1001,2005,39.1,36.4874613163292,36.5469464778685,final,31.0759986057252,42.0178943500119
local_ridge,1002,2005,29.3,30.8278105739345,30.9122987360117,final,25.4413508638683,36.3832466081551
local_ridge,1003,2005,28.3,28.1342623856168,28.1799959901366,final,22.7090481179932,33.65094386228
local_ridge,1004,2005,30.1,30.501031585586,30.5173916090174,final,25.046443736874,35.9883394811608
local_ridge,1005,2005,31.1,30.2912157084743,30.3583871058115,final,24.8874392336681,35.8293349779549
local_ridge,1006,2005,33.2,32.203822321851,32.241399872671,final,26.7704520005276,37.7123477448143
local_ridge,1007,2005,28.6,28.3616230260644,28.3880168126571,final,22.9170689405137,33.8589646848005
local_ridge,1008,2005,43.1,41.6038395560366,41.6594851073651,final,36.1885372352217,47.1304329795084
local_ridge,1009,2005,28.6,29.0718851728635,29.112670213029,final,23.6417223408856,34.5836180851724
local_ridge,1010,2005,28.4,27.0799216276621,27.0879789430436,final,21.6170310709002,32.558926815187
local_ridge,1011,2005,29.6,30.652937808675,30.6553856559454,final,25.184437783802,36.1263335280888
local_ridge,1012,2005,33.1,32.5893749103569,32.6564105502546,final,27.1854626781112,38.127358422398
local_ridge,1013,2005,28.7,28.5533755604312,28.5647174046468,final,23.0937695325035,34.0356652767902
local_ridge,1014,2005,24.0,27.0472173451594,27.054216906404,final,21.5832690342606,32.5251647785474
local_ridge,1015,2005,35.7,35.7871330746305,35.8854281462578,final,30.4144802741144,41.3563760184012
local_ridge,1016,2005,32.3,33.7263249157417,33.7531941471698,final,28.2822462750265,39.2241420193132
local_ridge,1001,2006,26.9,34.6012020906544,34.6759189213777,final,29.2049710492343,40.1468667935211
local_ridge,1002,2006,27.9,29.9954152651781,29.9517209211504,final,24.480773049007,35.4226687932938
local_ridge,1003,2006,23.7,27.2018221570306,27.2065621401573,final,21.7356142680139,32.6775100123007
local_ridge,1004,2006,22.4,29.6611859431853,29.6497167124014,final,24.178768840258,35.1206645845448
local_ridge,1005,2006,19.6,28.7161916489856,28.7393223300275,final,23.2683744578841,34.2102702021708
local_ridge,1006,2006,26.6,30.933664824369,30.9621548289051,final,25.4912069567617,36.4331027010485
local_ridge,1007,2006,23.3,27.3733183619118,27.3801357813518,final,21.9091879092084,32.8510836534952
local_ridge,1008,2006,32.3,39.8314605424123,39.874249714234,final,34.4033018420906,45.3451975863774
local_ridge,1009,2006,25.0,28.5661882125113,28.5526926172874,final,23.081744745144,34.0236404894308
local_ridge,1010,2006,21.4,26.4415142492779,26.4792675935265,final,21.0083197213831,31.9502154656699
local_ridge,1011,2006,27.5,30.3103625830328,30.280249277341,final,24.8093014051976,35.7511971494844
local_ridge,1012,2006,25.5,31.8427291695857,31.8573327000997,final,26.3863848279563,37.3282805722431
local_ridge,1013,2006,21.1,28.5105349210594,28.5147282803768,final,23.0437804082334,33.9856761525202
local_ridge,1014,2006,23.8,27.9700585015672,27.8829101565576,final,22.4119622844143,33.353858028701
local_ridge,1015,2006,28.7,34.7689138210139,34.7664218743001,final,29.2954740021567,40.2373697464435
local_ridge,1016,2006,28.3,33.6559349423208,33.615143019142,final,28.1441951469986,39.0860908912854
local_ridge,1001,2007,34.3,35.5890190933472,35.3687699477289,final,29.8978220755855,40.8397178198722
local_ridge,1002,2007,34.5,32.8428877671163,32.7829603146955,final,27.3120124425521,38.2539081868388
local_ridge,1003,2007,31.3,30.2655048136424,30.1653550799886,final,24.6944072078452,35.636302952132
local_ridge,1004,2007,29.8,30.557688092556,30.3500231096953,final,24.879075237552,35.8209709818387
local_ridge,1005,2007,27.9,28.3763003699243,28.1155834846449,final,22.6446356125015,33.5865313567883
local_ridge,1006,2007,32.5,32.6423888743712,32.518449005799,final,27.0475011336556,37.9893968779423
local_ridge,1007,2007,28.1,27.8380323722814,27.7215382355892,final,22.2505903634458,33.1924861077326
local_ridge,1008,2007,41.3,41.7617879649787,41.5463933122741,final,36.0754454401307,47.0173411844175
local_ridge,1009,2007,30.6,30.3480520853199,30.2460615262262,final,24.7751136540828,35.7170093983695
local_ridge,1010,2007,28.0,27.6280573391692,27.4838734581393,final,22.0129255859959,32.9548213302827
local_ridge,1011,2007,32.2,32.6146024376028,32.5342279778101,final,27.0632801056667,38.0051758499535
local_ridge,1012,2007,31.3,31.8899864147285,31.7085886713573,final,26.2376407992139,37.1795365435007
local_ridge,1013,2007,29.0,29.1751156870938,28.963179424972,final,23.4922315528286,34.4341272971154
local_ridge,1014,2007,27.8,28.4251865987921,28.3059257598559,final,22.8349778877125,33.7768736319992
local_ridge,1015,2007,36.1,35.6924986637096,35.5189318532072,final,30.0479839810638,40.9898797253506
local_ridge,1016,2007,33.5,34.401284228192,34.2481081290393,final,28.7771602568959,39.7190560011827
local_ridge,1001,2008,35.3,37.5484048388812,37.5115397689021,final,32.0405918967587,42.9824876410454
local_ridge,1002,2008,25.4,30.370532818274,30.4179251018669,final,24.9469772297235,35.8888729740103
local_ridge,1003,2008,26.9,28.1278842136789,28.157470072907,final,22.6865222007636,33.6284179450504
local_ridge,1004,2008,33.4,32.5593555759909,32.5376862115117,final,27.0667383393683,38.0086340836551
local_ridge,1005,2008,19.7,26.9720591660276,26.9584372991685,final,21.4874894270251,32.4293851713119
local_ridge,1006,2008,33.9,33.5873982372026,33.5833260121711,final,28.1123781400278,39.0542738843145
local_ridge,1007,2008,27.4,27.9475164920836,27.9550085881883,final,22.4840607160449,33.4259564603317
local_ridge,1008,2008,43.9,43.2229082324097,43.2097014104686,final,37.7387535383252,48.680649282612
local_ridge,1009,2008,31.8,31.2136637501323,31.2208692892541,final,25.7499214171107,36.6918171613975
local_ridge,1010,2008,26.8,27.1287756255832,27.1394129328896,final,21.6684650607463,32.610360805033
local_ridge,1011,2008,26.8,30.6219985832718,30.6101412353437,final,25.1391933632003,36.0810891074871
local_ridge,1012,2008,33.6,33.5719013058836,33.5550280954106,final,28.0840802232673,39.025975967554
local_ridge,1013,2008,32.4,29.9176203276718,29.9126121380395,final,24.4416642658961,35.3835600101829
local_ridge,1014,2008,26.8,27.9415552430877,27.9236753312745,final,22.4527274591311,33.3946232034179
local_ridge,1015,2008,27.6,34.7476066393488,34.7592609006057,final,29.2883130284623,40.2302087727491
local_ridge,1016,2008,25.5,32.340377123131,32.3146010067686,final,26.8436531346252,37.785548878912
local_ridge,1001,2009,35.9,36.9940179639274,36.929715113679,final,31.4587672415356,42.4006629858224
local_ridge,1002,2009,33.8,33.8000665094891,33.6579126491429,final,28.1869647769995,39.1288605212863
local_ridge,1003,2009,32.2,30.8180099900705,30.7828933360991,final,25.3119454639557,36.2538412082425
local_ridge,1004,2009,31.1,31.5279105127509,31.5519523719278,final,26.0810044997844,37.0229002440712
local_ridge,1005,2009,35.4,33.3778333472741,33.1698573976302,final,27.6989095254868,38.6408052697735
local_ridge,1006,2009,31.9,31.9983439903363,32.0072841882904,final,26.536336316147,37.4782320604337
local_ridge,1007,2009,26.9,27.904486882965,27.8888282834147,final,22.4178804112713,33.3597761555581
local_ridge,1008,2009,44.9,43.3995181611305,43.4188825254936,final,37.9479346533502,48.8898303976369
local_ridge,1009,2009,30.4,29.7429376822128,29.7597065004516,final,24.2887586283082,35.230654372595
local_ridge,1010,2009,28.4,28.5591409401003,28.5497381806632,final,23.0787903085198,34.0206860528065
local_ridge,1011,2009,34.8,33.7894229201414,33.6801163583071,final,28.2091684861637,39.1510642304505
local_ridge,1012,2009,31.1,32.0033313589684,32.0041349625227,final,26.5331870903793,37.4750828346661
local_ridge,1013,2009,28.5,28.7041096002137,28.7751039716761,final,23.3041560995327,34.2460518438195
local_ridge,1014,2009,31.0,29.9105602327882,29.8779125287016,final,24.4069646565583,35.348860400845
local_ridge,1015,2009,39.8,37.9613175970705,37.7569009051046,final,32.2859530329612,43.227848777248
local_ridge,1016,2009,39.5,37.612133040541,37.4165029039283,final,31.9455550317849,42.8874507760717
local_ridge,1001,2010,39.1,39.7134409050865,39.682152734875,final,34.2112048627316,45.1531006070184
local_ridge,1002,2010,32.9,34.3997882837488,34.3997863816227,final,28.9288385094793,39.870734253766
local_ridge,1003,2010,31.9,31.1751370714937,31.2146610464988,final,25.7437131743554,36.6856089186422
local_ridge,1004,2010,30.5,31.9032767278685,31.8910387780362,final,26.4200909058928,37.3619866501795
local_ridge,1005,2010,35.0,35.1703915346886,35.2282241265772,final,29.7572762544338,40.6991719987206
local_ridge,1006,2010,30.6,31.8380181642589,31.8352055929755,final,26.3642577208321,37.3061534651189
local_ridge,1007,2010,29.0,29.4244261275785,29.395698485432,final,23.9247506132886,34.8666463575754
local_ridge,1008,2010,44.0,44.5129222094025,44.5558349701815,final,39.0848870980381,50.0267828423249
local_ridge,1009,2010,31.8,31.5766334559246,31.5954249916365,final,26.1244771194931,37.0663728637799
local_ridge,1010,2010,33.5,29.2918993283835,29.2873480056579,final,23.8164001335145,34.7582958778013
local_ridge,1011,2010,36.6,34.8576495493497,34.8865513669881,final,29.4156034948447,40.3574992391315
local_ridge,1012,2010,28.4,33.059705249238,33.0338705863268,final,27.5629227141834,38.5048184584701
local_ridge,1013,2010,24.7,29.7105951748375,29.7047577789959,final,24.2338099068525,35.1757056511393
local_ridge,1014,2010,44.8,31.7715564132673,31.8027136501644,final,26.331765778021,37.2736615223078
local_ridge,1015,2010,37.2,37.9691942908748,38.0217793579256,final,32.5508314857822,43.4927272300689
local_ridge,1016,2010,42.6,40.51789420156,40.5718859134989,final,35.1009380413555,46.0428337856423
local_ridge,1001,2011,39.3,38.1606993156222,38.143155322666,final,32.6722074505227,43.6141031948094
local_ridge,1002,2011,32.1,32.142133786732,32.0992408611581,final,26.6282929890147,37.5701887333015
local_ridge,1003,2011,32.3,30.6256353070446,30.6463658941419,final,25.1754180219985,36.1173137662853
local_ridge,1004,2011,31.2,32.0800236604766,32.0398908998061,final,26.5689430276628,37.5108387719495
local_ridge,1005,2011,23.8,26.0335754271305,26.0287023450462,final,20.5577544729028,31.4996502171896
local_ridge,1006,2011,34.2,33.7981178088625,33.7627113307921,final,28.2917634586487,39.2336592029355
local_ridge,1007,2011,28.3,28.1169384946609,28.1048001958762,final,22.6338523237329,33.5757480680196
local_ridge,1008,2011,45.8,44.0178932235762,44.0032239969984,final,38.532276124855,49.4741718691418
local_ridge,1009,2011,30.1,30.7731060902811,30.7794942216291,final,25.3085463494857,36.2504420937725
local_ridge,1010,2011,26.7,27.1047512838778,27.2251001030218,final,21.7541522308784,32.6960479751652
local_ridge,1011,2011,32.2,32.8207369012577,32.870566939946,final,27.3996190678026,38.3415148120894
local_ridge,1012,2011,35.2,34.0742171843976,33.9409527812698,final,28.4700049091264,39.4119006534132
local_ridge,1013,2011,28.9,29.147671864307,29.0043722477917,final,23.5334243756484,34.4753201199351
local_ridge,1014,2011,31.1,30.9231548045232,31.2957594362335,final,25.8248115640902,36.7667073083769
local_ridge,1015,2011,32.6,33.6786074421329,33.656609008202,final,28.1856611360586,39.1275568803454
local_ridge,1016,2011,32.5,33.7304037784893,33.7899505892074,final,28.319002717064,39.2608984613507
local_ridge,1001,2012,40.5,39.6905336328372,39.723116858077,final,34.2521689859336,45.1940647302203
local_ridge,1002,2012,36.5,35.301014653169,35.299809655505,final,29.8288617833616,40.7707575276484
local_ridge,1003,2012,31.8,30.9228095507699,30.9706952429951,final,25.4997473708517,36.4416431151385
local_ridge,1004,2012,32.8,32.6032668007191,32.5780987221435,final,27.1071508500001,38.0490465942869
local_ridge,1005,2012,34.3,33.2624128692496,33.1985341300984,final,27.727586257955,38.6694820022418
local_ridge,1006,2012,35.6,34.3269247552707,34.3384183127953,final,28.8674704406519,39.8093661849387
local_ridge,1007,2012,31.2,29.796957497544,29.8021929321777,final,24.3312450600344,35.2731408043211
local_ridge,1008,2012,46.5,45.4599263748145,45.5108934173992,final,40.0399455452558,50.9818412895426
local_ridge,1009,2012,31.9,30.9571889435403,30.9379385668394,final,25.4669906946961,36.4088864389828
local_ridge,1010,2012,29.5,28.854153278892,28.842577667265,final,23.3716297951216,34.3135255394084
local_ridge,1011,2012,34.8,33.8726643208995,33.8549116674116,final,28.3839637952682,39.325859539555
local_ridge,1012,2012,35.5,34.7966814348758,34.828878058256,final,29.3579301861126,40.2998259303994
local_ridge,1013,2012,29.8,29.6098345557878,29.6027513088005,final,24.1318034366571,35.0736991809439
local_ridge,1014,2012,33.7,31.3349642308469,31.3400218832435,final,25.8690740111001,36.8109697553869
local_ridge,1015,2012,38.6,37.9403497261914,37.9095022864293,final,32.4385544142859,43.3804501585727
local_ridge,1016,2012,37.2,36.9086092165274,36.8734205047149,final,31.4024726325715,42.3443683768583
local_ridge,1001,2013,40.0,39.8876886521929,39.9108388401345,final,34.4398909679911,45.3817867122779
local_ridge,1002,2013,37.9,34.7372653456461,34.7715555116669,final,29.3006076395235,40.2425033838103
local_ridge,1003,2013,30.2,30.6499751057325,30.675062156392,final,25.2041142842487,36.1460100285354
local_ridge,1004,2013,32.3,32.485501174854,32.4911276106424,final,27.020179738499,37.9620754827857
local_ridge,1005,2013,40.1,34.8931160937989,34.9227903805352,final,29.4518425083918,40.3937382526786
local_ridge,1006,2013,31.5,32.2336307873699,32.2700398741149,final,26.7990920019715,37.7409877462583
local_ridge,1007,2013,32.0,29.9569542806317,29.9970803426146,final,24.5261324704712,35.468028214758
local_ridge,1008,2013,42.3,44.1379246010095,44.1676699997967,final,38.6967221276533,49.6386178719401
local_ridge,1009,2013,29.2,30.3057929590301,30.3327567144569,final,24.8618088423135,35.8037045866003
local_ridge,1010,2013,29.6,28.8283326272573,28.8468034045268,final,23.3758555323834,34.3177512766702
local_ridge,1011,2013,37.4,34.5607943494556,34.5873155196079,final,29.1163676474645,40.0582633917512
local_ridge,1012,2013,32.8,32.996731015423,33.0168454483703,final,27.5458975762269,38.4877933205136
local_ridge,1013,2013,29.7,29.6046690962527,29.6101076987099,final,24.1391598265666,35.0810555708533
local_ridge,1014,2013,35.6,31.7746945099546,31.8423329255398,final,26.3713850533964,37.3132807976831
local_ridge,1015,2013,39.2,37.9005457566883,37.9194113061834,final,32.4484634340401,43.3903591783268
local_ridge,1016,2013,42.2,38.1971281190606,38.2054616974222,final,32.7345138252788,43.6764095695656
local_ridge,1001,2014,46.4,42.8069834199873,42.8101954482014,final,37.339247576058,48.2811433203448
local_ridge,1002,2014,40.2,35.8632437854211,35.9536958469616,final,30.4827479748182,41.4246437191049
local_ridge,1003,2014,36.3,32.3202598850899,32.3073909028946,final,26.8364430307512,37.778338775038
local_ridge,1004,2014,35.6,34.4138443572464,34.4085391497227,final,28.9375912775793,39.8794870218661
local_ridge,1005,2014,44.1,33.748501234731,33.8974145755544,final,28.426466703411,39.3683624476977
local_ridge,1006,2014,37.9,34.9726296997105,34.9516483578089,final,29.4807004856655,40.4225962299523
local_ridge,1007,2014,33.3,30.0802184507083,30.1386481697124,final,24.667700297569,35.6095960418557
local_ridge,1008,2014,52.1,48.3004282957612,48.2478649013303,final,42.7769170291869,53.7188127734737
local_ridge,1009,2014,34.9,33.0637344757065,33.0321095486379,final,27.5611616764945,38.5030574207813
local_ridge,1010,2014,31.7,29.6095523379121,29.6316215003036,final,24.1606736281602,35.1025693724469
local_ridge,1011,2014,40.6,36.0754974671033,36.1566968190235,final,30.6857489468801,41.6276446911669
local_ridge,1012,2014,38.7,35.0654728260597,35.0598464527282,final,29.5888985805848,40.5307943248716
local_ridge,1013,2014,34.5,30.5925946196422,30.595321018697,final,25.1243731465536,36.0662688908404
local_ridge,1014,2014,37.4,31.7550836161226,31.864484753243,final,26.3935368810996,37.3354326253864
local_ridge,1015,2014,43.6,38.4495076035623,38.4866711117381,final,33.0157232395947,43.9576189838815
local_ridge,1016,2014,49.7,40.5860801856868,40.7005596009026,final,35.2296117287592,46.171507473046
local_ridge,1001,2015,42.9,41.4611259227929,41.5638837549631,final,36.0929358828197,47.0348316271065
local_ridge,1002,2015,32.0,34.0467588515823,34.1707871318134,final,28.69983925967,39.6417350039568
local_ridge,1003,2015,30.4,31.4658644345686,31.5796822969976,final,26.1087344248542,37.050630169141
local_ridge,1004,2015,34.2,33.8107357671691,33.8446590123731,final,28.3737111402297,39.3156068845165
local_ridge,1005,2015,34.2,33.412181311908,33.7082271411282,final,28.2372792689848,39.1791750132715
local_ridge,1006,2015,33.7,34.2199953208053,34.3037161217864,final,28.8327682496431,39.7746639939298
local_ridge,1007,2015,26.7,29.0526965920745,29.1447801560378,final,23.6738322838944,34.6157280281812
local_ridge,1008,2015,43.8,45.7781065578932,45.8867717262297,final,40.4158238540863,51.3577195983731
local_ridge,1009,2015,32.0,32.320752314103,32.3732682600675,final,26.9023203879241,37.8442161322109
local_ridge,1010,2015,26.8,28.0210560459961,28.0808414283449,final,22.6098935562015,33.5517893004883
local_ridge,1011,2015,36.8,35.6717557353364,35.8011534326683,final,30.330205560525,41.2721013048117
local_ridge,1012,2015,33.2,33.9964559929207,34.1004009998643,final,28.6294531277209,39.5713488720077
local_ridge,1013,2015,31.7,30.8012774856854,30.913026623869,final,25.4420787517256,36.3839744960123
local_ridge,1014,2015,31.4,30.9207891099836,31.0822298819567,final,25.6112820098134,36.5531777541001
local_ridge,1015,2015,37.3,37.7796323379938,37.9269329199648,final,32.4559850478214,43.3978807921082
local_ridge,1016,2015,45.5,41.2076343400472,41.468286252399,final,35.9973383802556,46.9392341245424
local_ridge,1001,2016,44.6,43.0381001607304,43.079250981398,final,37.6083031092546,48.5501988535413
local_ridge,1002,2016,36.0,34.9127482149548,34.8542123028932,final,29.3832644307498,40.3251601750365
local_ridge,1003,2016,31.0,31.1201420861891,31.0896590877824,final,25.618711215639,36.5606069599258
local_ridge,1004,2016,38.1,36.0172048818605,36.0283375743534,final,30.55738970221,41.4992854464967
local_ridge,1005,2016,35.8,34.9148763892973,34.9374074683304,final,29.466459596187,40.4083553404738
local_ridge,1006,2016,36.7,36.0792450524582,36.0643735397015,final,30.5934256675582,41.5353214118449
local_ridge,1007,2016,31.0,30.6627489932818,30.5954634697748,final,25.1245155976314,36.0664113419181
local_ridge,1008,2016,52.4,50.126862395427,50.0702898923048,final,44.5993420201614,55.5412377644482
local_ridge,1009,2016,34.0,33.625006811779,33.6158335135971,final,28.1448856414537,39.0867813857405
local_ridge,1010,2016,28.5,28.4973913843071,28.4624700112906,final,22.9915221391473,33.933417883434
local_ridge,1011,2016,36.0,35.5200446663521,35.5523116855026,final,30.0813638133592,41.0232595576459
local_ridge,1012,2016,37.7,36.4452409883221,36.4224628882413,final,30.9515150160979,41.8934107603847
local_ridge,1013,2016,30.9,30.8316232634748,30.8573261165613,final,25.386378244418,36.3282739887047
local_ridge,1014,2016,33.1,31.8366129714274,31.850318077183,final,26.3793702050396,37.3212659493263
local_ridge,1015,2016,38.0,37.9240871819108,37.9103700230296,final,32.4394221508862,43.381317895173
local_ridge,1016,2016,41.2,39.9389821817718,40.061740922311,final,34.5907930501676,45.5326887944544
local_ridge,1001,2017,45.3,42.648108253148,42.6927775269952,final,37.2218296548519,48.1637253991386
local_ridge,1002,2017,40.1,36.7136605019515,36.7447551640457,final,31.2738072919023,42.2157030361891
local_ridge,1003,2017,34.1,32.1161753905709,32.1127394085613,final,26.6417915364179,37.5836872807047
local_ridge,1004,2017,40.3,34.8105958717266,34.8701623965195,final,29.3992145243761,40.3411102686629
local_ridge,1005,2017,39.2,35.647009411029,35.6723233447148,final,30.2013754725714,41.1432712168582
local_ridge,1006,2017,37.7,35.4522198884642,35.4699730580635,final,29.9990251859201,40.9409209302069
local_ridge,1007,2017,32.0,30.4035572664667,30.4132024160439,final,24.9422545439005,35.8841502881873
local_ridge,1008,2017,51.3,47.8373341990144,47.9023443895517,final,42.4313965174083,53.3732922616951
local_ridge,1009,2017,35.4,33.4899022500357,33.5006268003522,final,28.0296789282088,38.9715746724955
local_ridge,1010,2017,31.0,29.4774073586357,29.4774819632715,final,24.0065340911282,34.9484298354149
local_ridge,1011,2017,38.6,36.9531438107376,36.966870207075,final,31.4959223349317,42.4378180792184
local_ridge,1012,2017,39.6,35.4773592738361,35.5132445287646,final,30.0422966566212,40.984192400908
local_ridge,1013,2017,33.1,31.304153865234,31.3061093934259,final,25.8351615212825,36.7770572655692
local_ridge,1014,2017,31.6,31.8983440612517,31.9344760715993,final,26.4635281994559,37.4054239437427
local_ridge,1015,2017,42.1,38.7038819785354,38.706053033538,final,33.2351051613947,44.1770009056814
local_ridge,1016,2017,44.2,42.1492909271077,42.1853551796497,final,36.7144073075063,47.6563030517931
local_ridge,1001,2018,38.0,40.0026946072291,40.0785369088128,final,34.6075890366694,45.5494847809562
local_ridge,1002,2018,30.0,32.4980538241461,32.5949008322416,final,27.1239529600982,38.065848704385
local_ridge,1003,2018,28.1,29.9636812953572,30.020417330867,final,24.5494694587236,35.4913652030104
local_ridge,1004,2018,36.9,35.4810341185198,35.6380273456776,final,30.1670794735342,41.108975217821
local_ridge,1005,2018,22.2,28.6726806429806,28.774293759011,final,23.3033458868676,34.2452416311544
local_ridge,1006,2018,34.9,35.0256618537188,35.0899468371897,final,29.6189989650463,40.5608947093331
local_ridge,1007,2018,27.7,28.6512841949768,28.6969413721227,final,23.2259934999793,34.1678892442661
local_ridge,1008,2018,44.3,45.702273958932,45.8013038474158,final,40.3303559752724,51.2722517195592
local_ridge,1009,2018,31.1,31.8675068625551,31.9221343599932,final,26.4511864878498,37.3930822321366
local_ridge,1010,2018,24.7,27.7484914549026,27.7920365696052,final,22.3210886974618,33.2629844417485
local_ridge,1011,2018,28.7,33.8231822710526,33.8702812387685,final,28.3993333666252,39.3412291109119
local_ridge,1012,2018,34.7,34.8207966855683,34.9387014083558,final,29.4677535362124,40.4096492804992
local_ridge,1013,2018,29.7,30.1595434881268,30.2109034670221,final,24.7399555948787,35.6818513391655
local_ridge,1014,2018,27.0,30.1223015053063,30.113769067926,final,24.6428211957827,35.5847169400694
local_ridge,1015,2018,28.4,35.2404213038206,35.3375479710398,final,29.8666000988964,40.8084958431832
local_ridge,1016,2018,30.0,36.5391517803158,36.5978006660221,final,31.1268527938788,42.0687485381655
local_ridge,1001,2019,39.5,43.5653484592907,43.5080727546689,final,38.0371248825255,48.9790206268123
local_ridge,1002,2019,33.9,34.7612450973586,34.6898024558073,final,29.2188545836639,40.1607503279507
local_ridge,1003,2019,28.2,32.0909033466228,32.0376033282393,final,26.5666554560959,37.5085512003827
local_ridge,1004,2019,37.6,35.8275494451356,35.8681309049361,final,30.3971830327928,41.3390787770795
local_ridge,1005,2019,30.9,31.4420891703734,31.2569749031855,final,25.7860270310421,36.7279227753289
local_ridge,1006,2019,34.4,36.1862148699108,36.1826210263013,final,30.711673154158,41.6535688984447
local_ridge,1007,2019,29.5,29.8507922660833,29.8235861846538,final,24.3526383125104,35.2945340567971
local_ridge,1008,2019,44.0,50.2843714478151,50.2442673656547,final,44.7733194935113,55.7152152377981
local_ridge,1009,2019,31.9,33.9124159306051,33.8904657559773,final,28.4195178838339,39.3614136281207
local_ridge,1010,2019,27.5,28.5955038746545,28.5083190909722,final,23.0373712188289,33.9792669631156
local_ridge,1011,2019,33.0,36.3774521045595,36.2309325736131,final,30.7599847014697,41.7018804457564
local_ridge,1012,2019,33.4,36.1506032465975,36.1471485434905,final,30.6762006713471,41.6180964156339
local_ridge,1013,2019,28.4,31.4983371506842,31.4851945192556,final,26.0142466471122,36.956142391399
local_ridge,1014,2019,31.7,32.1762915718602,32.0869958709019,final,26.6160479987585,37.5579437430453
local_ridge,1015,2019,32.8,36.5607896452488,36.3651582450984,final,30.894210372955,41.8361061172418
local_ridge,1016,2019,40.3,40.1167064843999,39.9296911878619,final,34.4587433157185,45.4006390600052
pcr,1001,1999,35.1,32.3515753660745,32.3515753660745,final,24.3737154453812,40.3294352867678
pcr,1002,1999,31.2,29.9188458108641,29.9188458108641,final,21.9409858901708,37.8967057315574
pcr,1003,1999,27.9,26.8093340402218,26.8093340402218,final,18.8314741195285,34.7871939609151
pcr,1004,1999,28.6,27.5040075711101,27.5040075711101,final,19.5261476504169,35.4818674918034
pcr,1005,1999,30.0,26.4454671707644,26.4454671707644,final,18.4676072500711,34.4233270914577
pcr,1006,1999,30.1,29.7246560417864,29.7246560417864,final,21.7467961210931,37.7025159624796
pcr,1007,1999,26.0,26.5711603423724,26.5711603423724,final,18.5933004216791,34.5490202630657
pcr,1008,1999,37.1,36.9617636951252,36.9617636951252,final,28.9839037744319,44.9396236158185
pcr,1009,1999,27.8,27.6915034086649,27.6915034086649,final,19.7136434879716,35.6693633293582
pcr,1010,1999,24.0,25.648985190352,25.648985190352,final,17.6711252696587,33.6268451110453
pcr,1011,1999,28.9,27.4356503555351,27.4356503555351,final,19.4577904348418,35.4135102762284
pcr,1012,1999,31.9,30.6454055791444,30.6454055791444,final,22.6675456584511,38.6232654998377
pcr,1013,1999,27.9,25.9990612664118,25.9990612664118,final,18.0212013457186,33.9769211871051
pcr,1014,1999,27.1,26.1283652387816,26.1283652387816,final,18.1505053180883,34.1062251594749
pcr,1015,1999,35.3,34.3819214626171,34.3819214626171,final,26.4040615419238,42.3597813833104
pcr,1016,1999,31.6,29.0568170401295,29.0568170401295,final,21.0789571194362,37.0346769608228
pcr,1001,2000,31.5,32.1289685669054,31.640782042629,final,23.6629221219357,39.6186419633223
pcr,1002,2000,23.2,29.1112249026309,28.8836610091422,final,20.9058010884489,36.8615209298354
pcr,1003,2000,22.1,25.9453997706151,25.7516711824347,final,17.7738112617415,33.729531103128
pcr,1004,2000,26.2,27.1502938700651,26.9556191724625,final,18.9777592517692,34.9334790931558
pcr,1005,2000,20.8,25.932853865965,25.3014830778011,final,17.3236231571078,33.2793429984944
pcr,1006,2000,29.0,29.4095381122829,29.3428679696468,final,21.3650080489535,37.3207278903401
pcr,1007,2000,23.6,25.7570555375427,25.8585073943284,final,17.8806474736351,33.8363673150217
pcr,1008,2000,34.8,36.77782558102,36.753271478145,final,28.7754115574517,44.7311313988383
pcr,1009,2000,25.6,27.3060082336111,27.2867366213697,final,19.3088767006764,35.264596542063
pcr,1010,2000,14.4,24.7084289468872,25.0013285005894,final,17.0234685798961,32.9791884212827
pcr,1011,2000,23.5,26.8021267556872,26.5420229295052,final,18.564163008812,34.5198828501985
pcr,1012,2000,28.9,30.2004345146785,29.977588276825,final,21.9997283561318,37.9554481975183
pcr,1013,2000,22.3,25.4754583375136,25.1378057558282,final,17.1599458351349,33.1156656765215
pcr,1014,2000,21.1,25.4149792345914,25.2423934590565,final,17.2645335383632,33.2202533797498
pcr,1015,2000,28.1,33.4533961083215,33.2903232102528,final,25.3124632895595,41.2681831309461
pcr,1016,2000,22.8,28.828782394974,28.37705174373,final,20.3991918230368,36.3549116644233
pcr,1001,2001,33.1,33.7465948072478,33.8583147994086,final,25.8804548787153,41.8361747201019
pcr,1002,2001,33.4,30.6583467153048,31.7083228739414,final,23.7304629532481,39.6861827946347
pcr,1003,2001,27.0,27.4288057816984,28.1118415561917,final,20.1339816354984,36.089701476885
pcr,1004,2001,28.3,28.1353988555322,28.3041939739217,final,20.3263340532284,36.282053894615
pcr,1005,2001,30.4,27.7368589239247,28.6485776072437,final,20.6707176865504,36.626437527937
pcr,1006,2001,27.3,30.2180658130844,30.2908096624613,final,22.312949741768,38.2686695831546
pcr,1007,2001,28.2,27.1832689526792,27.5664140578953,final,19.588554137202,35.5442739785886
pcr,1008,2001,40.8,38.525981461484,38.8772910022678,final,30.8994310815745,46.855150922961
pcr,1009,2001,25.8,27.9255545119835,28.2285827339231,final,20.2507228132298,36.2064426546163
pcr,1010,2001,26.9,25.7886508118733,27.619676496992,final,19.6418165762987,35.5975364176853
pcr,1011,2001,29.2,28.5801584506958,29.1666958305753,final,21.188835909882,37.1445557512686
pcr,1012,2001,30.6,31.3822203864876,31.6132089309554,final,23.6353490102621,39.5910688516487
pcr,1013,2001,23.9,26.4753722831539,27.0394102959267,final,19.0615503752334,35.01727021662
pcr,1014,2001,26.4,26.7233855048487,27.4898299213547,final,19.5119700006614,35.467689842048
pcr,1015,2001,37.3,34.9165647215392,35.8674570279669,final,27.8895971072736,43.8453169486601
pcr,1016,2001,32.0,30.8378254891811,31.908682694684,final,23.9308227739907,39.8865426153773
pcr,1001,2002,34.3,33.3073575004764,33.4222083381778,final,25.4443484174845,41.4000682588711
pcr,1002,2002,33.2,29.7898561312388,29.3028723619533,final,21.32501244126,37.2807322826466
pcr,1003,2002,28.2,26.5825507747436,26.6587170270661,final,18.6808571063729,34.6365769477594
pcr,1004,2002,31.1,27.822167076323,27.7929299418505,final,19.8150700211572,35.7707898625438
pcr,1005,2002,25.5,27.3218223315434,26.8487842247171,final,18.8709243040238,34.8266441454104
pcr,1006,2002,31.5,29.8256682253799,30.3439871158872,final,22.3661271951939,38.3218470365805
pcr,1007,2002,27.9,26.5268051186524,26.3462091546996,final,18.3683492340063,34.3240690753929
pcr,1008,2002,36.5,38.1064934295883,37.7025728735159,final,29.7247129528227,45.6804327942092
pcr,1009,2002,31.8,27.623021045349,28.0005708084229,final,20.0227108877296,35.9784307291162
pcr,1010,2002,26.4,24.8803663410853,24.6829639125406,final,16.7051039918473,32.6608238332339
pcr,1011,2002,36.7,27.9628506963443,27.8527518827106,final,19.8748919620173,35.8306118034039
pcr,1012,2002,31.6,30.6026398901427,30.7415811028592,final,22.7637211821659,38.7194410235525
pcr,1013,2002,27.8,25.966297910644,26.4237461623121,final,18.4458862416188,34.4016060830053
pcr,1014,2002,28.1,25.8845821115077,25.9420231792615,final,17.9641632585682,33.9198830999548
pcr,1015,2002,35.5,34.0733932643996,33.650037655493,final,25.6721777347997,41.6278975761863
pcr,1016,2002,32.4,30.4254087926034,30.2189785605221,final,22.2411186398288,38.1968384812153
pcr,1001,2003,31.1,34.3521167044911,34.1757994477944,final,26.1979395271011,42.1536593684876
pcr,1002,2003,27.2,31.0379359838174,30.4322121586038,final,22.4543522379105,38.4100720792971
pcr,1003,2003,24.2,27.6199088884734,27.332610883018,final,19.3547509623247,35.3104708037112
pcr,1004,2003,30.1,29.450264146174,28.8680419369796,final,20.8901820162863,36.8459018576729
pcr,1005,2003,17.5,28.2627353519675,28.5863349518645,final,20.6084750311712,36.5641948725577
pcr,1006,2003,30.8,30.9844371446972,30.6870354261098,final,22.7091755054165,38.6648953468031
pcr,1007,2003,27.2,26.9051635308869,26.6612509898609,final,18.6833910691676,34.6391109105542
pcr,1008,2003,36.1,39.4429451243581,39.7282971161802,final,31.7504371954869,47.7061570368735
pcr,1009,2003,29.8,28.8246919993613,28.0827597620076,final,20.1048998413143,36.0606196827008
pcr,1010,2003,25.2,26.6508868861173,26.3809632851709,final,18.4031033644777,34.3588232058642
pcr,1011,2003,26.6,29.4766015393749,27.9246730280433,final,19.94681310735,35.9025329487366
pcr,1012,2003,32.2,31.5418157587096,31.3646605405991,final,23.3868006199059,39.3425204612924
pcr,1013,2003,26.9,27.0135103593624,26.6878006278635,final,18.7099407071702,34.6656605485568
pcr,1014,2003,28.9,27.6902664872703,27.2967548204585,final,19.3188948997652,35.2746147411518
pcr,1015,2003,25.9,34.8989890753693,34.6455893003981,final,26.6677293797048,42.6234492210914
pcr,1016,2003,23.5,31.7479775847622,31.3972425467675,final,23.4193826260742,39.3751024674607
pcr,1001,2004,40.1,35.9034278989848,36.4810822872148,final,28.5032223665215,44.4589422079081
pcr,1002,2004,36.0,32.1862862477076,32.8679962735921,final,24.8901363528988,40.8458561942854
pcr,1003,2004,31.1,28.8617468943895,29.4692052226978,final,21.4913453020045,37.4470651433911
pcr,1004,2004,31.3,30.5845053488166,30.4690965854611,final,22.4912366647678,38.4469565061544
pcr,1005,2004,35.3,29.8469405925003,31.7586620558896,final,23.7808021351963,39.7365219765829
pcr,1006,2004,33.9,32.0927914890672,32.1255519757495,final,24.1476920550563,40.1034118964428
pcr,1007,2004,29.9,28.1221504734925,28.0697804032677,final,20.0919204825744,36.0476403239609
pcr,1008,2004,45.4,41.0708719973166,41.6646597042678,final,33.6867997835745,49.6425196249611
pcr,1009,2004,32.0,29.9273656129666,29.754127381489,final,21.7762674607957,37.7319873021823
pcr,1010,2004,28.3,27.3888306259074,27.6465431414004,final,19.6686832207071,35.6244030620936
pcr,1011,2004,32.1,30.7350944021937,31.2460482373111,final,23.2681883166178,39.2239081580044
pcr,1012,2004,35.7,32.8327973368632,32.7158879360658,final,24.7380280153725,40.6937478567591
pcr,1013,2004,29.3,28.1826372391519,28.2027994175586,final,20.2249394968653,36.1806593382519
pcr,1014,2004,29.5,28.6908339229166,28.4759560646736,final,20.4980961439803,36.4538159853669
pcr,1015,2004,40.6,36.085527451965,37.6839650239754,final,29.7061051032821,45.6618249446686
pcr,1016,2004,36.7,33.4006549044149,34.8656947165721,final,26.8878347958788,42.8435546372653
pcr,1001,2005,39.1,35.8629542293945,35.1175417765365,final,27.1396818558432,43.0954016972298
pcr,1002,2005,29.3,31.9159587349696,31.2385511617966,final,23.2606912411033,39.2164110824898
pcr,1003,2005,28.3,28.3418835570283,27.9443158047272,final,19.9664558840339,35.9221757254205
pcr,1004,2005,30.1,30.3440384822169,30.2169493699349,final,22.2390894492417,38.1948092906282
pcr,1005,2005,31.1,29.9100491915189,28.9414542786515,final,20.9635943579582,36.9193141993448
pcr,1006,2005,33.2,31.7501407221518,31.4291368893726,final,23.4512769686793,39.4069968100659
pcr,1007,2005,28.6,27.8904547044085,27.5746657355866,final,19.5968058148933,35.5525256562799
pcr,1008,2005,43.1,40.9453836909648,40.1764261118883,final,32.198566191195,48.1542860325816
pcr,1009,2005,28.6,29.5551865096682,29.1870366375517,final,21.2091767168584,37.164896558245
pcr,1010,2005,28.4,26.8077504594426,26.6459047954667,final,18.6680448747734,34.62376471616
pcr,1011,2005,29.6,30.7186500611516,30.4762098968723,final,22.498349976179,38.4540698175655
pcr,1012,2005,33.1,32.3376289483943,31.8283445804568,final,23.8504846597635,39.8062045011501
pcr,1013,2005,28.7,27.6988071789322,27.500336594787,final,19.5224766740937,35.4781965154803
pcr,1014,2005,24.0,28.3190618995707,28.1753344821049,final,20.1974745614116,36.1531944027981
pcr,1015,2005,35.7,35.7396296287249,34.9377503867176,final,26.9598904660243,42.9156103074109
pcr,1016,2005,32.3,33.7363923394168,33.1503490494825,final,25.1724891287893,41.1282089701758
pcr,1001,2006,26.9,37.1558653392294,36.5808879124632,final,28.6030279917699,44.5587478331564
pcr,1002,2006,27.9,32.8691615623886,33.3338189470996,final,25.3559590264063,41.3116788677929
pcr,1003,2006,23.7,29.4342402852334,29.4416798154565,final,21.4638198947632,37.4195397361498
pcr,1004,2006,22.4,31.5064635887699,31.5498107109549,final,23.5719507902616,39.5276706316482
pcr,1005,2006,19.6,31.0577110732392,30.8463471005541,final,22.8684871798608,38.8242070212474
pcr,1006,2006,26.6,32.8692273073344,32.6116973198624,final,24.6338373991691,40.5895572405557
pcr,1007,2006,23.3,28.6623483789398,28.5363160157468,final,20.5584560950536,36.5141759364401
pcr,1008,2006,32.3,42.5361911959522,42.1534793565685,final,34.1756194358752,50.1313392772618
pcr,1009,2006,25.0,30.5412859459592,30.7109501151836,final,22.7330901944903,38.6888100358768
pcr,1010,2006,21.4,27.5748757516349,27.2920538181569,final,19.3141938974636,35.2699137388502
pcr,1011,2006,27.5,31.8302145041501,32.028913743887,final,24.0510538231937,40.0067736645803
pcr,1012,2006,25.5,33.5871440883656,33.451728596415,final,25.4738686757217,41.4295885171083
pcr,1013,2006,21.1,28.7823130217718,28.6044770216813,final,20.626617100988,36.5823369423746
pcr,1014,2006,23.8,29.2599755891817,30.0271451854876,final,22.0492852647943,38.0050051061809
pcr,1015,2006,28.7,36.6180224347749,36.6250616129524,final,28.6472016922591,44.6029215336457
pcr,1016,2006,28.3,35.02290421925,35.2780421535493,final,27.300182232856,43.2559020742426
pcr,1001,2007,34.3,35.2105543606809,37.0322434809147,final,29.0543835602214,45.010103401608
pcr,1002,2007,34.5,30.866389607971,31.7490325888867,final,23.7711726681935,39.72689250958
pcr,1003,2007,31.3,27.3856719583764,28.4042113789809,final,20.4263514582876,36.3820712996742
pcr,1004,2007,29.8,29.7156065435012,31.3331341820528,final,23.3552742613595,39.3109941027461
pcr,1005,2007,27.9,29.2620125724446,31.2971784911179,final,23.3193185704246,39.2750384118112
pcr,1006,2007,32.5,30.7617805013777,31.8753465243596,final,23.8974866036663,39.8532064450529
pcr,1007,2007,28.1,26.4615710134636,27.4140534591382,final,19.4361935384449,35.3919133798315
pcr,1008,2007,41.3,40.6216728586482,42.4398673763719,final,34.4620074556786,50.4177272970652
pcr,1009,2007,30.6,28.559692752219,29.543958826896,final,21.5660989062027,37.5218187475893
pcr,1010,2007,28.0,25.6682797318583,26.765086642195,final,18.7872267215017,34.7429465628883
pcr,1011,2007,32.2,30.1845931936792,30.9537437616294,final,22.9758838409361,38.9316036823227
pcr,1012,2007,31.3,31.2896926830061,32.7261645858876,final,24.7483046651943,40.7040245065809
pcr,1013,2007,29.0,26.6828151080842,28.0473792464667,final,20.0695193257734,36.02523916716
pcr,1014,2007,27.8,27.5601897728249,28.5300131664208,final,20.5521532457276,36.5078730871141
pcr,1015,2007,36.1,34.5220402171633,35.928472034089,final,27.9506121133957,43.9063319547822
pcr,1016,2007,33.5,33.5098261171185,34.7039761051976,final,26.7261161845043,42.6818360258909
pcr,1001,2008,35.3,37.6217383354301,37.7834747581861,final,29.8056148374928,45.7613346788793
pcr,1002,2008,25.4,32.7839456671789,32.1385287960146,final,24.1606688753213,40.1163887167079
pcr,1003,2008,26.9,29.3095306554265,28.6142515570186,final,20.6363916363253,36.5921114777119
pcr,1004,2008,33.4,31.8284326425526,31.8134423285773,final,23.835582407884,39.7913022492706
pcr,1005,2008,19.7,31.4879933230867,31.7299196162639,final,23.7520596955706,39.7077795369572
pcr,1006,2008,33.9,32.4350887671085,32.1263390473646,final,24.1484791266713,40.1041989680579
pcr,1007,2008,27.4,28.3039661745207,28.0129416572981,final,20.0350817366048,35.9908015779914
pcr,1008,2008,43.9,42.9286763368116,42.8081890709898,final,34.8303291502965,50.7860489916831
pcr,1009,2008,31.8,30.3354860022044,29.9730782099531,final,21.9952182892598,37.9509381306464
pcr,1010,2008,26.8,27.4152256489323,27.0010558735498,final,19.0231959528565,34.9789157942431
pcr,1011,2008,26.8,32.1630922699321,31.8051073968394,final,23.8272474761461,39.7829673175327
pcr,1012,2008,33.6,33.2712056497107,33.2693748215352,final,25.2915149008419,41.2472347422285
pcr,1013,2008,32.4,28.549096988714,28.1375090468338,final,20.1596491261406,36.1153689675271
pcr,1014,2008,26.8,29.3918989922008,29.3493029101232,final,21.37144298943,37.3271628308165
pcr,1015,2008,27.6,36.3751263695241,36.0948426417762,final,28.1169827210829,44.0727025624694
pcr,1016,2008,25.5,35.9335379399906,35.9352832954586,final,27.9574233747653,43.9131432161518
pcr,1001,2009,35.9,38.3994305138476,38.8118272571535,final,30.8339673364602,46.7896871778468
pcr,1002,2009,33.8,33.2988939518491,34.6104608495584,final,26.6326009288651,42.5883207702517
pcr,1003,2009,32.2,29.6385652514799,30.0665560289203,final,22.088696108227,38.0444159496135
pcr,1004,2009,31.1,32.3246822308708,32.0455339520975,final,24.0676740314042,40.0233938727907
pcr,1005,2009,35.4,32.470220877172,34.5640528919037,final,26.5861929712105,42.541912812597
pcr,1006,2009,31.9,33.092319191203,32.8321156133675,final,24.8542556926742,40.8099755340608
pcr,1007,2009,26.9,28.9662878711417,29.1268540730871,final,21.1489941523938,37.1047139937804
pcr,1008,2009,44.9,43.6457089675501,43.4731784505309,final,35.4953185298376,51.4510383712242
pcr,1009,2009,30.4,30.6665006871877,30.406367667889,final,22.4285077471957,38.3842275885823
pcr,1010,2009,28.4,27.780267628461,27.8895465468241,final,19.9116866261308,35.8674064675174
pcr,1011,2009,34.8,33.046653977407,33.9992685560691,final,26.0214086353758,41.9771284767624
pcr,1012,2009,31.1,33.6520506917534,33.593648882554,final,25.6157889618607,41.5715088032473
pcr,1013,2009,28.5,29.0184670540807,28.3344537712715,final,20.3565938505782,36.3123136919647
pcr,1014,2009,31.0,30.0583529757172,30.5187367696402,final,22.5408768489469,38.4965966903335
pcr,1015,2009,39.8,36.874536644977,38.4332107994526,final,30.4553508787593,46.4110707201459
pcr,1016,2009,39.5,36.9639557863242,38.8172038470341,final,30.8393439263408,46.7950637677273
pcr,1001,2010,39.1,40.1957038617966,40.6396630230426,final,32.6618031023493,48.6175229437359
pcr,1002,2010,32.9,34.9979656417425,34.9089571177608,final,26.9310971970675,42.8868170384541
pcr,1003,2010,31.9,31.3314514524362,30.8764788431801,final,22.8986189224868,38.8543387638734
pcr,1004,2010,30.5,33.8559749928196,34.0735081040616,final,26.0956481833683,42.0513680247549
pcr,1005,2010,35.0,34.3570489985914,33.8366495416749,final,25.8587896209816,41.8145094623682
pcr,1006,2010,30.6,34.7295034691563,34.9412881237532,final,26.9634282030599,42.9191480444464
pcr,1007,2010,29.0,30.44971538128,30.8167379590563,final,22.838878038363,38.7945978797495
pcr,1008,2010,44.0,45.7571946741645,45.5344023254116,final,37.5565424047183,53.5122622461049
pcr,1009,2010,31.8,32.1118374215604,32.1591743732779,final,24.1813144525847,40.1370342939712
pcr,1010,2010,33.5,29.0559555024517,28.9458760814231,final,20.9680161607298,36.9237360021164
pcr,1011,2010,36.6,34.8716669104204,34.5602303550724,final,26.5823704343791,42.5380902757657
pcr,1012,2010,28.4,35.380894162689,35.8341999370608,final,27.8563400163675,43.8120598577541
pcr,1013,2010,24.7,30.5076976600846,30.5997899175761,final,22.6219299968828,38.5776498382694
pcr,1014,2010,44.8,31.6540678961436,31.4868086661813,final,23.508948745488,39.4646685868746
pcr,1015,2010,37.2,38.3907658154872,37.8711329430563,final,29.893273022363,45.8489928637496
pcr,1016,2010,42.6,38.942457403475,38.4919947657867,final,30.5141348450934,46.46985468648
pcr,1001,2011,39.3,38.9097082172198,39.1043316583445,final,31.1264717376512,47.0821915790378
pcr,1002,2011,32.1,33.5037474888386,33.8763968029406,final,25.8985368822473,41.8542567236339
pcr,1003,2011,32.3,29.9007861977321,29.7997982587173,final,21.821938338024,37.7776581794106
pcr,1004,2011,31.2,32.9038055777661,33.4999077037185,final,25.5220477830252,41.4777676244118
pcr,1005,2011,23.8,32.8445875455032,32.7303839356304,final,24.7525240149371,40.7082438563237
pcr,1006,2011,34.2,33.6057203747665,34.3392198204891,final,26.3613598997958,42.3170797411824
pcr,1007,2011,28.3,28.3583547334893,28.6158591614591,final,20.6379992407658,36.5937190821524
pcr,1008,2011,45.8,44.7124882944976,45.0246084632184,final,37.0467485425252,53.0024683839117
pcr,1009,2011,30.1,31.079985368496,31.1353752180454,final,23.1575152973521,39.1132351387387
pcr,1010,2011,26.7,27.8259558848231,27.0365863637498,final,19.0587264430566,35.0144462844431
pcr,1011,2011,32.2,33.7662220206606,33.4592283656851,final,25.4813684449918,41.4370882863783
pcr,1012,2011,35.2,34.014799404167,35.2547746305412,final,27.2769147098479,43.2326345512345
pcr,1013,2011,28.9,29.3608878332158,30.3924750558479,final,22.4146151351546,38.3703349765412
pcr,1014,2011,31.1,30.5217433693469,28.1867086651249,final,20.2088487444316,36.1645685858182
pcr,1015,2011,32.6,36.7026432657696,36.9141520033621,final,28.9362920826688,44.8920119240554
pcr,1016,2011,32.5,37.8657221732349,37.2160543651568,final,29.2381944444635,45.1939142858501
pcr,1001,2012,40.5,40.0255739085303,39.9562486716156,final,31.9783887509223,47.9341085923089
pcr,1002,2012,36.5,34.3903513662382,34.6396907874756,final,26.6618308667824,42.6175507081689
pcr,1003,2012,31.8,30.8115479185028,30.3853896630908,final,22.4075297423975,38.3632495837841
pcr,1004,2012,32.8,33.979421992732,34.2820589698516,final,26.3041990491584,42.2599188905449
pcr,1005,2012,34.3,34.0601674277273,35.6667043881554,final,27.6888444674622,43.6445643088487
pcr,1006,2012,35.6,34.4086975872037,34.3031391879993,final,26.3252792673061,42.2809991086926
pcr,1007,2012,31.2,29.372909604659,29.38327481321,final,21.4054148925167,37.3611347339033
pcr,1008,2012,46.5,45.7354857834795,45.5423174669589,final,37.5644575462657,53.5201773876522
pcr,1009,2012,31.9,32.0198773400532,32.1939463849098,final,24.2160864642166,40.1718063056031
pcr,1010,2012,29.5,28.5863109956885,28.7863079259719,final,20.8084480052786,36.7641678466652
pcr,1011,2012,34.8,34.7323894075238,35.0105882255206,final,27.0327283048273,42.9884481462139
pcr,1012,2012,35.5,34.6996329596318,34.489112739318,final,26.5112528186247,42.4669726600113
pcr,1013,2012,29.8,30.2817461669831,30.363610965676,final,22.3857510449828,38.3414708863693
pcr,1014,2012,33.7,31.4694895205308,31.3667771917394,final,23.3889172710461,39.3446371124327
pcr,1015,2012,38.6,37.4348938535678,38.1636222791318,final,30.1857623584385,46.1414821998251
pcr,1016,2012,37.2,39.2092625620401,40.1623442749787,final,32.1844843542854,48.1402041956719
pcr,1001,2013,40.0,41.8211359619903,41.7368664420036,final,33.7590065213103,49.7147263626969
pcr,1002,2013,37.9,35.4723820676626,35.0976575723107,final,27.1197976516174,43.0755174930039
pcr,1003,2013,30.2,32.0069621194164,31.8313891820604,final,23.8535292613671,39.8092491027537
pcr,1004,2013,32.3,34.8711506541046,35.0806444550915,final,27.1027845343982,43.0585043757847
pcr,1005,2013,40.1,35.6560041295044,35.6134040783985,final,27.6355441577052,43.5912639990917
pcr,1006,2013,31.5,35.3343740457607,35.12276999554,final,27.1449100748467,43.1006299162333
pcr,1007,2013,32.0,30.660573500432,30.3360381653057,final,22.3581782446124,38.313898085999
pcr,1008,2013,42.3,47.4393565424812,47.303560372735,final,39.3257004520418,55.2814202934283
pcr,1009,2013,29.2,32.5021703802123,32.5234634880013,final,24.545603567308,40.5013234086946
pcr,1010,2013,29.6,29.2369218638984,29.0746286528063,final,21.096768732113,37.0524885734996
pcr,1011,2013,37.4,35.888922310703,35.8769130382865,final,27.8990531175932,43.8547729589798
pcr,1012,2013,32.8,35.9284868272508,35.7863223309937,final,27.8084624103004,43.764182251687
pcr,1013,2013,29.7,31.1676017053652,31.2531714473694,final,23.2753115266761,39.2310313680627
pcr,1014,2013,35.6,32.2229836561071,31.8267911810095,final,23.8489312603163,39.8046511017028
pcr,1015,2013,39.2,38.8100381903367,38.603087229041,final,30.6252273083477,46.5809471497343
pcr,1016,2013,42.2,40.6651084725142,41.0220019795848,final,33.0441420588915,48.9998619002781
pcr,1001,2014,46.4,40.8150021825478,41.1384798666526,final,33.1606199459593,49.1163397873459
pcr,1002,2014,40.2,34.946544768872,34.5153412546734,final,26.5374813339801,42.4932011753667
pcr,1003,2014,36.3,31.1172307463353,31.4381908140367,final,23.4603308933435,39.41605073473
pcr,1004,2014,35.6,34.6351863316897,35.0918847201863,final,27.114024799493,43.0697446408796
pcr,1005,2014,44.1,34.9880426620899,34.1986817783544,final,26.2208218576612,42.1765416990477
pcr,1006,2014,37.9,34.6145425975164,35.2956199372657,final,27.3177600165724,43.273479857959
pcr,1007,2014,33.3,29.5590000822941,29.3210856205779,final,21.3432256998846,37.2989455412712
pcr,1008,2014,52.1,46.7226525245642,47.6355262401179,final,39.6576663194246,55.6133861608112
pcr,1009,2014,34.9,31.996758513508,32.5833036421556,final,24.6054437214623,40.5611635628489
pcr,1010,2014,31.7,28.6538584728178,28.5893670361176,final,20.6115071154243,36.5672269568109
pcr,1011,2014,40.6,35.7111160273391,35.4427121730207,final,27.4648522523274,43.420572093714
pcr,1012,2014,38.7,34.9130407573238,35.4687354966256,final,27.4908755759323,43.4465954173189
pcr,1013,2014,34.5,30.360160266525,30.6208417371829,final,22.6429818164896,38.5987016578762
pcr,1014,2014,37.4,31.9167499663683,31.3169103888155,final,23.3390504681222,39.2947703095088
pcr,1015,2014,43.6,37.7862486409181,37.71698201519,final,29.7391220944967,45.6948419358833
pcr,1016,2014,49.7,40.6725230569011,40.3998892903807,final,32.4220293696874,48.3777492110739
pcr,1001,2015,42.9,41.4243042461689,40.4322738885095,final,32.4544139678163,48.4101338092028
pcr,1002,2015,32.0,35.2259472716169,34.2928068761815,final,26.3149469554882,42.2706667968747
pcr,1003,2015,30.4,31.4678261230441,30.5472412625966,final,22.5693813419033,38.5251011832899
pcr,1004,2015,34.2,35.0208826421872,34.8495084573204,final,26.8716485366271,42.8273683780137
pcr,1005,2015,34.2,35.5644032754908,33.945899814548,final,25.9680398938548,41.9237597352413
pcr,1006,2015,33.7,35.2432070601637,34.6596305595829,final,26.6817706388896,42.6374904802762
pcr,1007,2015,26.7,29.8118441962128,29.1473523543774,final,21.1694924336841,37.1252122750707
pcr,1008,2015,43.8,47.4414134151955,46.4862667681107,final,38.5084068474174,54.464126688804
pcr,1009,2015,32.0,32.4785259232415,31.962840190793,final,23.9849802700997,39.9407001114863
pcr,1010,2015,26.8,28.8644233111893,28.3233550838663,final,20.345495163173,36.3012150045596
pcr,1011,2015,36.8,36.305201483503,35.4368177393234,final,27.4589578186301,43.4146776600166
pcr,1012,2015,33.2,35.3319464812719,34.6592911544937,final,26.6814312338004,42.637151075187
pcr,1013,2015,31.7,30.9056920903971,30.1703566747558,final,22.1924967540625,38.1482165954491
pcr,1014,2015,31.4,32.257028453085,31.2830709566287,final,23.3052110359354,39.260930877322
pcr,1015,2015,37.3,37.9571180544886,36.9244555488614,final,28.9465956281681,44.9023154695547
pcr,1016,2015,45.5,41.4550946971337,39.8515969925079,final,31.8737370718146,47.8294569132012
pcr,1001,2016,44.6,42.3219941232937,42.0598749543488,final,34.0820150336555,50.0377348750421
pcr,1002,2016,36.0,35.5393169670179,36.1123230325981,final,28.1344631119049,44.0901829532914
pcr,1003,2016,31.0,31.8001806501334,31.9898523322694,final,24.0119924115761,39.9677122529626
pcr,1004,2016,38.1,35.5262882872765,35.6720968493821,final,27.6942369286888,43.6499567700753
pcr,1005,2016,35.8,36.4071353201629,36.6494862598799,final,28.6716263391866,44.6273461805732
pcr,1006,2016,36.7,35.4029004383536,35.6770112441006,final,27.6991513234073,43.6548711647939
pcr,1007,2016,31.0,30.202405923149,30.7551445296535,final,22.7772846089603,38.7330044503468
pcr,1008,2016,52.4,48.2779280167185,48.9247308930552,final,40.9468709723619,56.9025908137485
pcr,1009,2016,34.0,32.7723033471054,32.8573010961286,final,24.8794411754353,40.8351610168218
pcr,1010,2016,28.5,29.2171306773467,29.5838220642905,final,21.6059621435972,37.5616819849838
pcr,1011,2016,36.0,36.7675090163106,36.679620862128,final,28.7017609414347,44.6574807828212
pcr,1012,2016,37.7,35.7919136287505,36.1705987597846,final,28.1927388390913,44.1484586804778
pcr,1013,2016,30.9,31.0370390076322,30.8959507591834,final,22.9180908384901,38.8738106798767
pcr,1014,2016,33.1,32.8194110520062,32.9716399821915,final,24.9937800614983,40.9494999028848
pcr,1015,2016,38.0,38.3293780608175,38.4460980811157,final,30.4682381604225,46.423958001809
pcr,1016,2016,41.2,42.2339661903349,41.5154934199854,final,33.5376334992921,49.4933533406787
pcr,1001,2017,45.3,43.8745097233908,43.4698809198562,final,35.4920209991629,51.4477408405495
pcr,1002,2017,40.1,37.1109476964316,37.0291192752013,final,29.051259354508,45.0069791958946
pcr,1003,2017,34.1,33.4848284132017,33.6269598020563,final,25.649099881363,41.6048197227495
pcr,1004,2017,40.3,37.2162690988069,36.7591158045107,final,28.7812558838174,44.736975725204
pcr,1005,2017,39.2,37.9703906940573,38.0782325748413,final,30.100372654148,46.0560924955346
pcr,1006,2017,37.7,37.0420647849321,36.8116686085828,final,28.8338086878895,44.7895285292761
pcr,1007,2017,32.0,31.3183297246302,31.176657773595,final,23.1987978529017,39.1545176942883
pcr,1008,2017,51.3,50.0908720267979,49.3586925922609,final,41.3808326715676,57.3365525129542
pcr,1009,2017,35.4,34.2615188699326,34.0434503246124,final,26.0655904039191,42.0213102453057
pcr,1010,2017,31.0,30.4807170094723,30.6080967194722,final,22.6302367987789,38.5859566401654
pcr,1011,2017,38.6,38.4110492749628,38.5473773934051,final,30.5695174727118,46.5252373140984
pcr,1012,2017,39.6,37.3109180723976,36.9719958978176,final,28.9941359771243,44.9498558185109
pcr,1013,2017,33.1,32.5827485778319,32.6070900118303,final,24.6292300911371,40.5849499325236
pcr,1014,2017,31.6,34.2066135116101,34.156774144876,final,26.1789142241827,42.1346340655693
pcr,1015,2017,42.1,39.7156364537659,39.7741419440378,final,31.7962820233445,47.7520018647311
pcr,1016,2017,44.2,43.9577771686718,44.141434509844,final,36.1635745891507,52.1192944305373
pcr,1001,2018,38.0,42.858749801084,42.6055483361657,final,34.6276884154724,50.5834082568589
pcr,1002,2018,30.0,35.7155026176763,35.1845748138184,final,27.2067148931251,43.1624347345116
pcr,1003,2018,28.1,31.9295262988135,31.8202569831897,final,23.8423970624964,39.798116903883
pcr,1004,2018,36.9,36.1902586612677,35.6425136542282,final,27.6646537335349,43.6203735749215
pcr,1005,2018,22.2,37.0208269885746,36.8024187099278,final,28.8245587892345,44.7802786306211
pcr,1006,2018,34.9,35.7363511598557,35.6194859921235,final,27.6416260714302,43.5973459128167
pcr,1007,2018,27.7,30.0640641702124,29.9429830831316,final,21.9651231624383,37.9208430038249
pcr,1008,2018,44.3,48.985353814899,48.7705835150855,final,40.7927235943922,56.7484434357788
pcr,1009,2018,31.1,33.0455920687097,32.8433703526832,final,24.8655104319899,40.8212302733765
pcr,1010,2018,24.7,29.1899083129036,29.0976711254136,final,21.1198112047203,37.0755310461068
pcr,1011,2018,28.7,37.6780795822355,37.6445173747888,final,29.6666574540955,45.6223772954821
pcr,1012,2018,34.7,35.8041811134505,35.3975849360527,final,27.4197250153594,43.375444856746
pcr,1013,2018,29.7,31.1397543100624,31.0478779781273,final,23.070018057434,39.0257378988206
pcr,1014,2018,27.0,33.2384037697424,33.7014012173192,final,25.723541296626,41.6792611380125
pcr,1015,2018,28.4,38.3400134760267,37.9164929843679,final,29.9386330636746,45.8943529050611
pcr,1016,2018,30.0,43.5167906386674,43.4737660198851,final,35.4959060991918,51.4516259405784
pcr,1001,2019,39.5,43.8280550802833,44.6910862685651,final,36.7132263478718,52.6689461892583
pcr,1002,2019,33.9,36.273693586844,37.2889047456199,final,29.3110448249266,45.2667646663132
pcr,1003,2019,28.2,32.5196581392501,33.1998744021834,final,25.2220144814902,41.1777343228767
pcr,1004,2019,37.6,36.9159314266277,36.7898642414431,final,28.8120043207498,44.7677241621364
pcr,1005,2019,30.9,37.7492435463016,40.3817799910501,final,32.4039200703568,48.3596399117434
pcr,1006,2019,34.4,36.6268344803977,36.7753906244391,final,28.7975307037458,44.7532505451324
pcr,1007,2019,29.5,30.2480733656527,30.6679881983814,final,22.6901282776881,38.6458481190747
pcr,1008,2019,44.0,50.1796765540508,51.0119084317842,final,43.0340485110909,58.9897683524775
pcr,1009,2019,31.9,33.877689722747,34.2232738140693,final,26.2454138933761,42.2011337347626
pcr,1010,2019,27.5,29.5195722453012,30.3170882865052,final,22.3392283658119,38.2949482071985
pcr,1011,2019,33.0,38.1923043604614,39.7870279020227,final,31.8091679813295,47.764887822716
pcr,1012,2019,33.4,36.7014491641615,36.8975783697047,final,28.9197184490114,44.875438290398
pcr,1013,2019,28.4,31.9839034821875,32.2396385835853,final,24.261778662892,40.2174985042786
pcr,1014,2019,31.7,33.7264971326509,34.8345881516989,final,26.8567282310056,42.8124480723922
pcr,1015,2019,32.8,38.7268498694239,40.4924360784191,final,32.5145761577258,48.4702959991124
pcr,1016,2019,40.3,44.2171653264046,46.6180734538497,final,38.6402135331564,54.595933374543
hierarchical,1001,1999,35.1,33.7338013492185,33.7338013492185,final,27.8165031403662,39.6510995580708
hierarchical,1002,1999,31.2,31.4599544651833,31.4599544651833,final,25.542656256331,37.3772526740357
hierarchical,1003,1999,27.9,27.9892855380443,27.9892855380443,final,22.071987329192,33.9065837468966
hierarchical,1004,1999,28.6,28.3797203537765,28.3797203537765,final,22.4624221449242,34.2970185626288
hierarchical,1005,1999,30.0,29.1168793532277,29.1168793532277,final,23.1995811443754,35.0341775620801
hierarchical,1006,1999,30.1,29.6548819137948,29.6548819137948,final,23.7375837049424,35.5721801226471
hierarchical,1007,1999,26.0,27.0352068718909,27.0352068718909,final,21.1179086630386,32.9525050807432
hierarchical,1008,1999,37.1,36.6555785065122,36.6555785065122,final,30.7382802976599,42.5728767153645
hierarchical,1009,1999,27.8,28.2258004147635,28.2258004147635,final,22.3085022059112,34.1430986236158
hierarchical,1010,1999,24.0,24.7934898618055,24.7934898618055,final,18.8761916529532,30.7107880706578
hierarchical,1011,1999,28.9,29.0807616269587,29.0807616269587,final,23.1634634181063,34.998059835811
hierarchical,1012,1999,31.9,31.5505711295538,31.5505711295538,final,25.6332729207015,37.4678693384061
hierarchical,1013,1999,27.9,27.5410166132164,27.5410166132164,final,21.623718404364,33.4583148220687
hierarchical,1014,1999,27.1,27.4832040103025,27.4832040103025,final,21.5659058014502,33.4005022191548
hierarchical,1015,1999,35.3,35.2474717172888,35.2474717172888,final,29.3301735084364,41.1647699261411
hierarchical,1016,1999,31.6,30.4067824629445,30.4067824629445,final,24.4894842540922,36.3240806717968
hierarchical,1001,2000,31.5,31.3942446679723,31.4708075690005,final,25.5535093601482,37.3881057778529
hierarchical,1002,2000,23.2,24.7312397236323,24.7166716606509,final,18.7993734517986,30.6339698695033
hierarchical,1003,2000,22.1,23.1712076948202,23.166204059508,final,17.2489058506557,29.0835022683603
hierarchical,1004,2000,26.2,26.9899079725517,27.0022526259026,final,21.0849544170503,32.9195508347549
hierarchical,1005,2000,20.8,21.754493520495,21.8039843311001,final,15.8866861222478,27.7212825399524
hierarchical,1006,2000,29.0,28.5632118239697,28.5881566092398,final,22.6708584003875,34.5054548180921
hierarchical,1007,2000,23.6,23.6263535914788,23.5683397431771,final,17.6510415343248,29.4856379520294
hierarchical,1008,2000,34.8,35.4289617541438,35.4538675017825,final,29.5365692929302,41.3711657106348
hierarchical,1009,2000,25.6,26.2762157396919,26.252353532688,final,20.3350553238357,32.1696517415403
hierarchical,1010,2000,14.4,20.1212406553326,20.0767728279624,final,14.1594746191101,25.9940710368148
hierarchical,1011,2000,23.5,25.1109118098465,25.1007817789416,final,19.1834835700893,31.018079987794
hierarchical,1012,2000,28.9,28.7457641482504,28.765346430819,final,22.8480482219667,34.6826446396713
hierarchical,1013,2000,22.3,24.4245810657604,24.4446987913176,final,18.5274005824653,30.36199700017
hierarchical,1014,2000,21.1,22.3769982272312,22.3555231579229,final,16.4382249490706,28.2728213667752
hierarchical,1015,2000,28.1,28.6578150502216,28.6607587785792,final,22.7434605697269,34.5780569874315
hierarchical,1016,2000,22.8,25.9834506419614,26.050319538474,final,20.1330213296217,31.9676177473264
hierarchical,1001,2001,33.1,34.0079867706051,34.0139133867781,final,28.0966151779258,39.9312115956304
hierarchical,1002,2001,33.4,32.0899088298124,32.0040968907185,final,26.0867986818662,37.9213950995708
hierarchical,1003,2001,27.0,28.0824480715025,28.022416707343,final,22.1051184984907,33.9397149161954
hierarchical,1004,2001,28.3,27.9777772957966,27.9335102004592,final,22.0162119916069,33.8508084093115
hierarchical,1005,2001,30.4,31.3309809245754,31.2774903191645,final,25.3601921103122,37.1947885280169
hierarchical,1006,2001,27.3,28.6869457768526,28.711423747075,final,22.7941255382227,34.6287219559273
hierarchical,1007,2001,28.2,26.85211795506,26.8506410780224,final,20.9333428691701,32.7679392868747
hierarchical,1008,2001,40.8,39.1139111627336,39.0786636264361,final,33.1613654175837,44.9959618352884
hierarchical,1009,2001,25.8,27.513684830303,27.475789141618,final,21.5584909327657,33.3930873504704
hierarchical,1010,2001,26.9,26.0942030293349,25.773579976602,final,19.8562817677497,31.6908781854543
hierarchical,1011,2001,29.2,29.863028966071,29.7727521374473,final,23.8554539285949,35.6900503462996
hierarchical,1012,2001,30.6,30.3872741755413,30.39591768009,final,24.4786194712377,36.3132158889423
hierarchical,1013,2001,23.9,26.1266594548185,26.0075961767431,final,20.0902979678907,31.9248943855954
hierarchical,1014,2001,26.4,26.329798817963,26.2582347823604,final,20.3409365735081,32.1755329912127
hierarchical,1015,2001,37.3,36.1376962196513,36.106435803417,final,30.1891375945646,42.0237340122693
hierarchical,1016,2001,32.0,33.3160421279412,33.1376389240664,final,27.220340715214,39.0549371329187
hierarchical,1001,2002,34.3,34.0355657110653,33.9846813823383,final,28.067383173486,39.9019795911906
hierarchical,1002,2002,33.2,32.1007901761024,32.1742087675668,final,26.2569105587145,38.0915069764192
hierarchical,1003,2002,28.2,28.4759989334264,28.4153376492719,final,22.4980394404195,34.3326358581242
hierarchical,1004,2002,31.1,30.339958049807,30.3580156763438,final,24.4407174674915,36.2753138851962
hierarchical,1005,2002,25.5,27.266196203583,27.2140232634717,final,21.2967250546193,33.131321472324
hierarchical,1006,2002,31.5,31.41130441247,31.3335788253572,final,25.4162806165049,37.2508770342096
hierarchical,1007,2002,27.9,28.2933526841934,28.3688891074987,final,22.4515908986464,34.286187316351
hierarchical,1008,2002,36.5,38.0836583916421,38.1781482029873,final,32.260849994135,44.0954464118396
hierarchical,1009,2002,31.8,29.7638202315645,29.667783917972,final,23.7504857091197,35.5850821268243
hierarchical,1010,2002,26.4,26.2131659995642,26.2583235274819,final,20.3410253186296,32.1756217363343
hierarchical,1011,2002,36.7,30.381062374312,30.3439056833146,final,24.4266074744622,36.2612038921669
hierarchical,1012,2002,31.6,31.8089066672773,31.8208279982161,final,25.9035297893638,37.7381262070684
hierarchical,1013,2002,27.8,27.6900656415549,27.5652818062281,final,21.6479835973757,33.4825800150804
hierarchical,1014,2002,28.1,27.5168494892327,27.5207836214684,final,21.6034854126161,33.4380818303207
hierarchical,1015,2002,35.5,34.2710026204114,34.3361390844598,final,28.4188408756075,40.2534372933122
hierarchical,1016,2002,32.4,31.7728506926121,31.6990986045589,final,25.7818003957066,37.6163968134113
hierarchical,1001,2003,31.1,31.6599576113863,31.6747767273916,final,25.7574785185393,37.5920749362439
hierarchical,1002,2003,27.2,27.1336613556616,27.1952619822676,final,21.2779637734152,33.1125601911199
hierarchical,1003,2003,24.2,24.8668041655262,24.8513369572899,final,18.9340387484376,30.7686351661422
hierarchical,1004,2003,30.1,28.702770422582,28.7453638013535,final,22.8280655925012,34.6626620102059
hierarchical,1005,2003,17.5,20.2825085250405,20.1835294307089,final,14.2662312218565,26.1008276395612
hierarchical,1006,2003,30.8,30.0910261884119,30.0959967624099,final,24.1786985535576,36.0132949712622
hierarchical,1007,2003,27.2,25.5991291910008,25.5770853816236,final,19.6597871727713,31.494383590476
hierarchical,1008,2003,36.1,36.1703549809209,36.0816054563679,final,30.1643072475155,41.9989036652202
hierarchical,1009,2003,29.8,28.205911555368,28.3200207517117,final,22.4027225428594,34.237318960564
hierarchical,1010,2003,25.2,24.4736801497862,24.4841504815172,final,18.5668522726649,30.4014486903695
hierarchical,1011,2003,26.6,27.85228264088,28.2064011255986,final,22.2891029167463,34.1236993344509
hierarchical,1012,2003,32.2,31.3997417943367,31.3880344921214,final,25.470736283269,37.3053327009737
hierarchical,1013,2003,26.9,25.8457069193126,25.8518677315784,final,19.9345695227261,31.7691659404307
hierarchical,1014,2003,28.9,27.6994199682827,27.7321002046561,final,21.8148019958037,33.6493984135084
hierarchical,1015,2003,25.9,27.226899275766,27.2957733042124,final,21.3784750953601,33.2130715130647
hierarchical,1016,2003,23.5,26.4668174243124,26.5019633895965,final,20.5846651807442,32.4192615984488
hierarchical,1001,2004,40.1,38.2025654717505,38.1711849846185,final,32.2538867757662,44.0884831934709
hierarchical,1002,2004,36.0,33.341374804705,33.3450924771371,final,27.4277942682848,39.2623906859895
hierarchical,1003,2004,31.1,29.7648639791608,29.7274957228672,final,23.8101975140149,35.6447939317195
hierarchical,1004,2004,31.3,30.5894885215019,30.667790421294,final,24.7504922124417,36.5850886301464
hierarchical,1005,2004,35.3,34.3221144503139,34.166180373896,final,28.2488821650437,40.0834785827484
hierarchical,1006,2004,33.9,33.0879379972311,33.1276694753271,final,27.2103712664748,39.0449676841794
hierarchical,1007,2004,29.9,30.5576184090331,30.6473325316743,final,24.730034322822,36.5646307405266
hierarchical,1008,2004,45.4,42.1628182515799,42.1588755003277,final,36.2415772914754,48.0761737091801
hierarchical,1009,2004,32.0,30.2908859269193,30.3802199602583,final,24.462921751406,36.2975181691106
hierarchical,1010,2004,28.3,28.2907501484058,28.3314537128362,final,22.4141555039839,34.2487519216885
hierarchical,1011,2004,32.1,32.2389305880242,32.1687516342987,final,26.2514534254464,38.086049843151
hierarchical,1012,2004,35.7,34.175213090288,34.2200602212395,final,28.3027620123871,40.1373584300918
hierarchical,1013,2004,29.3,28.7472156340036,28.8062990892137,final,22.8890008803613,34.723597298066
hierarchical,1014,2004,29.5,29.4320730204502,29.4993545172459,final,23.5820563083936,35.4166527260982
hierarchical,1015,2004,40.6,36.7783762143079,36.7040156827213,final,30.786717473869,42.6213138915736
hierarchical,1016,2004,36.7,36.5607173439429,36.3944544445493,final,30.477156235697,42.3117526534016
hierarchical,1001,2005,39.1,35.0970466155121,35.2033804139761,final,29.2860822051237,41.1206786228284
hierarchical,1002,2005,29.3,30.1991653069716,30.3481568592485,final,24.4308586503962,36.2654550681008
hierarchical,1003,2005,28.3,27.8013478047164,27.8761699303014,final,21.9588717214491,33.7934681391537
hierarchical,1004,2005,30.1,29.9441169724836,29.9839346227035,final,24.0666364138512,35.9012328315558
hierarchical,1005,2005,31.1,29.5353278810583,29.5901293951095,final,23.6728311862572,35.5074276039618
hierarchical,1006,2005,33.2,31.3001895287133,31.3456981542058,final,25.4283999453535,37.2629963630581
hierarchical,1007,2005,28.6,27.7134768904195,27.6766234115083,final,21.759325202656,33.5939216203606
hierarchical,1008,2005,43.1,39.6859553035932,39.8673696430621,final,33.9500714342098,45.7846678519144
hierarchical,1009,2005,28.6,28.7972620528134,28.8930422173952,final,22.9757440085429,34.8103404262475
hierarchical,1010,2005,28.4,26.4471228281087,26.4476411974335,final,20.5303429885811,32.3649394062858
hierarchical,1011,2005,29.6,29.8778788938831,29.8700931089574,final,23.9527949001051,35.7873913178098
hierarchical,1012,2005,33.1,32.3488229670654,32.4342732851364,final,26.5169750762841,38.3515714939887
hierarchical,1013,2005,28.7,27.6622161388001,27.6931946313345,final,21.7758964224821,33.6104928401868
hierarchical,1014,2005,24.0,26.1121133806685,26.115920064718,final,20.1986218558657,32.0332182735704
hierarchical,1015,2005,35.7,33.4437798060428,33.6579467600972,final,27.7406485512449,39.5752449689496
hierarchical,1016,2005,32.3,33.0569836511238,33.0647891662329,final,27.1474909573805,38.9820873750852
hierarchical,1001,2006,26.9,32.7798819479167,33.004210762487,final,27.0869125536347,38.9215089713393
hierarchical,1002,2006,27.9,28.6244506717141,28.5740607050966,final,22.6567624962443,34.4913589139489
hierarchical,1003,2006,23.7,26.2936964803914,26.3216413613596,final,20.4043431525073,32.2389395702119
hierarchical,1004,2006,22.4,28.3521789399462,28.3609147535857,final,22.4436165447334,34.278212962438
hierarchical,1005,2006,19.6,27.7310630468649,27.8187485650109,final,21.9014503561586,33.7360467738633
hierarchical,1006,2006,26.6,30.2790105055993,30.3854774538739,final,24.4681792450215,36.3027756627262
hierarchical,1007,2006,23.3,26.5054341008995,26.5551155883313,final,20.637817379479,32.4724137971836
hierarchical,1008,2006,32.3,38.1242424940904,38.3155683792737,final,32.3982701704214,44.2328665881261
hierarchical,1009,2006,25.0,28.5869560713193,28.5759013429183,final,22.6586031340659,34.4931995517706
hierarchical,1010,2006,21.4,23.422711643706,23.5321524937218,final,17.6148542848694,29.4494507025741
hierarchical,1011,2006,27.5,29.2308249087064,29.215252345933,final,23.2979541370807,35.1325505547853
hierarchical,1012,2006,25.5,31.9168747824098,31.9589713638948,final,26.0416731550425,37.8762695727471
hierarchical,1013,2006,21.1,25.9507779048032,26.0089361697146,final,20.0916379608623,31.926234378567
hierarchical,1014,2006,23.8,26.3760988692243,26.2577342905211,final,20.3404360816688,32.1750324993735
hierarchical,1015,2006,28.7,30.9320556473916,31.0584960909604,final,25.141197882108,36.9757942998127
hierarchical,1016,2006,28.3,31.715640790462,31.6732188012967,final,25.7559205924444,37.590517010149
hierarchical,1001,2007,34.3,37.2958509863587,36.9663375445333,final,31.049039335681,42.8836357533856
hierarchical,1002,2007,34.5,32.8795781966867,32.8389793825636,final,26.9216811737112,38.7562775914159
hierarchical,1003,2007,31.3,29.4362139514088,29.2908610579537,final,23.3735628491014,35.208159266806
hierarchical,1004,2007,29.8,31.163609354972,30.8300443299876,final,24.9127461211353,36.7473425388399
hierarchical,1005,2007,27.9,27.7159997246054,27.2603282342584,final,21.3430300254061,33.1776264431107
hierarchical,1006,2007,32.5,32.6987527624835,32.4925779744605,final,26.5752797656082,38.4098761833128
hierarchical,1007,2007,28.1,27.9111876983687,27.7315525232941,final,21.8142543144418,33.6488507321464
hierarchical,1008,2007,41.3,43.7869333550923,43.4605379942239,final,37.5432397853716,49.3778362030763
hierarchical,1009,2007,30.6,29.6998315773565,29.4988155958782,final,23.5815173870259,35.4161138047306
hierarchical,1010,2007,28.0,27.8130620130371,27.6997075815295,final,21.7824093726772,33.6170057903819
hierarchical,1011,2007,32.2,32.2726577915616,32.1756609338157,final,26.2583627249634,38.092959142668
hierarchical,1012,2007,31.3,31.7624449827176,31.4028380188289,final,25.4855398099766,37.3201362276813
hierarchical,1013,2007,29.0,28.3958320247728,28.1239904236828,final,22.2066922148305,34.0412886325351
hierarchical,1014,2007,27.8,28.7327593062127,28.5883925974251,final,22.6710943885727,34.5056908062774
hierarchical,1015,2007,36.1,34.9432873033359,34.8182010609194,final,28.900902852067,40.7354992697717
hierarchical,1016,2007,33.5,34.2718424033884,34.0804270717757,final,28.1631288629234,39.997725280628
hierarchical,1001,2008,35.3,35.4086799323043,35.2407899681085,final,29.3234917592562,41.1580881769609
hierarchical,1002,2008,25.4,27.5454485353188,27.6362583118328,final,21.7189601029804,33.5535565206851
hierarchical,1003,2008,26.9,27.3280576311226,27.432505740989,final,21.5152075321366,33.3498039498413
hierarchical,1004,2008,33.4,32.33363664423,32.257218849478,final,26.3399206406256,38.1745170583303
hierarchical,1005,2008,19.7,26.2127114050766,26.2230229325152,final,20.3057247236629,32.1403211413676
hierarchical,1006,2008,33.9,33.8556769227093,33.844538653707,final,27.9272404448546,39.7618368625593
hierarchical,1007,2008,27.4,27.0019002156484,27.0124814130127,final,21.0951832041604,32.929779621865
hierarchical,1008,2008,43.9,39.5572722909157,39.4179024912011,final,33.5006042823487,45.3352007000534
hierarchical,1009,2008,31.8,31.5110939880397,31.5615401700882,final,25.6442419612358,37.4788383789405
hierarchical,1010,2008,26.8,25.9571765392373,25.9676526984591,final,20.0503544896068,31.8849509073114
hierarchical,1011,2008,26.8,27.8436675818993,27.8395957792364,final,21.9222975703841,33.7568939880887
hierarchical,1012,2008,33.6,33.2401413441164,33.2142255452518,final,27.2969273363994,39.1315237541041
hierarchical,1013,2008,32.4,29.6355739914022,29.6694320638467,final,23.7521338549944,35.5867302726991
hierarchical,1014,2008,26.8,26.2308435979799,26.1785709958924,final,20.2612727870401,32.0958692047447
hierarchical,1015,2008,27.6,30.7716249380427,30.8364480731425,final,24.9191498642902,36.7537462819949
hierarchical,1016,2008,25.5,31.0711074036789,31.0278527177617,final,25.1105545089094,36.945150926614
hierarchical,1001,2009,35.9,37.837436196236,37.8313456830475,final,31.9140474741952,43.7486438918998
hierarchical,1002,2009,33.8,34.3224746360985,34.2022419277901,final,28.2849437189377,40.1195401366424
hierarchical,1003,2009,32.2,30.821560168904,30.7975714656307,final,24.8802732567784,36.714869674483
hierarchical,1004,2009,31.1,31.5991231208795,31.6588830042766,final,25.7415847954243,37.576181213129
hierarchical,1005,2009,35.4,33.5191195083385,33.1541417809434,final,27.2368435720911,39.0714399897957
hierarchical,1006,2009,31.9,31.9355593970195,31.9380432988869,final,26.0207450900346,37.8553415077392
hierarchical,1007,2009,26.9,28.8679627871625,28.8902726279541,final,22.9729744191018,34.8075708368064
hierarchical,1008,2009,44.9,42.6510563464095,42.8944263948231,final,36.9771281859708,48.8117246036754
hierarchical,1009,2009,30.4,29.7847741228262,29.8009646544063,final,23.883666445554,35.7182628632586
hierarchical,1010,2009,28.4,29.7798029988979,29.8270355219089,final,23.9097373130566,35.7443337307612
hierarchical,1011,2009,34.8,33.8650358910185,33.8065478975385,final,27.8892496886861,39.7238461063908
hierarchical,1012,2009,31.1,32.547550279444,32.5677170558047,final,26.6504188469524,38.485015264657
hierarchical,1013,2009,28.5,29.3365048582364,29.4914255754946,final,23.5741273666423,35.4087237843469
hierarchical,1014,2009,31.0,30.7980769646039,30.8299729595623,final,24.91267475071,36.7472711684146
hierarchical,1015,2009,39.8,38.0327850038983,37.8550445222405,final,31.9377463133882,43.7723427310928
hierarchical,1016,2009,39.5,37.6644515043402,37.3522420430575,final,31.4349438342052,43.2695402519098
hierarchical,1001,2010,39.1,39.523520724183,39.4149451991991,final,33.4976469903468,45.3322434080514
hierarchical,1002,2010,32.9,36.0066094383786,35.9773295281471,final,30.0600313192947,41.8946277369994
hierarchical,1003,2010,31.9,31.7385096254171,31.8157585323028,final,25.8984603234505,37.7330567411551
hierarchical,1004,2010,30.5,32.3962622651126,32.368290993085,final,26.4509927842326,38.2855892019373
hierarchical,1005,2010,35.0,35.3144839734488,35.4198900700269,final,29.5025918611746,41.3371882788792
hierarchical,1006,2010,30.6,31.8501898587298,31.8481970807447,final,25.9308988718923,37.765495289597
hierarchical,1007,2010,29.0,30.0225384547782,29.9122521944202,final,23.9949539855679,35.8295504032725
hierarchical,1008,2010,44.0,43.6153234651384,43.7413561253738,final,37.8240579165214,49.6586543342261
hierarchical,1009,2010,31.8,31.9461894138508,31.9806671802555,final,26.0633689714032,37.8979653891078
hierarchical,1010,2010,33.5,30.442651011581,30.3653257116455,final,24.4480275027932,36.2826239204978
hierarchical,1011,2010,36.6,35.2587748135402,35.3111709745963,final,29.393872765744,41.2284691834486
hierarchical,1012,2010,28.4,34.3280590790184,34.246937165514,final,28.3296389566617,40.1642353743663
hierarchical,1013,2010,24.7,30.9763437701653,30.9294653468597,final,25.0121671380074,36.846763555712
hierarchical,1014,2010,44.8,33.8837855547334,33.8951014884488,final,27.9778032795965,39.8123996973012
hierarchical,1015,2010,37.2,38.0894804750385,38.1885166633445,final,32.2712184544922,44.1058148721968
hierarchical,1016,2010,42.6,39.9717275654403,40.0745932195129,final,34.1572950106606,45.9918914283653
hierarchical,1001,2011,39.3,36.7379669958197,36.7142325445592,final,30.7969343357069,42.6315307534116
hierarchical,1002,2011,32.1,31.0914450938002,30.9173481344539,final,25.0000499256016,36.8346463433062
hierarchical,1003,2011,32.3,29.3792580789563,29.3883081329577,final,23.4710099241054,35.30560634181
hierarchical,1004,2011,31.2,32.4713688873323,32.3651007834629,final,26.4478025746106,38.2823989923152
hierarchical,1005,2011,23.8,24.6153322839307,24.5977083422584,final,18.6804101334061,30.5150065511107
hierarchical,1006,2011,34.2,34.5623818299071,34.4923201574221,final,28.5750219485698,40.4096183662745
hierarchical,1007,2011,28.3,28.1294107866435,28.0721068869024,final,22.1548086780501,33.9894050957547
hierarchical,1008,2011,45.8,41.2081381703958,41.2296957611968,final,35.3123975523445,47.1469939700491
hierarchical,1009,2011,30.1,31.3131405130125,31.3049479374909,final,25.3876497286385,37.2222461463432
hierarchical,1010,2011,26.7,28.063477784028,28.2348141470637,final,22.3175159382114,34.152112355916
hierarchical,1011,2011,32.2,31.6266192897482,31.7017826572049,final,25.7844844483526,37.6190808660572
hierarchical,1012,2011,35.2,34.5515771619366,34.2193638338844,final,28.302065625032,40.1366620427367
hierarchical,1013,2011,28.9,29.4398877344009,29.0881562445333,final,23.1708580356809,35.0054544533856
hierarchical,1014,2011,31.1,31.3452894505837,31.9570431261551,final,26.0397449173027,37.8743413350074
hierarchical,1015,2011,32.6,30.7095106802702,30.6596634596351,final,24.7423652507827,36.5769616684874
hierarchical,1016,2011,32.5,32.249181213595,32.3964717720855,final,26.4791735632331,38.3137699809378
hierarchical,1001,2012,40.5,40.1483913099524,40.291969756043,final,34.3746715471906,46.2092679648953
hierarchical,1002,2012,36.5,36.0428858038328,36.0994060539596,final,30.1821078451072,42.0167042628119
hierarchical,1003,2012,31.8,31.8850888571929,32.0487696473196,final,26.1314714384673,37.9660678561719
hierarchical,1004,2012,32.8,33.4991319265766,33.4278833638325,final,27.5105851549801,39.3451815726848
hierarchical,1005,2012,34.3,33.3217731132139,33.2760812184634,final,27.3587830096111,39.1933794273158
hierarchical,1006,2012,35.6,34.8995057224658,34.8791975453484,final,28.9618993364961,40.7964957542007
hierarchical,1007,2012,31.2,31.0378854475831,31.047445408026,final,25.1301471991737,36.9647436168783
hierarchical,1008,2012,46.5,45.3949217176677,45.652253448009,final,39.7349552391566,51.5695516568613
hierarchical,1009,2012,31.9,31.6952775968021,31.6272922002582,final,25.7099939914058,37.5445904091105
hierarchical,1010,2012,29.5,30.2251894170565,30.1487789956488,final,24.2314807867965,36.0660772045012
hierarchical,1011,2012,34.8,34.3676424893527,34.3997752180342,final,28.4824770091819,40.3170734268865
hierarchical,1012,2012,35.5,35.4001142021362,35.4364523536537,final,29.5191541448014,41.353750562506
hierarchical,1013,2012,29.8,29.9635100914668,29.9332543368211,final,24.0159561279688,35.8505525456734
hierarchical,1014,2012,33.7,33.2842674669726,33.2705212435244,final,27.3532230346721,39.1878194523767
hierarchical,1015,2012,38.6,38.126143363896,38.232087947137,final,32.3147897382847,44.1493861559893
hierarchical,1016,2012,37.2,36.4415663044583,36.4556223964538,final,30.5383241876015,42.3729206053061
hierarchical,1001,2013,40.0,39.4508898835336,39.4705943249934,final,33.553296116141,45.3878925338457
hierarchical,1002,2013,37.9,34.1547594500768,34.1803765072593,final,28.263078298407,40.0976747161117
hierarchical,1003,2013,30.2,31.5981251701815,31.5933567203312,final,25.6760585114788,37.5106549291835
hierarchical,1004,2013,32.3,32.5885338996121,32.5493539688827,final,26.6320557600304,38.466652177735
hierarchical,1005,2013,40.1,36.3367703086295,36.3915909514939,final,30.4742927426415,42.3088891603462
hierarchical,1006,2013,31.5,32.3811115656771,32.4203678436796,final,26.5030696348273,38.3376660525319
hierarchical,1007,2013,32.0,30.5430653393687,30.5521503728116,final,24.6348521639593,36.4694485816639
hierarchical,1008,2013,42.3,43.3529672695981,43.4148967694627,final,37.4975985606104,49.3321949783151
hierarchical,1009,2013,29.2,30.9532994218471,30.9647722344467,final,25.0474740255944,36.882070443299
hierarchical,1010,2013,29.6,28.4934041355693,28.4527639215469,final,22.5354657126946,34.3700621303992
hierarchical,1011,2013,37.4,32.3634253036428,32.3876549757169,final,26.4703567668646,38.3049531845693
hierarchical,1012,2013,32.8,33.3098852033919,33.3154828860215,final,27.3981846771692,39.2327810948738
hierarchical,1013,2013,29.7,29.9831678912189,29.9740046506148,final,24.0567064417624,35.8913028594671
hierarchical,1014,2013,35.6,31.0402837688811,31.0635817634752,final,25.1462835546229,36.9808799723275
hierarchical,1015,2013,39.2,38.3423347700294,38.3688900873772,final,32.4515918785249,44.2861882962295
hierarchical,1016,2013,42.2,37.2192525388615,37.2617557897138,final,31.3444575808615,43.1790539985662
hierarchical,1001,2014,46.4,44.9586983504173,44.9894709349727,final,39.0721727261204,50.9067691438251
hierarchical,1002,2014,40.2,37.8599262626308,38.0698126370514,final,32.152514428199,43.9871108459037
hierarchical,1003,2014,36.3,35.876623512572,35.7982714230215,final,29.8809732141692,41.7155696318739
hierarchical,1004,2014,35.6,36.4882696900248,36.4721000119281,final,30.5548018030758,42.3893982207805
hierarchical,1005,2014,44.1,38.1942665442073,38.4051610449757,final,32.4878628361234,44.322459253828
hierarchical,1006,2014,37.9,37.5943052875101,37.5449270674692,final,31.6276288586169,43.4622252763215
hierarchical,1007,2014,33.3,32.9990715335053,33.080719355484,final,27.1634211466317,38.9980175643363
hierarchical,1008,2014,52.1,51.213609480049,51.1546003243877,final,45.2373021155354,57.07189853324
hierarchical,1009,2014,34.9,34.9873108525921,34.8890545045632,final,28.9717562957108,40.8063527134155
hierarchical,1010,2014,31.7,32.1866981204957,32.2487126669149,final,26.3314144580626,38.1660108757672
hierarchical,1011,2014,40.6,37.306281548952,37.5885353557305,final,31.6712371468782,43.5058335645828
hierarchical,1012,2014,38.7,38.7556899596686,38.7271155716462,final,32.8098173627939,44.6444137804985
hierarchical,1013,2014,34.5,34.0473038093142,34.0314348467608,final,28.1141366379084,39.9487330556131
hierarchical,1014,2014,37.4,34.2249256814553,34.4804559459014,final,28.5631577370491,40.3977541547537
hierarchical,1015,2014,43.6,41.777839161507,41.8259034295254,final,35.9086052206731,47.7432016383777
hierarchical,1016,2014,49.7,42.0985057732787,42.3776309756757,final,36.4603327668233,48.294929184528
hierarchical,1001,2015,42.9,41.4607226670822,41.5414944022071,final,35.6241961933548,47.4587926110594
hierarchical,1002,2015,32.0,35.2050325270361,35.3361721924505,final,29.4188739835982,41.2534704013028
hierarchical,1003,2015,30.4,32.3675210476939,32.3912474158075,final,26.4739492069551,38.3085456246598
hierarchical,1004,2015,34.2,35.321560650891,35.2717812836483,final,29.354483074796,41.1890794925006
hierarchical,1005,2015,34.2,34.7205913641389,35.051553545822,final,29.1342553369697,40.9688517546743
hierarchical,1006,2015,33.7,35.038670784133,35.0558021683602,final,29.1385039595079,40.9731003772125
hierarchical,1007,2015,26.7,29.9165955972379,29.933459877102,final,24.0161616682497,35.8507580859543
hierarchical,1008,2015,43.8,45.4577763868806,45.5074504438799,final,39.5901522350276,51.4247486527323
hierarchical,1009,2015,32.0,33.3742934662975,33.3694004939893,final,27.452102285137,39.2866987028417
hierarchical,1010,2015,26.8,29.4167270892607,29.3894521245191,final,23.4721539156668,35.3067503333714
hierarchical,1011,2015,36.8,36.7499593468802,36.9345420498702,final,31.0172438410179,42.8518402587225
hierarchical,1012,2015,33.2,35.1088768163424,35.1057559049962,final,29.1884576961439,41.0230541138485
hierarchical,1013,2015,31.7,32.6226513576386,32.6480208261442,final,26.7307226172919,38.5653190349965
hierarchical,1014,2015,31.4,32.7142465396855,32.8921803274762,final,26.9748821186239,38.8094785363285
hierarchical,1015,2015,37.3,39.1602136289873,39.2623290276926,final,33.3450308188403,45.1796272365449
hierarchical,1016,2015,45.5,42.3872187997927,42.8132128159736,final,36.8959146071213,48.7305110248259
hierarchical,1001,2016,44.6,44.348882909817,44.4295412005637,final,38.5122429917114,50.346839409416
hierarchical,1002,2016,36.0,35.4372305808667,35.2576179103232,final,29.3403197014709,41.1749161191755
hierarchical,1003,2016,31.0,31.9729251918033,31.8626636868901,final,25.9453654780378,37.7799618957424
hierarchical,1004,2016,38.1,36.0907941318678,36.0279409464528,final,30.1106427376004,41.9452391553051
hierarchical,1005,2016,35.8,36.2109856340159,36.1818112639007,final,30.2645130550484,42.0991094727531
hierarchical,1006,2016,36.7,36.5799306627297,36.5049104460897,final,30.5876122372373,42.422208654942
hierarchical,1007,2016,31.0,31.4267353901344,31.2464747155843,final,25.329176506732,37.1637729244367
hierarchical,1008,2016,52.4,50.6956082906859,50.6027051324496,final,44.6854069235973,56.5200033413019
hierarchical,1009,2016,34.0,34.0476115146684,33.9705949734914,final,28.0532967646391,39.8878931823437
hierarchical,1010,2016,28.5,28.9702100848298,28.8235665370277,final,22.9062683281754,34.7408647458801
hierarchical,1011,2016,36.0,35.6133094184643,35.6161137380045,final,29.6988155291522,41.5334119468568
hierarchical,1012,2016,37.7,37.3015554784033,37.1945804446619,final,31.2772822358096,43.1118786535142
hierarchical,1013,2016,30.9,31.7420614656269,31.6903553213279,final,25.7730571124755,37.6076535301802
hierarchical,1014,2016,33.1,31.9638428748992,31.8901914130952,final,25.9728932042429,37.8074896219475
hierarchical,1015,2016,38.0,38.3114737468211,38.2072258383005,final,32.2899276294482,44.1245240471529
hierarchical,1016,2016,41.2,39.5586625362538,39.7331053662316,final,33.8158071573792,45.6504035750839
hierarchical,1001,2017,45.3,41.8395033954574,41.8535762046431,final,35.9362779957908,47.7708744134954
hierarchical,1002,2017,40.1,38.7045731796388,38.7361112427998,final,32.8188130339474,44.6534094516521
hierarchical,1003,2017,34.1,33.6324507547809,33.5779272232833,final,27.660629014431,39.4952254321356
hierarchical,1004,2017,40.3,35.8453989917247,35.9579965484118,final,30.0406983395594,41.8752947572641
hierarchical,1005,2017,39.2,36.2220706939983,36.1990387195463,final,30.281740510694,42.1163369283986
hierarchical,1006,2017,37.7,36.6527813956574,36.6595101805092,final,30.7422119716569,42.5768083893616
hierarchical,1007,2017,32.0,32.1189373080384,32.0950227042424,final,26.1777244953901,38.0123209130947
hierarchical,1008,2017,51.3,46.3988043688753,46.4943198882904,final,40.5770216794381,52.4116180971427
hierarchical,1009,2017,35.4,34.4448103284506,34.4421421398359,final,28.5248439309836,40.3594403486882
hierarchical,1010,2017,31.0,30.9013664613864,30.8750154997845,final,24.9577172909322,36.7923137086369
hierarchical,1011,2017,38.6,38.8178671264301,38.8395375860706,final,32.9222393772183,44.7568357949229
hierarchical,1012,2017,39.6,37.5206316567643,37.5429608169159,final,31.6256626080636,43.4602590257682
hierarchical,1013,2017,33.1,32.5220845657914,32.4748947456173,final,26.557596536765,38.3921929544696
hierarchical,1014,2017,31.6,32.966121702008,33.0297928858962,final,27.1124946770438,38.9470910947485
hierarchical,1015,2017,42.1,39.9730721009998,39.9556168549145,final,34.0383186460622,45.8729150637668
hierarchical,1016,2017,44.2,44.0767011598777,44.1686830672811,final,38.2513848584288,50.0859812761334
hierarchical,1001,2018,38.0,39.0566816382771,39.2506107267671,final,33.3333125179147,45.1679089356194
hierarchical,1002,2018,30.0,31.3060486492602,31.3842495210576,final,25.4669513122053,37.3015477299099
hierarchical,1003,2018,28.1,29.6455566231717,29.6717584691237,final,23.7544602602713,35.589056677976
hierarchical,1004,2018,36.9,34.9687211247034,35.218360645224,final,29.3010624363717,41.1356588540764
hierarchical,1005,2018,22.2,26.6044870049691,26.7713726233923,final,20.85407441454,32.6886708322446
hierarchical,1006,2018,34.9,35.486064882389,35.5447518781003,final,29.627453669248,41.4620500869526
hierarchical,1007,2018,27.7,28.8025968703465,28.795931525348,final,22.8786333164957,34.7132297342003
hierarchical,1008,2018,44.3,43.7526715344954,44.0273385866194,final,38.110040377767,49.9446367954717
hierarchical,1009,2018,31.1,32.1779287210385,32.2314583393296,final,26.3141601304772,38.1487565481819
hierarchical,1010,2018,24.7,25.1627680317629,25.1682955367496,final,19.2509973278972,31.0855937456019
hierarchical,1011,2018,28.7,30.950990780237,30.9387813264883,final,25.021483117636,36.8560795353406
hierarchical,1012,2018,34.7,34.9263579656342,35.0428874853884,final,29.1255892765361,40.9601856942407
hierarchical,1013,2018,29.7,30.6318779399714,30.6642647983296,final,24.7469665894772,36.5815630071819
hierarchical,1014,2018,27.0,28.3278548494225,28.2512962606671,final,22.3339980518147,34.1685944695194
hierarchical,1015,2018,28.4,31.7476107329726,31.8668055295216,final,25.9495073206692,37.7841037383739
hierarchical,1016,2018,30.0,33.7155176357226,33.7224274045822,final,27.8051291957299,39.6397256134345
hierarchical,1001,2019,39.5,42.8565323454679,42.7973150335173,final,36.880016824665,48.7146132423696
hierarchical,1002,2019,33.9,36.1813211546299,36.1081291093778,final,30.1908309005255,42.0254273182301
hierarchical,1003,2019,28.2,32.0617533259897,31.9751390560182,final,26.0578408471659,37.8924372648705
hierarchical,1004,2019,37.6,36.1833971477619,36.2916276113938,final,30.3743294025414,42.2089258202461
hierarchical,1005,2019,30.9,30.4047760463208,30.1579449559455,final,24.2406467470932,36.0752431647978
hierarchical,1006,2019,34.4,36.7448294098835,36.7119858497169,final,30.7946876408646,42.6292840585692
hierarchical,1007,2019,29.5,30.1074723458291,30.045681906342,final,24.1283836974897,35.9629801151943
hierarchical,1008,2019,44.0,50.2854148625854,50.3160876019491,final,44.3987893930967,56.2333858108014
hierarchical,1009,2019,31.9,33.8103768347607,33.7499688187396,final,27.8326706098873,39.6672670275919
hierarchical,1010,2019,27.5,29.1031766272679,29.0772427244679,final,23.1599445156155,34.9945409333202
hierarchical,1011,2019,33.0,35.5289347952813,35.4027874123775,final,29.4854892035252,41.3200856212298
hierarchical,1012,2019,33.4,37.5132626512369,37.5005773638448,final,31.5832791549925,43.4178755726972
hierarchical,1013,2019,28.4,32.0248397448657,31.9726165352705,final,26.0553183264182,37.8899147441228
hierarchical,1014,2019,31.7,33.6018930553319,33.5274789726082,final,27.6101807637559,39.4447771814606
hierarchical,1015,2019,32.8,35.0219107452187,34.8343078742284,final,28.9170096653761,40.7516060830807
hierarchical,1016,2019,40.3,37.0796676535534,36.8714469757992,final,30.9541487669468,42.7887451846515
stress_lag,1001,1999,35.1,31.5001163600852,31.5001163600852,final,23.3502435500998,39.6499891700706
stress_lag,1002,1999,31.2,29.9072254167846,29.9072254167846,final,21.7573526067992,38.05709822677
stress_lag,1003,1999,27.9,29.1663505910811,29.1663505910811,final,21.0164777810957,37.3162234010666
stress_lag,1004,1999,28.6,28.7862488594862,28.7862488594862,final,20.6363760495008,36.9361216694716
stress_lag,1005,1999,30.0,29.449564657073,29.449564657073,final,21.2996918470876,37.5994374670585
stress_lag,1006,1999,30.1,29.9284727204017,29.9284727204017,final,21.7785999104163,38.0783455303872
stress_lag,1007,1999,26.0,28.8290363860088,28.8290363860088,final,20.6791635760234,36.9789091959942
stress_lag,1008,1999,37.1,31.766205795616,31.766205795616,final,23.6163329856306,39.9160786056014
stress_lag,1009,1999,27.8,29.0737901159784,29.0737901159784,final,20.9239173059929,37.2236629259638
stress_lag,1010,1999,24.0,27.4717832372444,27.4717832372444,final,19.321910427259,35.6216560472298
stress_lag,1011,1999,28.9,29.4238679859109,29.4238679859109,final,21.2739951759255,37.5737407958963
stress_lag,1012,1999,31.9,30.5482656302617,30.5482656302617,final,22.3983928202763,38.6981384402472
stress_lag,1013,1999,27.9,28.8937718968376,28.8937718968376,final,20.7438990868522,37.043644706823
stress_lag,1014,1999,27.1,28.4649978596429,28.4649978596429,final,20.3151250496575,36.6148706696283
stress_lag,1015,1999,35.3,30.6861057368413,30.6861057368413,final,22.5362329268559,38.8359785468267
stress_lag,1016,1999,31.6,29.636196684932,29.636196684932,final,21.4863238749466,37.7860694949174
stress_lag,1001,2000,31.5,28.7423277583634,30.6744844346204,final,22.524611624635,38.8243572446058
stress_lag,1002,2000,23.2,27.542105728362,28.2359734451291,final,20.0861006351437,36.3858462551146
stress_lag,1003,2000,22.1,26.3477175661983,25.6680323336231,final,17.5181595236376,33.8179051436085
stress_lag,1004,2000,26.2,26.7060612141614,26.6060963227101,final,18.4562235127246,34.7559691326955
stress_lag,1005,2000,20.8,27.4861394539978,27.7815732593831,final,19.6317004493977,35.9314460693685
stress_lag,1006,2000,29.0,27.258472824946,27.3505362390968,final,19.2006634291114,35.5004090490822
stress_lag,1007,2000,23.6,26.8215458846655,25.3031241556981,final,17.1532513457127,33.4529969656835
stress_lag,1008,2000,34.8,28.5129639035747,31.3757581248972,final,23.2258853149118,39.5256309348826
stress_lag,1009,2000,25.6,26.8713124221731,26.1876341917301,final,18.0377613817447,34.3375070017155
stress_lag,1010,2000,14.4,25.7101765516512,23.8467748888915,final,15.696902078906,31.9966476988769
stress_lag,1011,2000,23.5,27.884869424341,27.6036950510273,final,19.4538222410419,35.7535678610128
stress_lag,1012,2000,28.9,27.2177064405924,27.9432194983082,final,19.7933466883228,36.0930923082936
stress_lag,1013,2000,22.3,26.3607520913891,25.8273673497654,final,17.67749453978,33.9772401597508
stress_lag,1014,2000,21.1,26.7081727043286,25.9755407663563,final,17.8256679563709,34.1254135763417
stress_lag,1015,2000,28.1,28.4293933851928,30.9057974848312,final,22.7559246748457,39.0556702948166
stress_lag,1016,2000,22.8,27.88198457668,28.936011891339,final,20.7861390813536,37.0858847013245
stress_lag,1001,2001,33.1,31.6297392227568,33.1098578503503,final,24.9599850403649,41.2597306603357
stress_lag,1002,2001,33.4,30.3216311236418,27.991103414622,final,19.8412306046366,36.1409762246074
stress_lag,1003,2001,27.0,29.7023999536305,27.4225329703248,final,19.2726601603394,35.5724057803102
stress_lag,1004,2001,28.3,29.5261865096629,29.2545695210761,final,21.1046967110906,37.4044423310615
stress_lag,1005,2001,30.4,30.2139109479911,26.6252757929023,final,18.4754029829169,34.7751486028877
stress_lag,1006,2001,27.3,30.3131801978405,31.2479057875385,final,23.0980329775531,39.3977785975239
stress_lag,1007,2001,28.2,29.3889853631439,27.6598929780712,final,19.5100201680858,35.8097657880566
stress_lag,1008,2001,40.8,32.2722911900016,35.6467165833358,final,27.4968437733504,43.7965893933212
stress_lag,1009,2001,25.8,29.9862261100508,29.303877726099,final,21.1540049161136,37.4537505360844
stress_lag,1010,2001,26.9,27.9778880676669,21.9074048743725,final,13.7575320643871,30.057277684358
stress_lag,1011,2001,29.2,30.2215509491404,27.8680707869438,final,19.7181979769584,36.0179435969292
stress_lag,1012,2001,30.6,30.8099340993062,31.7128673764247,final,23.5629945664393,39.8627401864101
stress_lag,1013,2001,23.9,29.0205348977906,26.8410174331128,final,18.6911446231274,34.9908902430983
stress_lag,1014,2001,26.4,28.8945773451916,25.8845166276381,final,17.7346438176527,34.0343894376236
stress_lag,1015,2001,37.3,31.2544456183288,31.0776511182904,final,22.9277783083049,39.2275239282758
stress_lag,1016,2001,32.0,30.603298201783,27.8756571415015,final,19.7257843315161,36.0255299514869
stress_lag,1001,2002,34.3,31.9210749634063,32.7102044077837,final,24.5603315977982,40.8600772177691
stress_lag,1002,2002,33.2,30.8299491152134,32.4821944573928,final,24.3323216474074,40.6320672673782
stress_lag,1003,2002,28.2,30.0058267007875,28.5553742321495,final,20.4055014221641,36.7052470421349
stress_lag,1004,2002,31.1,30.0730111469537,29.4148830828373,final,21.2650102728519,37.5647558928227
stress_lag,1005,2002,25.5,30.5129289097404,30.6128080281182,final,22.4629352181328,38.7626808381037
stress_lag,1006,2002,31.5,30.8922427574923,29.2749859741145,final,21.125113164129,37.4248587840999
stress_lag,1007,2002,27.9,30.0945189952461,29.4563578108405,final,21.3064850008551,37.6062306208259
stress_lag,1008,2002,36.5,32.5288651382295,37.1059212763007,final,28.9560484663153,45.2557940862861
stress_lag,1009,2002,31.8,30.1588029724538,27.9119401468967,final,19.7620673369112,36.0618129568821
stress_lag,1010,2002,26.4,28.6667070896811,28.088174882943,final,19.9383020729576,36.2380476929284
stress_lag,1011,2002,36.7,30.6962712853102,30.1479767613892,final,21.9981039514037,38.2978495713746
stress_lag,1012,2002,31.6,31.1721270150141,31.0594496031525,final,22.9095767931671,39.2093224131379
stress_lag,1013,2002,27.8,29.6377942351008,26.8894621559541,final,18.7395893459687,35.0393349659395
stress_lag,1014,2002,28.1,29.2354349530174,27.8965266009503,final,19.7466537909649,36.0463994109357
stress_lag,1015,2002,35.5,31.5457727005797,34.7905882081435,final,26.6407153981581,42.9404610181289
stress_lag,1016,2002,32.4,31.0588030261105,31.8084513409179,final,23.6585785309325,39.9583241509034
stress_lag,1001,2003,31.1,28.9067940081328,30.1836285815632,final,22.0337557715777,38.3335013915486
stress_lag,1002,2003,27.2,28.6620766544246,29.9341482262207,final,21.7842754162353,38.0840210362061
stress_lag,1003,2003,24.2,27.2253134807295,26.2560765650129,final,18.1062037550275,34.4059493749983
stress_lag,1004,2003,30.1,28.9103852737035,29.4615984703894,final,21.311725660404,37.6114712803748
stress_lag,1005,2003,17.5,27.4930268503556,24.8024498680435,final,16.6525770580581,32.9523226780289
stress_lag,1006,2003,30.8,28.0122548082002,28.3384548555113,final,20.1885820455259,36.4883276654968
stress_lag,1007,2003,27.2,26.5880828079186,25.4102240347006,final,17.2603512247152,33.560096844686
stress_lag,1008,2003,36.1,29.5037759027769,31.6351933326104,final,23.4853205226249,39.7850661425958
stress_lag,1009,2003,29.8,27.7741809370302,28.6550565738609,final,20.5051837638755,36.8049293838464
stress_lag,1010,2003,25.2,28.6264353191271,27.4098312078481,final,19.2599583978627,35.5597040178335
stress_lag,1011,2003,26.6,29.4169062658798,32.6392727862595,final,24.489399976274,40.7891455962449
stress_lag,1012,2003,32.2,28.1854350634971,28.4150862764874,final,20.265213466502,36.5649590864728
stress_lag,1013,2003,26.9,27.4658290394399,26.4794342677965,final,18.3295614578111,34.6293070777819
stress_lag,1014,2003,28.9,29.185078116495,28.5756589117732,final,20.4257861017878,36.7255317217586
stress_lag,1015,2003,25.9,28.5022961385068,30.6246388140588,final,22.4747660040734,38.7745116240442
stress_lag,1016,2003,23.5,28.6967781840623,29.4166355312675,final,21.266762721282,37.5665083412529
stress_lag,1001,2004,40.1,33.2968178820007,34.4739719301502,final,26.3240991201648,42.6238447401357
stress_lag,1002,2004,36.0,32.3595973535169,31.574860553215,final,23.4249877432295,39.7247333632004
stress_lag,1003,2004,31.1,31.1004356563658,29.4766666059584,final,21.326793795973,37.6265394159438
stress_lag,1004,2004,31.3,31.4528033959305,32.0913023768703,final,23.9414295668849,40.2411751868558
stress_lag,1005,2004,35.3,32.3852880635103,27.0217553840521,final,18.8718825740667,35.1716281940375
stress_lag,1006,2004,33.9,32.0394762640648,33.5357358721022,final,25.3858630621168,41.6856086820876
stress_lag,1007,2004,29.9,31.6129680715834,31.9414008783795,final,23.791528068394,40.0912736883649
stress_lag,1008,2004,45.4,33.4436008534128,36.9839759606033,final,28.8341031506179,45.1338487705887
stress_lag,1009,2004,32.0,30.9225682349297,32.0098811091588,final,23.8600082991733,40.1597539191442
stress_lag,1010,2004,28.3,30.9285198342535,29.0894576478516,final,20.9395848378661,37.239330457837
stress_lag,1011,2004,32.1,32.0055427274423,30.4936315679641,final,22.3437587579787,38.6435043779496
stress_lag,1012,2004,35.7,32.2004178304898,34.3551453773266,final,26.2052725673412,42.505018187312
stress_lag,1013,2004,29.3,30.8288350240265,30.5251389978405,final,22.3752661878551,38.675011807826
stress_lag,1014,2004,29.5,31.5576720316788,31.4046627566196,final,23.2547899466342,39.554535566605
stress_lag,1015,2004,40.6,33.0625859098254,31.6658619152319,final,23.5159891052464,39.8157347252173
stress_lag,1016,2004,36.7,32.974748826175,30.1854948758444,final,22.035622065859,38.3353676858298
stress_lag,1001,2005,39.1,32.0436179667465,35.6950731425021,final,27.5452003325166,43.8449459524875
stress_lag,1002,2005,29.3,31.3529314466381,33.3068357894553,final,25.1569629794698,41.4567085994407
stress_lag,1003,2005,28.3,30.2762961414956,30.2760623127278,final,22.1261895027424,38.4259351227132
stress_lag,1004,2005,30.1,31.0621071729987,30.980093382795,final,22.8302205728095,39.1299661927804
stress_lag,1005,2005,31.1,30.6471828170909,32.2115889731709,final,24.0617161631855,40.3614617831563
stress_lag,1006,2005,33.2,31.0320939663617,32.0306882869845,final,23.8808154769991,40.18056109697
stress_lag,1007,2005,28.6,30.014131916584,29.0947347841247,final,20.9448619741392,37.2446075941101
stress_lag,1008,2005,43.1,32.2157274048657,38.6330560593049,final,30.4831832493194,46.7829288692903
stress_lag,1009,2005,28.6,30.5688228282874,31.1471101248571,final,22.9972373148717,39.2969829348425
stress_lag,1010,2005,28.4,29.7037609087807,28.2929619345819,final,20.1430891245965,36.4428347445673
stress_lag,1011,2005,29.6,31.3190137973848,31.3697116165504,final,23.2198388065649,39.5195844265358
stress_lag,1012,2005,33.1,30.9343817223255,32.8127038375061,final,24.6628310275207,40.9625766474916
stress_lag,1013,2005,28.7,29.8647893288897,29.0442214733581,final,20.8943486633727,37.1940942833435
stress_lag,1014,2005,24.0,30.3154187122358,29.2110094725945,final,21.0611366626091,37.36088228258
stress_lag,1015,2005,35.7,31.9352539667161,35.9807916598148,final,27.8309188498293,44.1306644698002
stress_lag,1016,2005,32.3,31.6257923039751,33.6252371878133,final,25.4753643778279,41.7751099977987
stress_lag,1001,2006,26.9,30.2838670167374,34.0712215591452,final,25.9213487491598,42.2210943691306
stress_lag,1002,2006,27.9,29.9891828518126,28.8873180146998,final,20.7374452047144,37.0371908246852
stress_lag,1003,2006,23.7,28.872122602209,27.8113900436027,final,19.6615172336173,35.9612628535881
stress_lag,1004,2006,22.4,29.6956119526544,29.1792225402377,final,21.0293497302523,37.3290953502231
stress_lag,1005,2006,19.6,29.2490668543804,29.4921063052618,final,21.3422334952763,37.6419791152472
stress_lag,1006,2006,26.6,30.2553627867696,31.4189376506758,final,23.2690648406903,39.5688104606612
stress_lag,1007,2006,23.3,28.7228408429907,27.9638373036984,final,19.8139644937129,36.1137101136838
stress_lag,1008,2006,32.3,31.1445249243849,36.9864137364876,final,28.8365409265022,45.136286546473
stress_lag,1009,2006,25.0,29.8109179766477,28.7541965510261,final,20.6043237410407,36.9040693610116
stress_lag,1010,2006,21.4,28.9665117243849,28.2667473441665,final,20.1168745341811,36.4166201541519
stress_lag,1011,2006,27.5,30.4797332244294,29.5570911844568,final,21.4072183744714,37.7069639944422
stress_lag,1012,2006,25.5,30.1939479311703,31.3562948934549,final,23.2064220834695,39.5061677034403
stress_lag,1013,2006,21.1,28.91878624342,28.2936117368628,final,20.1437389268774,36.4434845468482
stress_lag,1014,2006,23.8,29.4825145133024,26.0928553885164,final,17.942982578531,34.2427281985018
stress_lag,1015,2006,28.7,30.4481198767801,32.4687627392238,final,24.3188899292384,40.6186355492092
stress_lag,1016,2006,28.3,30.8421156440237,31.203981479523,final,23.0541086695376,39.3538542895084
stress_lag,1001,2007,34.3,32.4918297133858,30.675615107041,final,22.5257422970556,38.8254879170264
stress_lag,1002,2007,34.5,31.8221817098473,30.7008597453555,final,22.5509869353701,38.8507325553409
stress_lag,1003,2007,31.3,30.641524509984,27.8655038893524,final,19.7156310793669,36.0153766993378
stress_lag,1004,2007,29.8,31.8336811864537,27.9179253588472,final,19.7680525488618,36.0677981688327
stress_lag,1005,2007,27.9,31.1512317306255,25.9723118523201,final,17.8224390423347,34.1221846623055
stress_lag,1006,2007,32.5,31.2582381735926,29.2963043115399,final,21.1464315015545,37.4461771215253
stress_lag,1007,2007,28.1,30.476466183152,27.5658781788931,final,19.4160053689077,35.7157509888786
stress_lag,1008,2007,41.3,32.8103857217789,33.4305610121256,final,25.2806882021402,41.580433822111
stress_lag,1009,2007,30.6,30.3759045660032,27.7937524140729,final,19.6438796040875,35.9436252240584
stress_lag,1010,2007,28.0,30.3012060880309,26.2400508934166,final,18.0901780834312,34.389923703402
stress_lag,1011,2007,32.2,31.7484541611533,30.1491492894041,final,21.9992764794186,38.2990220993895
stress_lag,1012,2007,31.3,30.9332911213636,28.4139200137386,final,20.2640472037532,36.563792823724
stress_lag,1013,2007,29.0,30.6082417885457,26.4116839129118,final,18.2618111029263,34.5615567228972
stress_lag,1014,2007,27.8,30.7258975610867,27.6759355475744,final,19.526062737589,35.8258083575599
stress_lag,1015,2007,36.1,32.0937018818469,31.1554378075953,final,23.0055649976099,39.3053106175807
stress_lag,1016,2007,33.5,32.2329837468339,30.8685602807649,final,22.7186874707795,39.0184330907503
stress_lag,1001,2008,35.3,32.3229706184364,33.2934654011993,final,25.1435925912139,41.4433382111848
stress_lag,1002,2008,25.4,29.6342002224971,31.0714590354636,final,22.9215862254782,39.221331845449
stress_lag,1003,2008,26.9,29.2254234385129,29.5788453658439,final,21.4289725558585,37.7287181758294
stress_lag,1004,2008,33.4,31.7293809876844,30.6378482952894,final,22.487975485304,38.7877211052748
stress_lag,1005,2008,19.7,29.9057630066647,28.1607374106331,final,20.0108646006477,36.3106102206185
stress_lag,1006,2008,33.9,31.3130622992669,31.9795500647634,final,23.829677254778,40.1294228747488
stress_lag,1007,2008,27.4,29.2330005494846,27.9574857104036,final,19.8076129004182,36.107358520389
stress_lag,1008,2008,43.9,32.9331945729334,37.4898043268253,final,29.3399315168399,45.6396771368107
stress_lag,1009,2008,31.8,32.1673466038672,32.287624794005,final,24.1377519840196,40.4374976039904
stress_lag,1010,2008,26.8,29.4609005501888,28.225779876528,final,20.0759070665425,36.3756526865134
stress_lag,1011,2008,26.8,29.4763079375438,29.718665023059,final,21.5687922130736,37.8685378330444
stress_lag,1012,2008,33.6,31.4764116759535,31.6732344288458,final,23.5233616188604,39.8231072388312
stress_lag,1013,2008,32.4,30.3498261819419,29.486638529341,final,21.3367657193556,37.6365113393265
stress_lag,1014,2008,26.8,29.6063759928875,28.0359662040779,final,19.8860933940925,36.1858390140633
stress_lag,1015,2008,27.6,30.5548178367975,32.7051083545901,final,24.5552355446046,40.8549811645755
stress_lag,1016,2008,25.5,30.1497388339749,30.8297813457209,final,22.6799085357355,38.9796541557063
stress_lag,1001,2009,35.9,34.2791008607127,35.8769545055426,final,27.7270816955572,44.026827315528
stress_lag,1002,2009,33.8,33.374317887827,31.1017060351005,final,22.9518332251151,39.2515788450859
stress_lag,1003,2009,32.2,32.0812049049567,30.8330861124411,final,22.6832133024557,38.9829589224265
stress_lag,1004,2009,31.1,32.3738918374605,33.2705590636834,final,25.1206862536979,41.4204318736688
stress_lag,1005,2009,35.4,32.4134251650493,26.9357111325783,final,18.7858383225929,35.0855839425638
stress_lag,1006,2009,31.9,32.4877232513314,33.8762039494605,final,25.726331139475,42.0260767594459
stress_lag,1007,2009,26.9,31.5245684604583,30.5407465918845,final,22.3908737818991,38.6906194018699
stress_lag,1008,2009,44.9,34.2753146436131,40.1615010992452,final,32.0116282892598,48.3113739092306
stress_lag,1009,2009,30.4,31.4008148867792,31.2036498491951,final,23.0537770392096,39.3535226591805
stress_lag,1010,2009,28.4,31.6977057796712,30.2695271835916,final,22.1196543736062,38.4193999935771
stress_lag,1011,2009,34.8,33.084271143247,31.6478229781149,final,23.4979501681295,39.7976957881003
stress_lag,1012,2009,31.1,32.6006471290827,33.7404354579146,final,25.5905626479292,41.8903082679001
stress_lag,1013,2009,28.5,31.6498842965736,32.7502690384932,final,24.6003962285078,40.9001418484786
stress_lag,1014,2009,31.0,32.2663031511977,30.760043879197,final,22.6101710692116,38.9099166891825
stress_lag,1015,2009,39.8,33.8580644036417,32.2721323065069,final,24.1222594965215,40.4220051164923
stress_lag,1016,2009,39.5,33.1344011684214,30.6387583006067,final,22.4888854906213,38.7886311105921
stress_lag,1001,2010,39.1,35.0419614410234,35.9119426423012,final,27.7620698323157,44.0618154522866
stress_lag,1002,2010,32.9,34.2491257749293,34.4776010861529,final,26.3277282761675,42.6274738961384
stress_lag,1003,2010,31.9,33.0471902215738,33.1109508202358,final,24.9610780102503,41.2608236302212
stress_lag,1004,2010,30.5,33.13148554662,32.4477527194565,final,24.2978799094711,40.5976255294419
stress_lag,1005,2010,35.0,33.2986699101666,34.9016468626738,final,26.7517740526883,43.0515196726592
stress_lag,1006,2010,30.6,33.8753841778785,33.5599369252894,final,25.410064115304,41.7098097352749
stress_lag,1007,2010,29.0,32.13721862609,29.6550853908354,final,21.50521258085,37.8049582008208
stress_lag,1008,2010,44.0,35.3029496645214,41.0055108575712,final,32.8556380475858,49.1553836675566
stress_lag,1009,2010,31.8,32.9952432137945,32.4580783055328,final,24.3082054955474,40.6079511155182
stress_lag,1010,2010,33.5,32.1062694729048,30.3362999750369,final,22.1864271650515,38.4861727850223
stress_lag,1011,2010,36.6,33.8476237812695,34.7685027031506,final,26.6186298931651,42.918375513136
stress_lag,1012,2010,28.4,34.1982984925499,33.392859856419,final,25.2429870464335,41.5427326664044
stress_lag,1013,2010,24.7,32.7809386178978,31.0903089804338,final,22.9404361704484,39.2401817904192
stress_lag,1014,2010,44.8,33.258654472217,32.5789947019335,final,24.429121891948,40.7288675119189
stress_lag,1015,2010,37.2,34.6624064751992,37.8516069274295,final,29.701734117444,46.0014797374149
stress_lag,1016,2010,42.6,34.1398189533382,37.5564111299397,final,29.4065383199542,45.7062839399251
stress_lag,1001,2011,39.3,32.5897588169937,34.7678198541056,final,26.6179470441201,42.917692664091
stress_lag,1002,2011,32.1,31.3829605192209,30.6588475661695,final,22.5089747561841,38.8087203761549
stress_lag,1003,2011,32.3,30.5889256336794,29.9731970526293,final,21.8233242426438,38.1230698626147
stress_lag,1004,2011,31.2,32.319960648563,30.907569894873,final,22.7576970848876,39.0574427048584
stress_lag,1005,2011,23.8,30.7529872390095,31.6661379461991,final,23.5162651362137,39.8160107561846
stress_lag,1006,2011,34.2,33.1113559074089,31.3533670278727,final,23.2034942178873,39.5032398378581
stress_lag,1007,2011,28.3,29.7864867911834,28.102655167831,final,19.9527823578455,36.2525279778164
stress_lag,1008,2011,45.8,33.5897254573393,38.2576718551389,final,30.1077990451535,46.4075446651243
stress_lag,1009,2011,30.1,31.9441839988667,31.3026640537002,final,23.1527912437148,39.4525368636857
stress_lag,1010,2011,26.7,30.685905138709,31.4339586904882,final,23.2840858805028,39.5838315004737
stress_lag,1011,2011,32.2,31.3158049383439,32.7930810446119,final,24.6432082346265,40.9429538545973
stress_lag,1012,2011,35.2,32.7311179544918,29.6190114910795,final,21.4691386810941,37.7688843010649
stress_lag,1013,2011,28.9,31.4484066365931,27.1111443629259,final,18.9612715529404,35.2610171729113
stress_lag,1014,2011,31.1,31.3926081622032,37.587166110477,final,29.4372933004916,45.7370389204624
stress_lag,1015,2011,32.6,31.4325471724425,32.7945434926031,final,24.6446706826177,40.9444163025885
stress_lag,1016,2011,32.5,31.9948990559814,36.5357111840193,final,28.3858383740339,44.6855839940048
stress_lag,1001,2012,40.5,34.6508858682918,38.2524570850068,final,30.1025842750213,46.4023298949922
stress_lag,1002,2012,36.5,34.3947724494274,34.7796272832242,final,26.6297544732388,42.9295000932096
stress_lag,1003,2012,31.8,32.9690602408955,33.887440969595,final,25.7375681596096,42.0373137795805
stress_lag,1004,2012,32.8,33.9842424023429,33.3831286829235,final,25.2332558729381,41.5330014929089
stress_lag,1005,2012,34.3,33.6447674904598,29.9129077812111,final,21.7630349712256,38.0627805911965
stress_lag,1006,2012,35.6,33.1595548238474,33.7438600853412,final,25.5939872753557,41.8937328953266
stress_lag,1007,2012,31.2,32.7052693571825,31.9074309643224,final,23.757558154337,40.0573037743078
stress_lag,1008,2012,46.5,34.281730953057,40.8353215233042,final,32.6854487133188,48.9851943332897
stress_lag,1009,2012,31.9,33.0405714857569,32.0507471519512,final,23.9008743419658,40.2006199619366
stress_lag,1010,2012,29.5,32.8233375874354,30.6839925432534,final,22.534119733268,38.8338653532388
stress_lag,1011,2012,34.8,34.1935207142119,34.6680925510762,final,26.5182197410908,42.8179653610617
stress_lag,1012,2012,35.5,32.85142242488,34.1765394020589,final,26.0266665920734,42.3264122120443
stress_lag,1013,2012,29.8,32.7330580280005,31.3652580129902,final,23.2153852030047,39.5151308229756
stress_lag,1014,2012,33.7,33.6825399893767,33.5254891314379,final,25.3756163214525,41.6753619414233
stress_lag,1015,2012,38.6,35.1805144771602,35.8071185567948,final,27.6572457468094,43.9569913667802
stress_lag,1016,2012,37.2,34.3219381998983,34.5930397850574,final,26.443166975072,42.7429125950429
stress_lag,1001,2013,40.0,35.821956232502,38.9613368487145,final,30.8114640387291,47.1112096586999
stress_lag,1002,2013,37.9,33.6451892882729,34.7751228843975,final,26.6252500744121,42.9249956943829
stress_lag,1003,2013,30.2,33.4224865251939,32.795019702559,final,24.6451468925735,40.9448925125444
stress_lag,1004,2013,32.3,33.3067323834545,32.6711168767134,final,24.5212440667279,40.8209896866988
stress_lag,1005,2013,40.1,33.6544687102368,34.0061500406474,final,25.856277230662,42.1560228506328
stress_lag,1006,2013,31.5,34.1269561329036,35.4368102592592,final,27.2869374492738,43.5866830692446
stress_lag,1007,2013,32.0,32.6990556809328,31.8911361677027,final,23.7412633577172,40.0410089776881
stress_lag,1008,2013,42.3,36.0652568692615,42.6231383100943,final,34.4732655001089,50.7730111200798
stress_lag,1009,2013,29.2,33.0225197289071,32.410343605624,final,24.2604707956385,40.5602164156094
stress_lag,1010,2013,29.6,31.5722179564741,29.7884911615794,final,21.6386183515939,37.9383639715648
stress_lag,1011,2013,37.4,32.9171388211814,33.2426529539312,final,25.0927801439458,41.3925257639166
stress_lag,1012,2013,32.8,34.3779553655315,35.799519881565,final,27.6496470715796,43.9493926915505
stress_lag,1013,2013,29.7,32.872751405722,31.2984983971485,final,23.1486255871631,39.448371207134
stress_lag,1014,2013,35.6,32.3194310986961,32.3288023671781,final,24.1789295571926,40.4786751771635
stress_lag,1015,2013,39.2,34.7611915760602,36.5965236154246,final,28.4466508054391,44.74639642541
stress_lag,1016,2013,42.2,34.007044114256,35.5517791329352,final,27.4019063229498,43.7016519429206
stress_lag,1001,2014,46.4,37.4041407577414,39.6466118947408,final,31.4967390847554,47.7964847047262
stress_lag,1002,2014,40.2,35.8262174606909,38.1098915305194,final,29.960018720534,46.2597643405048
stress_lag,1003,2014,36.3,35.4646119180714,33.7350146653255,final,25.5851418553401,41.8848874753109
stress_lag,1004,2014,35.6,35.7569870227499,35.2166460310778,final,27.0667732210924,43.3665188410632
stress_lag,1005,2014,44.1,36.1157327944762,39.5752269224125,final,31.4253541124271,47.7250997323979
stress_lag,1006,2014,37.9,36.098082562388,34.688122869762,final,26.5382500597765,42.8379956797474
stress_lag,1007,2014,33.3,35.4796998358508,35.104497402635,final,26.9546245926496,43.2543702126205
stress_lag,1008,2014,52.1,38.173545359369,41.5199036780754,final,33.37003086809,49.6697764880608
stress_lag,1009,2014,34.9,35.0168079290416,32.9651563332953,final,24.8152835233099,41.1150291432807
stress_lag,1010,2014,31.7,34.4825202207579,33.42397653635,final,25.2741037263645,41.5738493463354
stress_lag,1011,2014,40.6,35.8810512053803,38.2871262405146,final,30.1372534305292,46.4369990505001
stress_lag,1012,2014,38.7,36.8866872034677,36.0397551080683,final,27.8898822980829,44.1896279180537
stress_lag,1013,2014,34.5,34.8113563724738,33.1084533278591,final,24.9585805178737,41.2583261378445
stress_lag,1014,2014,37.4,35.3179142083845,37.0786858717501,final,28.9288130617647,45.2285586817355
stress_lag,1015,2014,43.6,36.8319024171793,39.2143331257296,final,31.0644603157442,47.364205935715
stress_lag,1016,2014,49.7,36.6796196477437,41.0770046735814,final,32.927131863596,49.2268774835668
stress_lag,1001,2015,42.9,35.894488483508,40.722813849605,final,32.5729410396196,48.8726866595904
stress_lag,1002,2015,32.0,35.1090469719427,37.4565764976532,final,29.3067036876678,45.6064493076387
stress_lag,1003,2015,30.4,33.740257488801,34.1886332756923,final,26.0387604657069,42.3385060856777
stress_lag,1004,2015,34.2,34.9467255849476,34.8624663270291,final,26.7125935170437,43.0123391370145
stress_lag,1005,2015,34.2,34.2870162093461,38.5723922740396,final,30.4225194640542,46.722265084025
stress_lag,1006,2015,33.7,35.1146659989457,36.0818047054701,final,27.9319318954847,44.2316775154556
stress_lag,1007,2015,26.7,33.1130268324726,31.9431219101637,final,23.7932491001783,40.0929947201492
stress_lag,1008,2015,43.8,36.3837210682576,43.8584327539726,final,35.7085599439872,52.008305563958
stress_lag,1009,2015,32.0,34.3524208565613,34.2897268246112,final,26.1398540146258,42.4395996345966
stress_lag,1010,2015,26.8,33.1433397847952,31.6498845625912,final,23.5000117526057,39.7997573725766
stress_lag,1011,2015,36.8,34.9956994088522,37.5284891683165,final,29.3786163583311,45.678361978302
stress_lag,1012,2015,33.2,35.1830515741306,36.1563064835712,final,28.0064336735858,44.3061792935566
stress_lag,1013,2015,31.7,34.1447308373866,33.9776172987432,final,25.8277444887578,42.1274901087287
stress_lag,1014,2015,31.4,33.969909160525,35.0874219373838,final,26.9375491273984,43.2372947473692
stress_lag,1015,2015,37.3,35.8130436794557,39.44566801909,final,31.2957952091046,47.5955408290754
stress_lag,1016,2015,45.5,35.6761801270275,42.6645767924299,final,34.5147039824445,50.8144496024153
stress_lag,1001,2016,44.6,37.1299208828669,40.8899718181537,final,32.7400990081683,49.0398446281391
stress_lag,1002,2016,36.0,34.7532303889161,33.0845192680817,final,24.9346464580963,41.2343920780672
stress_lag,1003,2016,31.0,33.6994013173405,31.9065931454749,final,23.7567203354895,40.0564659554604
stress_lag,1004,2016,38.1,34.3873694385671,33.9865812552239,final,25.8367084452385,42.1364540652093
stress_lag,1005,2016,35.8,35.6531836350178,35.6064796393757,final,27.4566068293903,43.7563524493611
stress_lag,1006,2016,36.7,34.5771739465141,33.8178837505118,final,25.6680109405264,41.9677565604972
stress_lag,1007,2016,31.0,34.2748559909298,30.832807900267,final,22.6829350902815,38.9826807102524
stress_lag,1008,2016,52.4,36.7596239862731,40.7401451042527,final,32.5902722942673,48.8900179142382
stress_lag,1009,2016,34.0,34.2598857024425,32.9972766522571,final,24.8474038422716,41.1471494622425
stress_lag,1010,2016,28.5,32.5678845216047,29.163239388339,final,21.0133665783536,37.3131121983244
stress_lag,1011,2016,36.0,34.8981866801941,35.866604490844,final,27.7167316808586,44.0164773008295
stress_lag,1012,2016,37.7,34.838147328996,33.7737889436764,final,25.6239161336909,41.9236617536618
stress_lag,1013,2016,30.9,32.9905281985909,31.6783738398407,final,23.5285010298553,39.8282466498261
stress_lag,1014,2016,33.1,33.4357186160459,32.0563776043459,final,23.9065047943605,40.2062504143313
stress_lag,1015,2016,38.0,36.1238977044054,36.9219881066025,final,28.7721152966171,45.0718609165879
stress_lag,1016,2016,41.2,35.9845893343719,41.2573039697703,final,33.1074311597849,49.4071767797557
stress_lag,1001,2017,45.3,36.5924242379893,40.6018213969148,final,32.4519485869294,48.7516942069002
stress_lag,1002,2017,40.1,36.4977788985619,37.1669544799891,final,29.0170816700036,45.3168272899745
stress_lag,1003,2017,34.1,34.9920545973444,33.543211579374,final,25.3933387693886,41.6930843893594
stress_lag,1004,2017,40.3,34.9818563185189,36.9745273721639,final,28.8246545621785,45.1244001821493
stress_lag,1005,2017,39.2,35.7069709668036,35.785771352638,final,27.6358985426526,43.9356441626234
stress_lag,1006,2017,37.7,34.2335095651594,35.3728887623915,final,27.2230159524061,43.5227615723769
stress_lag,1007,2017,32.0,34.7494665306013,32.9917611435447,final,24.8418883335592,41.1416339535301
stress_lag,1008,2017,51.3,36.5738855521684,44.9685060335147,final,36.8186332235293,53.1183788435001
stress_lag,1009,2017,35.4,34.1519951820536,34.012507369317,final,25.8626345593316,42.1623801793024
stress_lag,1010,2017,31.0,34.3492304404306,32.1658848040569,final,24.0160119940715,40.3157576140424
stress_lag,1011,2017,38.6,36.4123717198798,37.0037452682487,final,28.8538724582633,45.1536180782342
stress_lag,1012,2017,39.6,34.9937865787361,36.5298217114925,final,28.3799489015071,44.679694521478
stress_lag,1013,2017,33.1,33.6375021259514,32.515458076798,final,24.3655852668126,40.6653308867835
stress_lag,1014,2017,31.6,34.8975908826407,34.7174014570313,final,26.5675286470459,42.8672742670167
stress_lag,1015,2017,42.1,36.9290998999907,37.9360556625552,final,29.7861828525698,46.0859284725407
stress_lag,1016,2017,44.2,37.1692754919388,39.9685300081914,final,31.818657198206,48.1184028181768
stress_lag,1001,2018,38.0,34.7863655316055,39.4599612156539,final,31.3100884056685,47.6098340256394
stress_lag,1002,2018,30.0,31.8246377528234,33.7580490090445,final,25.6081761990591,41.9079218190299
stress_lag,1003,2018,28.1,31.9544463061824,31.4756560400932,final,23.3257832301078,39.6255288500787
stress_lag,1004,2018,36.9,32.6311655402579,35.4855596949842,final,27.3356868849988,43.6354325049696
stress_lag,1005,2018,22.2,32.7106821765321,34.5854870430055,final,26.43561423302,42.7353598529909
stress_lag,1006,2018,34.9,34.3893746281768,36.2499354981433,final,28.1000626881579,44.3998083081288
stress_lag,1007,2018,27.7,31.7705060807537,30.2947916842261,final,22.1449188742407,38.4446644942115
stress_lag,1008,2018,44.3,35.419637131143,43.3235482548858,final,35.1736754449004,51.4734210648713
stress_lag,1009,2018,31.1,32.9834554197452,33.6532939707082,final,25.5034211607227,41.8031667806936
stress_lag,1010,2018,24.7,29.7544256793377,27.9568014772525,final,19.8069286672671,36.106674287238
stress_lag,1011,2018,28.7,31.5904221778181,32.7645825144847,final,24.6147097044993,40.9144553244701
stress_lag,1012,2018,34.7,34.3246975431562,36.7969791234493,final,28.6471063134638,44.9468519334347
stress_lag,1013,2018,29.7,31.8620002041357,31.5735080124314,final,23.423635202446,39.7233808224168
stress_lag,1014,2018,27.0,31.3160820067994,29.5461741773315,final,21.3963013673461,37.696046987317
stress_lag,1015,2018,28.4,33.2056376040635,35.9810020741016,final,27.8311292641162,44.130874884087
stress_lag,1016,2018,30.0,33.3402939300696,37.1138773721988,final,28.9640045622133,45.2637501821842
stress_lag,1001,2019,39.5,33.3226798621201,35.0475259722308,final,26.8976531622454,43.1973987822162
stress_lag,1002,2019,33.9,32.8253639109469,31.8460305856199,final,23.6961577756344,39.9959033956053
stress_lag,1003,2019,28.2,31.2226101755648,29.1538227066619,final,21.0039498966765,37.3036955166473
stress_lag,1004,2019,37.6,32.7214337780049,35.0126347795522,final,26.8627619695668,43.1625075895376
stress_lag,1005,2019,30.9,31.4446015609594,25.8032290137394,final,17.6533562037539,33.9531018237248
stress_lag,1006,2019,34.4,32.3819716047123,32.6560383023953,final,24.5061654924098,40.8059111123807
stress_lag,1007,2019,29.5,30.8259410026057,28.6411883032493,final,20.4913154932639,36.7910611132347
stress_lag,1008,2019,44.0,33.6282282972273,38.3945635794012,final,30.2446907694158,46.5444363893867
stress_lag,1009,2019,31.9,33.0281462959723,32.0172439091998,final,23.8673710992144,40.1671167191852
stress_lag,1010,2019,27.5,30.6866298391863,27.9737803979726,final,19.8239075879872,36.1236532079581
stress_lag,1011,2019,33.0,32.7329558441087,31.1815866703527,final,23.0317138603672,39.3314594803381
stress_lag,1012,2019,33.4,32.1667913982502,32.3682265611999,final,24.2183537512145,40.5180993711854
stress_lag,1013,2019,28.4,32.1370397710237,30.976634728435,final,22.8267619184496,39.1265075384204
stress_lag,1014,2019,31.7,31.7066921897379,29.3901321286723,final,21.2402593186868,37.5400049386577
stress_lag,1015,2019,32.8,32.2590214369675,29.679703406404,final,21.5298305964186,37.8295762163894
stress_lag,1016,2019,40.3,33.5067306725215,31.7139029416236,final,23.5640301316382,39.8637757516091
ensemble,1001,1999,35.1,34.3135844120632,34.3135844120632,final,28.5604769767807,40.0666918473458
ensemble,1002,1999,31.2,30.7813365775472,30.7813365775472,final,25.0282291422646,36.5344440128298
ensemble,1003,1999,27.9,28.11766159008,28.11766159008,final,22.3645541547974,33.8707690253626
ensemble,1004,1999,28.6,28.5564900646913,28.5564900646913,final,22.8033826294087,34.3095974999739
ensemble,1005,1999,30.0,28.6023832592202,28.6023832592202,final,22.8492758239376,34.3554906945028
ensemble,1006,1999,30.1,30.842430268338,30.842430268338,final,25.0893228330554,36.5955377036206
ensemble,1007,1999,26.0,27.0221173582203,27.0221173582203,final,21.2690099229377,32.7752247935029
ensemble,1008,1999,37.1,37.6214670377073,37.6214670377073,final,31.8683596024247,43.3745744729899
ensemble,1009,1999,27.8,28.6735776683734,28.6735776683734,final,22.9204702330908,34.426685103656
ensemble,1010,1999,24.0,24.8127113421898,24.8127113421898,final,19.0596039069072,30.5658187774724
ensemble,1011,1999,28.9,28.5413745752066,28.5413745752066,final,22.788267139924,34.2944820104892
ensemble,1012,1999,31.9,31.6462135172967,31.6462135172967,final,25.8931060820141,37.3993209525793
ensemble,1013,1999,27.9,27.9463205946846,27.9463205946846,final,22.193213159402,33.6994280299672
ensemble,1014,1999,27.1,26.6034200383006,26.6034200383006,final,20.850312603018,32.3565274735832
ensemble,1015,1999,35.3,34.8350272916159,34.8350272916159,final,29.0819198563333,40.5881347268985
ensemble,1016,1999,31.6,29.996563376562,29.996563376562,final,24.2434559412794,35.7496708118446
ensemble,1001,2000,31.5,31.8274342900527,31.8815834011898,final,26.1284759659072,37.6346908364724
ensemble,1002,2000,23.2,26.396760124925,26.4529061189973,final,20.6997986837147,32.2060135542799
ensemble,1003,2000,22.1,24.6132377153765,24.5680098492483,final,18.8149024139657,30.3211172845309
ensemble,1004,2000,26.2,27.3866204954684,27.4035659703972,final,21.6504585351146,33.1566734056798
ensemble,1005,2000,20.8,24.3232614200428,24.4292469774514,final,18.6761395421688,30.182354412734
ensemble,1006,2000,29.0,28.7920973374761,28.6553230353554,final,22.9022156000728,34.408430470638
ensemble,1007,2000,23.6,24.7264106337253,24.6037116749632,final,18.8506042396806,30.3568191102458
ensemble,1008,2000,34.8,35.7316849634368,35.6771623224362,final,29.9240548871536,41.4302697577188
ensemble,1009,2000,25.6,26.6668607841358,26.5607336959616,final,20.807626260679,32.3138411312442
ensemble,1010,2000,14.4,22.706439410069,22.6633172332658,final,16.9102097979832,28.4164246685484
ensemble,1011,2000,23.5,26.1249537012958,26.1692005823832,final,20.4160931471006,31.9223080176657
ensemble,1012,2000,28.9,29.181496497489,29.1982848605991,final,23.4451774253165,34.9513922958817
ensemble,1013,2000,22.3,25.7287177142874,25.7070507779359,final,19.9539433426534,31.4601582132185
ensemble,1014,2000,21.1,23.6823572963851,23.7522713673781,final,17.9991639320955,29.5053788026607
ensemble,1015,2000,28.1,30.9693785798122,31.0647118802758,final,25.3116044449932,36.8178193155584
ensemble,1016,2000,22.8,27.4610873932278,27.6148372280514,final,21.8617297927688,33.367944663334
ensemble,1001,2001,33.1,34.3989330676893,34.4744281020337,final,28.7213206667511,40.2275355373163
ensemble,1002,2001,33.4,31.8999885730078,31.6684532043401,final,25.9153457690575,37.4215606396227
ensemble,1003,2001,27.0,27.9251823560715,27.7548421584055,final,22.0017347231229,33.5079495936881
ensemble,1004,2001,28.3,28.7014639816915,28.7521552022686,final,22.9990477669861,34.5052626375512
ensemble,1005,2001,30.4,30.0498816025448,29.7273467155415,final,23.9742392802589,35.4804541508241
ensemble,1006,2001,27.3,30.2179824639722,30.3570337193702,final,24.6039262840877,36.1101411546528
ensemble,1007,2001,28.2,27.609834740599,27.5837129368924,final,21.8306055016098,33.336820372175
ensemble,1008,2001,40.8,39.2673643706288,39.3308418553276,final,33.577734420045,45.0839492906102
ensemble,1009,2001,25.8,28.4691448859099,28.4853087554903,final,22.7322013202077,34.2384161907729
ensemble,1010,2001,26.9,26.1540476308604,25.5210417082256,final,19.767934272943,31.2741491435082
ensemble,1011,2001,29.2,30.1284820902889,29.9704097178971,final,24.2173022826146,35.7235171531797
ensemble,1012,2001,30.6,31.081618142114,31.1637814594294,final,25.4106740241468,36.916888894712
ensemble,1013,2001,23.9,26.8310259464804,26.6706192779681,final,20.9175118426855,32.4237267132507
ensemble,1014,2001,26.4,26.9142646924969,26.7753358800621,final,21.0222284447795,32.5284433153447
ensemble,1015,2001,37.3,35.329453811698,35.2061842668465,final,29.4530768315639,40.9592917021291
ensemble,1016,2001,32.0,32.4448190771654,32.1015327549351,final,26.3484253196525,37.8546401902177
ensemble,1001,2002,34.3,34.3707820804917,34.2465572073053,final,28.4934497720227,39.9996646425879
ensemble,1002,2002,33.2,31.8231774578245,32.0205336351863,final,26.2674261999037,37.7736410704689
ensemble,1003,2002,28.2,28.4872800999975,28.393574783301,final,22.6404673480184,34.1466822185836
ensemble,1004,2002,31.1,30.7832314201549,30.7625709439921,final,25.0094635087095,36.5156783792747
ensemble,1005,2002,25.5,27.9454908312078,28.0071523725213,final,22.2540449372387,33.7602598078039
ensemble,1006,2002,31.5,31.6078517284646,31.3384579680779,final,25.5853505327953,37.0915654033604
ensemble,1007,2002,27.9,28.2292889124397,28.2651640749413,final,22.5120566396587,34.0182715102239
ensemble,1008,2002,36.5,38.2695817742876,38.4855760345302,final,32.7324685992476,44.2386834698128
ensemble,1009,2002,31.8,30.1776886507474,29.8824994498275,final,24.1293920145449,35.6356068851101
ensemble,1010,2002,26.4,26.7027904604712,26.8186593824933,final,21.0655519472107,32.5717668177758
ensemble,1011,2002,36.7,31.0219592023996,30.9218767440075,final,25.1687693087249,36.6749841792901
ensemble,1012,2002,31.6,32.2065570241509,32.1716754841982,final,26.4185680489157,37.9247829194808
ensemble,1013,2002,27.8,28.2432660279635,28.0236456304648,final,22.2705381951822,33.7767530657474
ensemble,1014,2002,28.1,28.0838122948151,28.0301512206947,final,22.2770437854121,33.7832586559773
ensemble,1015,2002,35.5,34.4980750346151,34.7857124365965,final,29.0326050013139,40.5388198718791
ensemble,1016,2002,32.4,31.9340020088985,31.9151822472825,final,26.1620748119999,37.6682896825651
ensemble,1001,2003,31.1,32.9688995846014,32.9658289107327,final,27.2127214754501,38.7189363460153
ensemble,1002,2003,27.2,28.9623571157271,29.1139088364095,final,23.3608014011269,34.8670162716921
ensemble,1003,2003,24.2,26.6397407135291,26.5693588649713,final,20.8162514296888,32.3224663002539
ensemble,1004,2003,30.1,29.3006806945689,29.3167166225385,final,23.5636091872559,35.0698240578211
ensemble,1005,2003,17.5,24.9288562623754,24.5967341629693,final,18.8436267276867,30.3498415982518
ensemble,1006,2003,30.8,30.0647874072296,30.0395330945039,final,24.2864256592213,35.7926405297865
ensemble,1007,2003,27.2,26.4443539123031,26.3836865247302,final,20.6305790894476,32.1367939600128
ensemble,1008,2003,36.1,37.4970234222503,37.344109688202,final,31.5910022529194,43.0972171234846
ensemble,1009,2003,29.8,28.4331879684223,28.5832834341986,final,22.830175998916,34.3363908694812
ensemble,1010,2003,25.2,26.1590746794079,26.0900070142796,final,20.336899578997,31.8431144495622
ensemble,1011,2003,26.6,29.2230311643931,29.7616231057828,final,24.0085156705002,35.5147305410654
ensemble,1012,2003,32.2,31.3446083041535,31.2507284954719,final,25.4976210601893,37.0038359307545
ensemble,1013,2003,26.9,26.7567169334545,26.6843754767791,final,20.9312680414965,32.4374829120617
ensemble,1014,2003,28.9,28.4953483240457,28.4863942518988,final,22.7332868166162,34.2395016871814
ensemble,1015,2003,25.9,31.5805321980106,31.7147792056033,final,25.9616717703207,37.4678866408859
ensemble,1016,2003,23.5,29.4478108783236,29.5013737130764,final,23.7482662777938,35.254481148359
ensemble,1001,2004,40.1,37.9388852434663,37.8403452939805,final,32.0872378586979,43.5934527292631
ensemble,1002,2004,36.0,33.2181380330047,33.0292965223712,final,27.2761890870886,38.7824039576538
ensemble,1003,2004,31.1,29.729753052805,29.5180676464668,final,23.7649602111842,35.2711750817494
ensemble,1004,2004,31.3,31.2243662543303,31.3510107729167,final,25.5979033376341,37.1041182081992
ensemble,1005,2004,35.3,33.3464412490469,32.565495909646,final,26.8123884743634,38.3186033449286
ensemble,1006,2004,33.9,33.4846079123666,33.664462002861,final,27.9113545675784,39.4175694381436
ensemble,1007,2004,29.9,30.2697046698809,30.4070128012632,final,24.6539053659806,36.1601202365458
ensemble,1008,2004,45.4,42.147962721155,42.1361746628833,final,36.3830672276007,47.8892820981659
ensemble,1009,2004,32.0,31.050420346421,31.2816003827546,final,25.528492947472,37.0347078180372
ensemble,1010,2004,28.3,28.3079212614924,28.195796102723,final,22.4426886674404,33.9489035380056
ensemble,1011,2004,32.1,32.1275864692106,31.8730045447184,final,26.1198971094358,37.626111980001
ensemble,1012,2004,35.7,33.8166852823015,33.992231669328,final,28.2391242340455,39.7453391046106
ensemble,1013,2004,29.3,29.2848351522234,29.3636240011627,final,23.6105165658802,35.1167314364453
ensemble,1014,2004,29.5,29.6993871409035,29.7458346369168,final,23.9927272016342,35.4989420721994
ensemble,1015,2004,40.6,36.7910727849601,36.3186331851636,final,30.565525749881,42.0717406204462
ensemble,1016,2004,36.7,35.4845916939361,34.91388176837,final,29.1607743330874,40.6669892036526
ensemble,1001,2005,39.1,36.0346568842516,36.2379582978993,final,30.4848508626167,41.9910657331819
ensemble,1002,2005,29.3,30.6046204680659,30.8405080123559,final,25.0874005770733,36.5936154476384
ensemble,1003,2005,28.3,28.2225300535738,28.3270080928997,final,22.5739006576171,34.0801155281822
ensemble,1004,2005,30.1,30.3061695313727,30.2617256284125,final,24.5086181931299,36.0148330636951
ensemble,1005,2005,31.1,30.2017525407492,30.3635944171643,final,24.6104869818817,36.1167018524469
ensemble,1006,2005,33.2,31.9269282516528,31.8860298976684,final,26.1329224623858,37.6391373329509
ensemble,1007,2005,28.6,28.3832636401124,28.2555157541513,final,22.5024083188687,34.0086231894339
ensemble,1008,2005,43.1,40.2359022366814,40.6264786718958,final,34.8733712366132,46.3795861071784
ensemble,1009,2005,28.6,29.0237325573011,29.0559378636056,final,23.302830428323,34.8090452988882
ensemble,1010,2005,28.4,26.42586469305,26.4022767585578,final,20.6491693232752,32.1553841938404
ensemble,1011,2005,29.6,30.4490431259079,30.4399802489338,final,24.6868728136512,36.1930876842164
ensemble,1012,2005,33.1,32.3568783408414,32.4952221869701,final,26.7421147516875,38.2483296222526
ensemble,1013,2005,28.7,27.9343272767835,27.8953856924884,final,22.1422782572058,33.648493127771
ensemble,1014,2005,24.0,26.9156717132295,26.8581364669334,final,21.1050290316508,32.611243902216
ensemble,1015,2005,35.7,34.7382550308952,35.1049763330065,final,29.3518688977239,40.8580837682891
ensemble,1016,2005,32.3,33.3681537814641,33.5187039985627,final,27.7655965632801,39.2718114338453
ensemble,1001,2006,26.9,32.3201614777278,32.6089544277678,final,26.8558469924852,38.3620618630504
ensemble,1002,2006,27.9,28.5004874045314,28.3940905949776,final,22.640983159695,34.1471980302602
ensemble,1003,2006,23.7,25.643806657177,25.6355079723603,final,19.8824005370777,31.3886154076429
ensemble,1004,2006,22.4,27.7613589377732,27.7510934090416,final,21.9979859737591,33.5042008443242
ensemble,1005,2006,19.6,27.3569112787756,27.4304514884549,final,21.6773440531723,33.1835589237375
ensemble,1006,2006,26.6,29.3937311192703,29.5159065888647,final,23.7627991535821,35.2690140241473
ensemble,1007,2006,23.3,25.9294742760523,25.9338200232504,final,20.1807125879678,31.686927458533
ensemble,1008,2006,32.3,37.0296713406988,37.3794809157223,final,31.6263734804397,43.1325883510049
ensemble,1009,2006,25.0,27.4753495374519,27.4370295868768,final,21.6839221515943,33.1901370221594
ensemble,1010,2006,21.4,24.3465900426465,24.5731130477355,final,18.8200056124529,30.3262204830181
ensemble,1011,2006,27.5,29.0215716055226,28.9508358260692,final,23.1977283907866,34.7039432613518
ensemble,1012,2006,25.5,30.151723486315,30.2356096162931,final,24.4825021810105,35.9887170515757
ensemble,1013,2006,21.1,26.3256643862845,26.4364354543733,final,20.6833280190907,32.1895428896559
ensemble,1014,2006,23.8,26.4454024914872,26.1810533146728,final,20.4279458793902,31.9341607499554
ensemble,1015,2006,28.7,31.7914854942514,31.9329603632974,final,26.1798529280148,37.68606779858
ensemble,1016,2006,28.3,31.7199448852345,31.6468986009615,final,25.8937911656789,37.4000060362441
ensemble,1001,2007,34.3,35.6328047049177,35.3384172983946,final,29.585309863112,41.0915247336772
ensemble,1002,2007,34.5,32.7813965943086,32.8469156563746,final,27.093808221092,38.6000230916572
ensemble,1003,2007,31.3,29.8913281469433,29.8529144633623,final,24.0998070280797,35.6060218986449
ensemble,1004,2007,29.8,30.8995484743167,30.5832902583784,final,24.8301828230958,36.336397693661
ensemble,1005,2007,27.9,29.2385232892385,28.6633273397623,final,22.9102199044797,34.4164347750449
ensemble,1006,2007,32.5,32.7663166999586,32.6557103249338,final,26.9026028896512,38.4088177602164
ensemble,1007,2007,28.1,28.5013132195654,28.3917062921939,final,22.6385988569113,34.1448137274765
ensemble,1008,2007,41.3,40.9426803782467,40.7626197080898,final,35.0095122728072,46.5157271433724
ensemble,1009,2007,30.6,30.2917220112125,30.1788742421348,final,24.4257668068522,35.9319816774174
ensemble,1010,2007,28.0,27.6898801739724,27.5732442404296,final,21.820136805147,33.3263516757122
ensemble,1011,2007,32.2,32.5084950054484,32.4779092527441,final,26.7248018174615,38.2310166880266
ensemble,1012,2007,31.3,31.7491735597699,31.5027865293866,final,25.749679094104,37.2558939646692
ensemble,1013,2007,29.0,29.1179763572064,28.8169105794242,final,23.0638031441416,34.5700180147068
ensemble,1014,2007,27.8,29.0574152319229,28.9399648324307,final,23.1868573971481,34.6930722677133
ensemble,1015,2007,36.1,34.9790809212477,34.9195508447974,final,29.1664434095148,40.67265828008
ensemble,1016,2007,33.5,34.4105514345799,34.2576647090081,final,28.5045572737255,40.0107721442907
ensemble,1001,2008,35.3,36.3550636877892,36.2661615271892,final,30.5130540919066,42.0192689624718
ensemble,1002,2008,25.4,29.5583600587197,29.7175974193293,final,23.9644899840467,35.4707048546119
ensemble,1003,2008,26.9,27.8234395943956,27.9686044898859,final,22.2154970546033,33.7217119251684
ensemble,1004,2008,33.4,32.0901543068322,31.9711713827132,final,26.2180639474306,37.7242788179957
ensemble,1005,2008,19.7,27.4798394797312,27.2639244909831,final,21.5108170557005,33.0170319262657
ensemble,1006,2008,33.9,33.2327878972838,33.1981755102252,final,27.4450680749426,38.9512829455078
ensemble,1007,2008,27.4,27.343228208086,27.2443511359843,final,21.4912437007017,32.9974585712669
ensemble,1008,2008,43.9,41.0826605674074,41.2341994749534,final,35.4810920396708,46.987306910236
ensemble,1009,2008,31.8,31.2426183783143,31.2626926996994,final,25.5095852644168,37.015800134982
ensemble,1010,2008,26.8,26.858119501666,26.8832567700884,final,21.1301493348058,32.636364205371
ensemble,1011,2008,26.8,29.918568665871,29.8948018754202,final,24.1416944401376,35.6479093107028
ensemble,1012,2008,33.6,33.0392111200235,33.0105722153718,final,27.2574647800892,38.7636796506544
ensemble,1013,2008,32.4,29.3439890075403,29.3237311428745,final,23.5706237075919,35.0768385781571
ensemble,1014,2008,26.8,27.7526781435857,27.5854777206259,final,21.8323702853433,33.3385851559085
ensemble,1015,2008,27.6,33.0511012219427,33.2054025201201,final,27.4522950848375,38.9585099554026
ensemble,1016,2008,25.5,31.5652971187196,31.481035536245,final,25.7279281009624,37.2341429715276
ensemble,1001,2009,35.9,37.2741831140631,37.2547857416901,final,31.5016783064075,43.0078931769727
ensemble,1002,2009,33.8,33.7016239071819,33.3561332646179,final,27.6030258293353,39.1092406999005
ensemble,1003,2009,32.2,30.8305981929702,30.7625808980188,final,25.0094734627362,36.5156883333014
ensemble,1004,2009,31.1,31.5297691666105,31.6873322472054,final,25.9342248119228,37.440439682488
ensemble,1005,2009,35.4,33.1442531931516,32.3893357271129,final,26.6362282918303,38.1424431623955
ensemble,1006,2009,31.9,31.883737974431,31.9828309588731,final,26.2297235235905,37.7359383941557
ensemble,1007,2009,26.9,28.8737404921473,28.9190875791094,final,23.1659801438269,34.672195014392
ensemble,1008,2009,44.9,42.1385130365137,42.5250603241781,final,36.7719528888955,48.2781677594607
ensemble,1009,2009,30.4,29.7290797916097,29.781582698906,final,24.0284752636234,35.5346901341886
ensemble,1010,2009,28.4,28.7912581110848,28.789407547696,final,23.0363001124134,34.5425149829786
ensemble,1011,2009,34.8,33.4897411233662,33.2268389843299,final,27.4737315490473,38.9799464196125
ensemble,1012,2009,31.1,32.4449266567442,32.5401187015222,final,26.7870112662396,38.2932261368048
ensemble,1013,2009,28.5,29.1361416155811,29.4577431316979,final,23.7046356964153,35.2108505669805
ensemble,1014,2009,31.0,30.0488240215873,29.9489813839606,final,24.1958739486781,35.7020888192432
ensemble,1015,2009,39.8,37.118501640415,36.7218695975449,final,30.9687621622623,42.4749770328275
ensemble,1016,2009,39.5,36.6705467916437,36.1828791444998,final,30.4297717092172,41.9359865797824
ensemble,1001,2010,39.1,39.6824156565514,39.5497610425763,final,33.7966536072937,45.3028684778589
ensemble,1002,2010,32.9,35.2198460893935,35.2484781768875,final,29.4953707416049,41.0015856121701
ensemble,1003,2010,31.9,32.0851076815717,32.2054755786074,final,26.4523681433248,37.95858301389
ensemble,1004,2010,30.5,32.9462745776166,32.9093577492579,final,27.1562503139753,38.6624651845405
ensemble,1005,2010,35.0,34.8534002444668,35.0791555164365,final,29.3260480811539,40.8322629517191
ensemble,1006,2010,30.6,33.0928102669399,33.1041959042823,final,27.3510884689997,38.8573033395649
ensemble,1007,2010,29.0,30.344329383983,30.0936117460584,final,24.3405043107758,35.846719181341
ensemble,1008,2010,44.0,43.7839918763384,44.1373170747139,final,38.3842096394313,49.8904245099965
ensemble,1009,2010,31.8,32.5408609754738,32.6025776080089,final,26.8494701727263,38.3556850432915
ensemble,1010,2010,33.5,30.1907291489434,30.1574270261103,final,24.4043195908277,35.9105344613929
ensemble,1011,2010,36.6,35.0467218051083,35.1937246623887,final,29.4406172271061,40.9468320976713
ensemble,1012,2010,28.4,34.4965079966112,34.3448034595245,final,28.5916960242419,40.0979108948071
ensemble,1013,2010,24.7,31.0947261368028,31.0085930651106,final,25.255485629828,36.7617005003932
ensemble,1014,2010,44.8,32.7816379341227,32.8700567972441,final,27.1169493619615,38.6231642325267
ensemble,1015,2010,37.2,37.9727845073147,38.2943791118989,final,32.5412716766163,44.0474865471815
ensemble,1016,2010,42.6,39.385150357866,39.7291329035315,final,33.9760254682489,45.4822403388141
ensemble,1001,2011,39.3,37.2252208501975,37.1728177096892,final,31.4197102744066,42.9259251449718
ensemble,1002,2011,32.1,31.8591988178615,31.6050034852176,final,25.851896049935,37.3581109205002
ensemble,1003,2011,32.3,30.0757389849912,29.9816472868885,final,24.2285398516059,35.7347547221711
ensemble,1004,2011,31.2,32.197131572661,31.8880105204833,final,26.1349030852007,37.6411179557659
ensemble,1005,2011,23.8,27.422376354397,27.4691502286767,final,21.7160427933941,33.2222576639593
ensemble,1006,2011,34.2,34.0431648777816,33.699774404259,final,27.9466669689764,39.4528818395416
ensemble,1007,2011,28.3,28.0059882352519,27.8087386670647,final,22.0556312317821,33.5618461023473
ensemble,1008,2011,45.8,42.2684929615844,42.3410771015755,final,36.5879696662929,48.0941845368581
ensemble,1009,2011,30.1,31.1270557658567,30.9745306906124,final,25.2214232553298,36.727638125895
ensemble,1010,2011,26.7,27.5900316688935,27.8187104741475,final,22.0656030388649,33.5718179094301
ensemble,1011,2011,32.2,32.3676341453398,32.4949409040158,final,26.7418334687332,38.2480483392984
ensemble,1012,2011,35.2,34.013882927981,33.3576944803541,final,27.6045870450715,39.1108019156367
ensemble,1013,2011,28.9,29.4595742957337,28.7820077764913,final,23.0289003412087,34.5351152117739
ensemble,1014,2011,31.1,30.6118277831434,31.621485517133,final,25.8683780818504,37.3745929524156
ensemble,1015,2011,32.6,33.1908603777338,33.1243015487942,final,27.3711941135116,38.8774089840768
ensemble,1016,2011,32.5,33.2687709827979,33.6538049391264,final,27.9006975038438,39.406912374409
ensemble,1001,2012,40.5,39.4216004625134,39.6689362863589,final,33.9158288510763,45.4220437216415
ensemble,1002,2012,36.5,35.5278526481013,35.5561108372226,final,29.80300340194,41.3092182725052
ensemble,1003,2012,31.8,31.5287380655986,31.7552012748873,final,26.0020938396048,37.5083087101699
ensemble,1004,2012,32.8,33.2907986904252,33.1985999282476,final,27.445492492965,38.9517073635302
ensemble,1005,2012,34.3,33.5411333472539,33.0562295796222,final,27.3031221443396,38.8093370149048
ensemble,1006,2012,35.6,34.4199075591364,34.4249868153992,final,28.6718793801166,40.1780942506818
ensemble,1007,2012,31.2,30.5068972775755,30.5440584213187,final,24.7909509860361,36.2971658566013
ensemble,1008,2012,46.5,43.8984189190083,44.3270880632386,final,38.573980627956,50.0801954985212
ensemble,1009,2012,31.9,31.6884563743758,31.5734285278835,final,25.8203210926009,37.326535963166
ensemble,1010,2012,29.5,29.3482612456115,29.240835549104,final,23.4877281138215,34.9939429843866
ensemble,1011,2012,34.8,34.2678149678241,34.2735999886667,final,28.5204925533841,40.0267074239493
ensemble,1012,2012,35.5,34.6107924227921,34.7313491449135,final,28.9782417096309,40.4844565801961
ensemble,1013,2012,29.8,30.2641281852095,30.1898029243967,final,24.4366954891141,35.9429103596793
ensemble,1014,2012,33.7,32.0883755552415,32.1703904549691,final,26.4172830196865,37.9234978902517
ensemble,1015,2012,38.6,37.7498616932317,37.6864768275977,final,31.9333693923151,43.4395842628803
ensemble,1016,2012,37.2,36.4106621102748,36.3582722823535,final,30.6051648470709,42.1113797176361
ensemble,1001,2013,40.0,39.6714078884446,39.8023703750448,final,34.0492629397623,45.5554778103274
ensemble,1002,2013,37.9,34.4941259457981,34.5728940271155,final,28.8197865918329,40.3260014623981
ensemble,1003,2013,30.2,31.3183698317628,31.3023021815512,final,25.5491947462686,37.0554096168338
ensemble,1004,2013,32.3,32.4644222371959,32.3714565099197,final,26.6183490746371,38.1245639452023
ensemble,1005,2013,40.1,34.6699530684,34.7112779099175,final,28.9581704746349,40.4643853452001
ensemble,1006,2013,31.5,32.867753692069,32.9746963282475,final,27.2215888929649,38.7278037635301
ensemble,1007,2013,32.0,30.3458439242669,30.3625585102707,final,24.6094510749881,36.1156659455533
ensemble,1008,2013,42.3,43.4580955551588,43.8400183028659,final,38.0869108675833,49.5931257381485
ensemble,1009,2013,29.2,30.606881352716,30.5688673081905,final,24.8157598729079,36.3219747434731
ensemble,1010,2013,29.6,28.6329125085968,28.6252043444507,final,22.8720969091681,34.3783117797333
ensemble,1011,2013,37.4,33.798223337173,33.81666095918,final,28.0635535238974,39.5697683944626
ensemble,1012,2013,32.8,33.734416765311,33.8433581936267,final,28.0902507583441,39.5964656289093
ensemble,1013,2013,29.7,29.9776784452334,29.8796336674355,final,24.1265262321529,35.6327411027181
ensemble,1014,2013,35.6,31.4082664530979,31.5162178392834,final,25.7631104040008,37.269325274566
ensemble,1015,2013,39.2,37.4609807851852,37.5586706272206,final,31.8055631919381,43.3117780625032
ensemble,1016,2013,42.2,37.2074926885928,37.3169108607456,final,31.563803425463,43.0700182960282
ensemble,1001,2014,46.4,43.185727412276,43.2273760201823,final,37.4742685848997,48.9804834554649
ensemble,1002,2014,40.2,36.886727584098,37.2012136725739,final,31.4481062372913,42.9543211078565
ensemble,1003,2014,36.3,34.026818534804,33.8810573589838,final,28.1279499237012,39.6341647942664
ensemble,1004,2014,35.6,36.0322894892047,36.021785474438,final,30.2686780391554,41.7748929097206
ensemble,1005,2014,44.1,35.814694865762,36.3468074708225,final,30.5937000355399,42.0999149061051
ensemble,1006,2014,37.9,36.8098146553769,36.6294816318909,final,30.8763741966083,42.3825890671735
ensemble,1007,2014,33.3,32.2315170297522,32.3519299519915,final,26.5988225167089,38.1050373872741
ensemble,1008,2014,52.1,47.9088476683884,47.8569191733307,final,42.1038117380481,53.6100266086133
ensemble,1009,2014,34.9,34.5986762209299,34.4572166286006,final,28.704109193318,40.2103240638832
ensemble,1010,2014,31.7,31.596634163245,31.6949184677296,final,25.941811032447,37.4480259030122
ensemble,1011,2014,40.6,36.7872261575345,37.1379351752183,final,31.3848277399357,42.8910426105009
ensemble,1012,2014,38.7,37.1178900197979,36.9691760645433,final,31.2160686292607,42.7222834998259
ensemble,1013,2014,34.5,32.6108177305027,32.557248735553,final,26.8041413002704,38.3103561708356
ensemble,1014,2014,37.4,33.4564112120366,33.8496701047832,final,28.0965626695006,39.6027775400658
ensemble,1015,2014,43.6,39.6363706716788,39.8422879686905,final,34.0891805334079,45.5953954039731
ensemble,1016,2014,49.7,40.4022696371055,40.9225885808478,final,35.1694811455652,46.6756960161304
ensemble,1001,2015,42.9,41.0085357662211,41.2992524545419,final,35.5461450192593,47.0523598898245
ensemble,1002,2015,32.0,34.6012837125697,34.8348333979962,final,29.0817259627136,40.5879408332788
ensemble,1003,2015,30.4,31.922441664039,32.0278001925312,final,26.2746927572486,37.7809076278138
ensemble,1004,2015,34.2,34.4001117373908,34.2447582105531,final,28.4916507752705,39.9978656458357
ensemble,1005,2015,34.2,33.8621303329771,34.4834771888033,final,28.7303697535207,40.2365846240859
ensemble,1006,2015,33.7,35.2084030978275,35.1776091745911,final,29.4245017393086,40.9307166098737
ensemble,1007,2015,26.7,29.8153500827798,29.7578458024963,final,24.0047383672137,35.5109532377789
ensemble,1008,2015,43.8,44.8650462440188,45.3326136419669,final,39.5795062066843,51.0857210772495
ensemble,1009,2015,32.0,33.1429964956734,33.0579188802331,final,27.3048114449505,38.8110263155157
ensemble,1010,2015,26.8,28.9704459485274,28.8365771574917,final,23.0834697222091,34.5896845927743
ensemble,1011,2015,36.8,35.4233655081231,35.7165571030191,final,29.9634496677365,41.4696645383017
ensemble,1012,2015,33.2,35.0043525332695,35.0172818556565,final,29.264174420374,40.7703892909391
ensemble,1013,2015,31.7,31.8842614676063,31.9231346372064,final,26.1700272019238,37.676242072489
ensemble,1014,2015,31.4,31.8255211183839,32.0582092441449,final,26.3051018088623,37.8113166794275
ensemble,1015,2015,37.3,37.8465743126764,38.1481522877693,final,32.3950448524867,43.9012597230519
ensemble,1016,2015,45.5,40.0379694671833,40.9108317828957,final,35.1577243476131,46.6639392181783
ensemble,1001,2016,44.6,42.9174200583743,43.1294194499026,final,37.37631201462,48.8825268851852
ensemble,1002,2016,36.0,35.4351763295297,35.1730663430321,final,29.4199589077495,40.9261737783146
ensemble,1003,2016,31.0,31.9784516820899,31.8165785581343,final,26.0634711228517,37.5696859934169
ensemble,1004,2016,38.1,36.1280659795163,36.0825952764611,final,30.3294878411785,41.8357027117437
ensemble,1005,2016,35.8,35.6210403969478,35.6329234717597,final,29.8798160364771,41.3860309070423
ensemble,1006,2016,36.7,36.5521964915906,36.3380516096174,final,30.5849441743348,42.0911590449
ensemble,1007,2016,31.0,31.6896224604253,31.3557855396402,final,25.6026781043576,37.1088929749227
ensemble,1008,2016,52.4,48.2739504555233,48.2621913321904,final,42.5090838969078,54.015298767473
ensemble,1009,2016,34.0,34.1413819620916,33.9805044352988,final,28.2273970000162,39.7336118705814
ensemble,1010,2016,28.5,29.4692297063668,29.2115134725382,final,23.4584060372556,34.9646209078207
ensemble,1011,2016,36.0,36.0453562246315,36.2130103034985,final,30.4599028682159,41.9661177387811
ensemble,1012,2016,37.7,36.6384037615419,36.4018847236711,final,30.6487772883885,42.1549921589537
ensemble,1013,2016,30.9,31.8281568775068,31.7420617331481,final,25.9889542978655,37.4951691684307
ensemble,1014,2016,33.1,32.5238337103265,32.4331669832534,final,26.6800595479708,38.186274418536
ensemble,1015,2016,38.0,38.1611954288628,38.1333758674906,final,32.380268432208,43.8864833027732
ensemble,1016,2016,41.2,39.6655407737397,40.2876202712471,final,34.5345128359645,46.0407277065297
ensemble,1001,2017,45.3,42.6185605641574,42.8054918010825,final,37.0523843657999,48.558599236365
ensemble,1002,2017,40.1,37.5497575229175,37.5592569292686,final,31.806149493986,43.3123643645512
ensemble,1003,2017,34.1,33.3829303625437,33.2291792535757,final,27.4760718182931,38.9822866888583
ensemble,1004,2017,40.3,35.2654906072047,35.4311233816055,final,29.6780159463229,41.1842308168881
ensemble,1005,2017,39.2,36.2899165691766,36.262460285747,final,30.5093528504644,42.0155677210296
ensemble,1006,2017,37.7,36.0158224667776,35.9926714081346,final,30.239563972852,41.7457788434172
ensemble,1007,2017,32.0,32.0534440247311,31.907130297496,final,26.1540228622134,37.6602377327786
ensemble,1008,2017,51.3,46.9498501119507,47.5079807922872,final,41.7548733570046,53.2610882275698
ensemble,1009,2017,35.4,33.997726207747,33.9431363701211,final,28.1900289348385,39.6962438054037
ensemble,1010,2017,31.0,30.6056486506354,30.4341504646967,final,24.6810430294141,36.1872578999793
ensemble,1011,2017,38.6,37.6193710288934,37.5659387017769,final,31.8128312664943,43.3190461370595
ensemble,1012,2017,39.6,36.7093194157447,36.8015667215965,final,31.0484592863139,42.5546741568791
ensemble,1013,2017,33.1,32.1948712459893,32.0332358755217,final,26.2801284402391,37.7863433108043
ensemble,1014,2017,31.6,32.9322920120821,32.9188907736965,final,27.1657833384139,38.6719982089791
ensemble,1015,2017,42.1,39.6358861435787,39.6060870860275,final,33.8529796507449,45.3591945213101
ensemble,1016,2017,44.2,41.9771654579117,42.1325169011159,final,36.3794094658333,47.8856243363985
ensemble,1001,2018,38.0,38.8645281804683,39.0894314595976,final,33.336324024315,44.8425388948802
ensemble,1002,2018,30.0,31.7693600639528,31.9533619990755,final,26.2002545637929,37.7064694343581
ensemble,1003,2018,28.1,29.9035812149954,29.8735316589614,final,24.1204242236788,35.626639094244
ensemble,1004,2018,36.9,34.2320521795547,34.6548567571734,final,28.9017493218908,40.407964192456
ensemble,1005,2018,22.2,29.1946899377418,29.4015605934445,final,23.6484531581619,35.1546680287271
ensemble,1006,2018,34.9,34.9481959281549,35.0663421647219,final,29.3132347294393,40.8194496000045
ensemble,1007,2018,27.7,28.3409435516687,28.2090649866378,final,22.4559575513552,33.9621724219204
ensemble,1008,2018,44.3,43.9967211306778,44.4409885908467,final,38.6878811555641,50.1940960261293
ensemble,1009,2018,31.1,31.7342021039291,31.8279298505967,final,26.0748224153141,37.5810372858793
ensemble,1010,2018,24.7,26.8481758440121,26.8011796210133,final,21.0480721857307,32.5542870562959
ensemble,1011,2018,28.7,32.2386710353884,32.2974632103711,final,26.5443557750885,38.0505706456537
ensemble,1012,2018,34.7,34.8729240363884,35.0495522305922,final,29.2964447953096,40.8026596658748
ensemble,1013,2018,29.7,30.2270775652253,30.244519367307,final,24.4914119320244,35.9976268025896
ensemble,1014,2018,27.0,29.4146524786128,29.2166044229486,final,23.463496987666,34.9697118582312
ensemble,1015,2018,28.4,34.0881193661455,34.2408942816775,final,28.487786846395,39.9940017169601
ensemble,1016,2018,30.0,35.084730439287,35.3367803977698,final,29.5836729624872,41.0898878330524
ensemble,1001,2019,39.5,41.7521828360616,41.7678439398201,final,36.0147365045375,47.5209513751027
ensemble,1002,2019,33.9,35.1084845666561,34.9990527500444,final,29.2459453147618,40.752160185327
ensemble,1003,2019,28.2,31.844716789382,31.6842517657704,final,25.9311443304878,37.437359201053
ensemble,1004,2019,37.6,35.3186804283764,35.6671869990363,final,29.9140795637538,41.4202944343189
ensemble,1005,2019,30.9,31.7713967082348,31.05896654145,final,25.3058591061675,36.8120739767326
ensemble,1006,2019,34.4,36.0047165902593,36.0170726471415,final,30.2639652118589,41.7701800824241
ensemble,1007,2019,29.5,29.6573233178806,29.63370114427,final,23.8805937089874,35.3868085795526
ensemble,1008,2019,44.0,47.3536705974163,47.5085335440196,final,41.755426108737,53.2616409793022
ensemble,1009,2019,31.9,33.7379677217742,33.7008099785412,final,27.9477025432586,39.4539174138238
ensemble,1010,2019,27.5,28.8041883178513,28.6504063022268,final,22.8972988669442,34.4035137375094
ensemble,1011,2019,33.0,35.7461720287711,35.5300903722397,final,29.7769829369571,41.2831978075223
ensemble,1012,2019,33.4,35.9346250784691,35.9162749226891,final,30.1631674874065,41.6693823579717
ensemble,1013,2019,28.4,31.7222785828062,31.6782268590451,final,25.9251194237625,37.4313342943277
ensemble,1014,2019,31.7,32.353571810714,32.1729451491786,final,26.419837713896,37.9260525844612
ensemble,1015,2019,32.8,36.2296667179074,35.7684369458983,final,30.0153295106157,41.5215443811809
ensemble,1016,2019,40.3,38.4054688062462,38.040450500049,final,32.2873430647664,43.7935579353316
