Method,RS,Year,Observed,Predicted,Lower80,Upper80,Phase
trend,1001,2006,26.9,38.1649515101937,31.9471950500683,44.3827079703191,tuning
trend,1002,2006,27.9,33.7452256163461,27.5274691562206,39.9629820764715,tuning
trend,1003,2006,23.7,29.5212066394584,23.3034501793329,35.7389630995838,tuning
trend,1004,2006,22.4,32.2515377505748,26.0337812904493,38.4692942107002,tuning
trend,1005,2006,19.6,29.1343807963571,22.9166243362317,35.3521372564825,tuning
trend,1006,2006,26.6,34.0812836317459,27.8635271716205,40.2990400918714,tuning
trend,1007,2006,23.3,30.5108841542009,24.2931276940755,36.7286406143264,tuning
trend,1008,2006,32.3,43.9031855183643,37.6854290582389,50.1209419784898,tuning
trend,1009,2006,25.0,32.5902745251866,26.3725180650612,38.8080309853121,tuning
trend,1010,2006,21.4,30.7091480326564,24.4913915725309,36.9269044927818,tuning
trend,1011,2006,27.5,32.7225106775637,26.5047542174383,38.9402671376892,tuning
trend,1012,2006,25.5,35.1271455927498,28.9093891326244,41.3449020528753,tuning
trend,1013,2006,21.1,29.4881809959181,23.2704245357927,35.7059374560436,tuning
trend,1014,2006,23.8,29.5681801578494,23.3504236977239,35.7859366179748,tuning
trend,1015,2006,28.7,36.1438391147382,29.9260826546128,42.3615955748637,tuning
trend,1016,2006,28.3,33.3290741950116,27.1113177348862,39.546830655137,tuning
trend,1001,2007,34.3,36.0710536173224,29.853297157197,42.2888100774479,tuning
trend,1002,2007,34.5,31.5331323364492,25.3153758763238,37.7508887965746,tuning
trend,1003,2007,31.3,28.1588544816711,21.9410980215457,34.3766109417966,tuning
trend,1004,2007,29.8,29.4346640556497,23.2169075955242,35.6524205157751,tuning
trend,1005,2007,27.9,27.4675290580138,21.2497725978883,33.6852855181392,tuning
trend,1006,2007,32.5,32.5516191479561,26.3338626878306,38.7693756080815,tuning
trend,1007,2007,28.1,28.6938440982556,22.4760876381302,34.9116005583811,tuning
trend,1008,2007,41.3,41.6332147173892,35.4154582572637,47.8509711775146,tuning
trend,1009,2007,30.6,30.1797395512524,23.961983091127,36.3974960113779,tuning
trend,1010,2007,28.0,29.0222774429452,22.8045209828197,35.2400339030706,tuning
trend,1011,2007,32.2,31.1318666893797,24.9141102292543,37.3496231495052,tuning
trend,1012,2007,31.3,32.5083984085798,26.2906419484543,38.7261548687052,tuning
trend,1013,2007,29.0,27.5582185032511,21.3404620431256,33.7759749633765,tuning
trend,1014,2007,27.8,26.965908648104,20.7481521879785,33.1836651082294,tuning
trend,1015,2007,36.1,34.3829030379492,28.1651465778238,40.6006594980747,tuning
trend,1016,2007,33.5,32.474225937698,26.2564694775726,38.6919823978235,tuning
trend,1001,2008,35.3,33.9086870744287,27.6909306143032,40.1264435345541,tuning
trend,1002,2008,25.4,31.6724600308477,25.4547035707222,37.8902164909731,tuning
trend,1003,2008,26.9,28.1933826495855,21.9756261894601,34.411139109711,tuning
trend,1004,2008,33.4,27.9711045900694,21.7533481299439,34.1888610501948,tuning
trend,1005,2008,19.7,25.8812874129773,19.6635309528518,32.0990438731027,tuning
trend,1006,2008,33.9,31.6400867335669,25.4223302734415,37.8578431936923,tuning
trend,1007,2008,27.4,27.6884999994217,21.4707435392963,33.9062564595471,tuning
trend,1008,2008,43.9,40.1000943861885,33.882337926063,46.3178508463139,tuning
trend,1009,2008,31.8,29.472775508835,23.2550190487096,35.6905319689605,tuning
trend,1010,2008,26.8,28.1240926865053,21.9063362263799,34.3418491466308,tuning
trend,1011,2008,26.8,30.970810372577,24.7530539124516,37.1885668327025,tuning
trend,1012,2008,33.6,30.7953656458159,24.5776091856904,37.0131221059413,tuning
trend,1013,2008,32.4,26.675244895457,20.4574884353316,32.8930013555825,tuning
trend,1014,2008,26.8,26.5860969374477,20.3683404773223,32.8038533975732,tuning
trend,1015,2008,27.6,33.6026513579536,27.3848948978281,39.820407818079,tuning
trend,1016,2008,25.5,32.3468962568805,26.1291397967551,38.5646527170059,tuning
trend,1001,2009,35.9,34.2556670723926,28.0379106122671,40.473423532518,tuning
trend,1002,2009,33.8,31.5753260757286,25.3575696156032,37.793082535854,tuning
trend,1003,2009,32.2,29.0877040549681,22.8699475948427,35.3054605150936,tuning
trend,1004,2009,31.1,29.2685532910793,23.0507968309538,35.4863097512047,tuning
trend,1005,2009,35.4,25.1755898484455,18.9578333883201,31.393346308571,tuning
trend,1006,2009,31.9,32.5582549311754,26.3404984710499,38.7760113913008,tuning
trend,1007,2009,26.9,27.9295408109936,21.7117843508682,34.147297271119,tuning
trend,1008,2009,44.9,41.489949346139,35.2721928860135,47.7077058062644,tuning
trend,1009,2009,30.4,30.4303626915449,24.2126062314194,36.6481191516703,tuning
trend,1010,2009,28.4,28.7041640489319,22.4864075888064,34.9219205090573,tuning
trend,1011,2009,34.8,30.9086465492283,24.6908900891028,37.1264030093537,tuning
trend,1012,2009,31.1,31.3328765656934,25.1151201055679,37.5506330258188,tuning
trend,1013,2009,28.5,28.4246546182848,22.2068981581593,34.6424110784102,tuning
trend,1014,2009,31.0,27.0275753916861,20.8098189315606,33.2453318518115,tuning
trend,1015,2009,39.8,33.1834081034416,26.9656516433162,39.4011645635671,tuning
trend,1016,2009,39.5,31.9418238637196,25.7240674035942,38.1595803238451,tuning
trend,1001,2010,39.1,34.7518606698199,28.5341042096945,40.9696171299454,tuning
trend,1002,2010,32.9,30.3491379077695,24.131381447644,36.5668943678949,tuning
trend,1003,2010,31.9,29.2248493366138,23.0070928764884,35.4426057967393,tuning
trend,1004,2010,30.5,30.6606557087709,24.4428992486455,36.8784121688963,tuning
trend,1005,2010,35.0,24.4249243453087,18.2071678851833,30.6426808054342,tuning
trend,1006,2010,30.6,33.2744934722124,27.056737012087,39.4922499323378,tuning
trend,1007,2010,29.0,27.893215048341,21.6754585882156,34.1109715084665,tuning
trend,1008,2010,44.0,43.0562462031366,36.8384897430112,49.2740026632621,tuning
trend,1009,2010,31.8,31.1838802514433,24.9661237913179,37.4016367115688,tuning
trend,1010,2010,33.5,29.0000674697436,22.7823110096182,35.217823929869,tuning
trend,1011,2010,36.6,30.4692573598456,24.2515008997202,36.687013819971,tuning
trend,1012,2010,28.4,31.9372112506086,25.7194547904832,38.154967710734,tuning
trend,1013,2010,24.7,29.9237418107044,23.705985350579,36.1414982708299,tuning
trend,1014,2010,44.8,27.4953121304863,21.2775556703608,33.7130685906117,tuning
trend,1015,2010,37.2,32.2272802662239,26.0095238060985,38.4450367263494,tuning
trend,1016,2010,42.6,31.2909011424498,25.0731446823244,37.5086576025753,tuning
trend,1001,2011,39.3,35.8356657822431,29.6179093221177,42.0534222423685,tuning
trend,1002,2011,32.1,31.7399309454189,25.5221744852935,37.9576874055443,tuning
trend,1003,2011,32.3,30.8807219537066,24.6629654935811,37.098478413832,tuning
trend,1004,2011,31.2,31.0649071087538,24.8471506486284,37.2826635688793,tuning
trend,1005,2011,23.8,28.7964822448274,22.578725784702,35.0142387049529,tuning
trend,1006,2011,34.2,32.9726338066204,26.7548773464949,39.1903902667458,tuning
trend,1007,2011,28.3,27.9423896111535,21.7246331510281,34.160146071279,tuning
trend,1008,2011,45.8,44.4917409900618,38.2739845299364,50.7094974501873,tuning
trend,1009,2011,30.1,31.5047516824703,25.2869952223448,37.7225081425957,tuning
trend,1010,2011,26.7,30.270233455822,24.0524769956966,36.4879899159475,tuning
trend,1011,2011,32.2,32.8102278230786,26.5924713629531,39.027984283204,tuning
trend,1012,2011,35.2,31.289285764578,25.0715293044525,37.5070422247034,tuning
trend,1013,2011,28.9,29.3600566393734,23.142300179248,35.5778130994989,tuning
trend,1014,2011,31.1,31.2039430540354,24.98618659391,37.4216995141608,tuning
trend,1015,2011,32.6,34.9260108501614,28.708254390036,41.1437673102869,tuning
trend,1016,2011,32.5,35.5320369319026,29.3142804717772,41.7497933920281,tuning
trend,1001,2012,40.5,37.1595508038579,30.9417943437324,43.3773072639833,evaluation
trend,1002,2012,36.5,32.247040585988,26.0292841258625,38.4647970461134,evaluation
trend,1003,2012,31.8,31.8221312168927,25.6043747567673,38.0398876770181,evaluation
trend,1004,2012,32.8,31.2616132120255,25.0438567519,37.4793696721509,evaluation
trend,1005,2012,34.3,30.0053056176729,23.7875491575475,36.2230620777984,evaluation
trend,1006,2012,35.6,32.9315595327298,26.7138030726044,39.1493159928553,evaluation
trend,1007,2012,31.2,28.3676602387587,22.1499037786333,34.5854166988842,evaluation
trend,1008,2012,46.5,45.3560628108706,39.1383063507451,51.573819270996,evaluation
trend,1009,2012,31.9,31.8599361702304,25.642179710105,38.0776926303558,evaluation
trend,1010,2012,29.5,31.4738309088794,25.256074448754,37.6915873690049,evaluation
trend,1011,2012,34.8,34.0859778328856,27.8682213727601,40.303734293011,evaluation
trend,1012,2012,35.5,31.0365162927493,24.8187598326239,37.2542727528748,evaluation
trend,1013,2012,29.8,28.7084133772929,22.4906569171674,34.9261698374183,evaluation
trend,1014,2012,33.7,34.8887826129179,28.6710261527924,41.1065390730433,evaluation
trend,1015,2012,38.6,35.3979438802037,29.1801874200783,41.6157003403292,evaluation
trend,1016,2012,37.2,37.5833982671192,31.3656418069938,43.8011547272447,evaluation
trend,1001,2013,40.0,38.3172940334482,32.0995375733227,44.5350504935736,evaluation
trend,1002,2013,37.9,32.7885129868535,26.5707565267281,39.006269446979,evaluation
trend,1003,2013,30.2,32.5759323276641,26.3581758675386,38.7936887877895,evaluation
trend,1004,2013,32.3,31.666098314968,25.4483418548425,37.8838547750934,evaluation
trend,1005,2013,40.1,29.3191380255555,23.10138156543,35.5368944856809,evaluation
trend,1006,2013,31.5,33.7514227192079,27.5336662590825,39.9691791793334,evaluation
trend,1007,2013,32.0,28.7583272411647,22.5405707810392,34.9760837012901,evaluation
trend,1008,2013,42.3,46.4214786515334,40.2037221914079,52.6392351116588,evaluation
trend,1009,2013,29.2,31.8829036127079,25.6651471525825,38.1006600728334,evaluation
trend,1010,2013,29.6,31.1217069582357,24.9039504981103,37.3394634183611,evaluation
trend,1011,2013,37.4,34.3106445296605,28.092888069535,40.5284009897859,evaluation
trend,1012,2013,32.8,32.3152991947742,26.0975427346487,38.5330556548996,evaluation
trend,1013,2013,29.7,29.1352596468495,22.9175031867241,35.353016106975,evaluation
trend,1014,2013,35.6,35.0070073252722,28.7892508651468,41.2247637853977,evaluation
trend,1015,2013,39.2,35.2182901312321,29.0005336711066,41.4360465913575,evaluation
trend,1016,2013,42.2,37.3365975517002,31.1188410915748,43.5543540118256,evaluation
trend,1001,2014,46.4,39.451650175366,33.2338937152405,45.6694066354914,evaluation
trend,1002,2014,40.2,34.3256126248642,28.1078561647388,40.5433690849897,evaluation
trend,1003,2014,36.3,32.8908068068398,26.6730503467144,39.1085632669652,evaluation
trend,1004,2014,35.6,32.2994538336102,26.0816973734848,38.5172102937357,evaluation
trend,1005,2014,44.1,31.5979394059548,25.3801829458293,37.8156958660802,evaluation
trend,1006,2014,37.9,34.4061684607011,28.1884120005756,40.6239249208265,evaluation
trend,1007,2014,33.3,29.7873702403205,23.5696137801951,36.005126700446,evaluation
trend,1008,2014,52.1,47.0551195282935,40.8373630681681,53.2728759884189,evaluation
trend,1009,2014,34.9,32.0857637007583,25.8680072406329,38.3035201608838,evaluation
trend,1010,2014,31.7,31.4200983592235,25.2023418990981,37.637854819349,evaluation
trend,1011,2014,40.6,35.2325309295918,29.0147744694663,41.4502873897172,evaluation
trend,1012,2014,38.7,33.2140297908433,26.9962733307179,39.4317862509688,evaluation
trend,1013,2014,34.5,29.6531710913458,23.4354146312204,35.8709275514712,evaluation
trend,1014,2014,37.4,35.7512156952097,29.5334592350843,41.9689721553351,evaluation
trend,1015,2014,43.6,36.4938999428767,30.2761434827512,42.7116564030021,evaluation
trend,1016,2014,49.7,38.5140575070955,32.29630104697,44.7318139672209,evaluation
trend,1001,2015,42.9,40.7710901451784,34.5533336850529,46.9888466053038,evaluation
trend,1002,2015,32.0,36.0404958661164,29.822739405991,42.2582523262418,evaluation
trend,1003,2015,30.4,33.2712077291477,27.0534512690222,39.4889641892731,evaluation
trend,1004,2015,34.2,32.9573204557826,26.7395639956572,39.1750769159081,evaluation
trend,1005,2015,34.2,35.0519209745026,28.8341645143772,41.269677434628,evaluation
trend,1006,2015,33.7,34.537350410508,28.3195939503825,40.7551068706334,evaluation
trend,1007,2015,26.7,30.8803416453147,24.6625851851892,37.0980981054401,evaluation
trend,1008,2015,43.8,47.4099211036597,41.1921646435342,53.6276775637851,evaluation
trend,1009,2015,32.0,32.1149003888656,25.8971439287402,38.3326568489911,evaluation
trend,1010,2015,26.8,31.8004748057415,25.582718345616,38.0182312658669,evaluation
trend,1011,2015,36.8,36.7922288863903,30.5744724262649,43.0099853465158,evaluation
trend,1012,2015,33.2,33.8344534870523,27.6166970269268,40.0522099471777,evaluation
trend,1013,2015,31.7,30.447530645887,24.2297741857615,36.6652871060124,evaluation
trend,1014,2015,31.4,36.8469515977013,30.6291951375759,43.0647080578268,evaluation
trend,1015,2015,37.3,38.0201716866095,31.8024152264841,44.2379281467349,evaluation
trend,1016,2015,45.5,41.1892551173918,34.9714986572663,47.4070115775172,evaluation
trend,1001,2016,44.6,42.5612759596542,36.3435194995288,48.7790324197797,evaluation
trend,1002,2016,36.0,37.0490529457949,30.8312964856695,43.2668094059204,evaluation
trend,1003,2016,31.0,34.2004668763869,27.9827104162615,40.4182233365123,evaluation
trend,1004,2016,38.1,33.8977029860118,27.6799465258863,40.1154594461372,evaluation
trend,1005,2016,35.8,37.4265847228776,31.2088282627522,43.6443411830031,evaluation
trend,1006,2016,36.7,35.4568103091846,29.2390538490592,41.6745667693101,evaluation
trend,1007,2016,31.0,31.3984760925842,25.1807196324587,37.6162325527096,evaluation
trend,1008,2016,52.4,48.8043064512457,42.5865499911202,55.0220629113711,evaluation
trend,1009,2016,34.0,32.9340410860295,26.7162846259041,39.151797546155,evaluation
trend,1010,2016,28.5,32.1170560237875,25.8992995636621,38.334812483913,evaluation
trend,1011,2016,36.0,38.1755951928543,31.9578387327288,44.3933516529797,evaluation
trend,1012,2016,37.7,34.8960433268858,28.6782868667604,41.1137997870112,evaluation
trend,1013,2016,30.9,31.6391514655656,25.4213950054402,37.8569079256911,evaluation
trend,1014,2016,33.1,37.5363704297525,31.318613969627,43.7541268898779,evaluation
trend,1015,2016,38.0,39.3908426350703,33.1730861749449,45.6085990951958,evaluation
trend,1016,2016,41.2,44.0642037126165,37.846447252491,50.2819601727419,evaluation
trend,1001,2017,45.3,43.5209035990902,37.3031471389647,49.7386600592156,evaluation
trend,1002,2017,40.1,36.6935563001453,30.4757998400199,42.9113127602708,evaluation
trend,1003,2017,34.1,33.9529990278186,27.7352425676932,40.1707554879441,evaluation
trend,1004,2017,40.3,34.6722650805191,28.4545086203937,40.8900215406446,evaluation
trend,1005,2017,39.2,37.7436913488553,31.5259348887298,43.9614478089807,evaluation
trend,1006,2017,37.7,35.6680245216157,29.4502680614902,41.8857809817411,evaluation
trend,1007,2017,32.0,30.941572008336,24.7238155482106,37.1593284684615,evaluation
trend,1008,2017,51.3,49.0391476053766,42.8213911452511,55.256904065502,evaluation
trend,1009,2017,35.4,33.2249270574666,27.0071705973412,39.442683517592,evaluation
trend,1010,2017,31.0,31.5967910815312,25.3790346214058,37.8145475416567,evaluation
trend,1011,2017,38.6,38.5742456884035,32.3564892282781,44.7920021485289,evaluation
trend,1012,2017,39.6,35.1075796859885,28.8898232258631,41.325336146114,evaluation
trend,1013,2017,33.1,32.072197491539,25.8544410314136,38.2899539516644,evaluation
trend,1014,2017,31.6,37.1181474629103,30.9003910027848,43.3359039230357,evaluation
trend,1015,2017,42.1,39.4604412235082,33.2426847633828,45.6781976836337,evaluation
trend,1016,2017,44.2,45.3892072053393,39.1714507452139,51.6069636654647,evaluation
trend,1001,2018,38.0,44.6063084233073,38.3885519631819,50.8240648834328,evaluation
trend,1002,2018,30.0,37.3280236438606,31.1102671837352,43.5457801039861,evaluation
trend,1003,2018,28.1,34.0274065240784,27.8096500639529,40.2451629842038,evaluation
trend,1004,2018,36.9,36.0947593255508,29.8770028654253,42.3125157856762,evaluation
trend,1005,2018,22.2,38.4533589571129,32.2356024969875,44.6711154172384,evaluation
trend,1006,2018,34.9,36.3994164186914,30.1816599585659,42.6171728788168,evaluation
trend,1007,2018,27.7,31.3524540332128,25.1346975730874,37.5702104933382,evaluation
trend,1008,2018,44.3,50.5926047760238,44.3748483158983,56.8103612361492,evaluation
trend,1009,2018,31.1,33.8784556826804,27.660699222555,40.0962121428059,evaluation
trend,1010,2018,24.7,31.5970946079691,25.3793381478437,37.8148510680946,evaluation
trend,1011,2018,28.7,38.8968362216946,32.6790797615692,45.1145926818201,evaluation
trend,1012,2018,34.7,36.1593610267926,29.9416045666671,42.377117486918,evaluation
trend,1013,2018,29.7,32.4106018681113,26.1928454079859,38.6283583282368,evaluation
trend,1014,2018,27.0,36.9287967016229,30.7110402414974,43.1465531617483,evaluation
trend,1015,2018,28.4,39.8799820573973,33.6622255972718,46.0977385175227,evaluation
trend,1016,2018,30.0,45.8732674118206,39.6555109516952,52.0910238719461,evaluation
persistence,1001,2006,26.9,39.1,31.32,46.88,tuning
persistence,1002,2006,27.9,29.3,21.52,37.08,tuning
persistence,1003,2006,23.7,28.3,20.52,36.08,tuning
persistence,1004,2006,22.4,30.1,22.32,37.88,tuning
persistence,1005,2006,19.6,31.1,23.32,38.88,tuning
persistence,1006,2006,26.6,33.2,25.42,40.98,tuning
persistence,1007,2006,23.3,28.6,20.82,36.38,tuning
persistence,1008,2006,32.3,43.1,35.32,50.88,tuning
persistence,1009,2006,25.0,28.6,20.82,36.38,tuning
persistence,1010,2006,21.4,28.4,20.62,36.18,tuning
persistence,1011,2006,27.5,29.6,21.82,37.38,tuning
persistence,1012,2006,25.5,33.1,25.32,40.88,tuning
persistence,1013,2006,21.1,28.7,20.92,36.48,tuning
persistence,1014,2006,23.8,24.0,16.22,31.78,tuning
persistence,1015,2006,28.7,35.7,27.92,43.48,tuning
persistence,1016,2006,28.3,32.3,24.52,40.08,tuning
persistence,1001,2007,34.3,26.9,19.12,34.68,tuning
persistence,1002,2007,34.5,27.9,20.12,35.68,tuning
persistence,1003,2007,31.3,23.7,15.92,31.48,tuning
persistence,1004,2007,29.8,22.4,14.62,30.18,tuning
persistence,1005,2007,27.9,19.6,11.82,27.38,tuning
persistence,1006,2007,32.5,26.6,18.82,34.38,tuning
persistence,1007,2007,28.1,23.3,15.52,31.08,tuning
persistence,1008,2007,41.3,32.3,24.52,40.08,tuning
persistence,1009,2007,30.6,25.0,17.22,32.78,tuning
persistence,1010,2007,28.0,21.4,13.62,29.18,tuning
persistence,1011,2007,32.2,27.5,19.72,35.28,tuning
persistence,1012,2007,31.3,25.5,17.72,33.28,tuning
persistence,1013,2007,29.0,21.1,13.32,28.88,tuning
persistence,1014,2007,27.8,23.8,16.02,31.58,tuning
persistence,1015,2007,36.1,28.7,20.92,36.48,tuning
persistence,1016,2007,33.5,28.3,20.52,36.08,tuning
persistence,1001,2008,35.3,34.3,26.52,42.08,tuning
persistence,1002,2008,25.4,34.5,26.72,42.28,tuning
persistence,1003,2008,26.9,31.3,23.52,39.08,tuning
persistence,1004,2008,33.4,29.8,22.02,37.58,tuning
persistence,1005,2008,19.7,27.9,20.12,35.68,tuning
persistence,1006,2008,33.9,32.5,24.72,40.28,tuning
persistence,1007,2008,27.4,28.1,20.32,35.88,tuning
persistence,1008,2008,43.9,41.3,33.52,49.08,tuning
persistence,1009,2008,31.8,30.6,22.82,38.38,tuning
persistence,1010,2008,26.8,28.0,20.22,35.78,tuning
persistence,1011,2008,26.8,32.2,24.42,39.98,tuning
persistence,1012,2008,33.6,31.3,23.52,39.08,tuning
persistence,1013,2008,32.4,29.0,21.22,36.78,tuning
persistence,1014,2008,26.8,27.8,20.02,35.58,tuning
persistence,1015,2008,27.6,36.1,28.32,43.88,tuning
persistence,1016,2008,25.5,33.5,25.72,41.28,tuning
persistence,1001,2009,35.9,35.3,27.52,43.08,tuning
persistence,1002,2009,33.8,25.4,17.62,33.18,tuning
persistence,1003,2009,32.2,26.9,19.12,34.68,tuning
persistence,1004,2009,31.1,33.4,25.62,41.18,tuning
persistence,1005,2009,35.4,19.7,11.92,27.48,tuning
persistence,1006,2009,31.9,33.9,26.12,41.68,tuning
persistence,1007,2009,26.9,27.4,19.62,35.18,tuning
persistence,1008,2009,44.9,43.9,36.12,51.68,tuning
persistence,1009,2009,30.4,31.8,24.02,39.58,tuning
persistence,1010,2009,28.4,26.8,19.02,34.58,tuning
persistence,1011,2009,34.8,26.8,19.02,34.58,tuning
persistence,1012,2009,31.1,33.6,25.82,41.38,tuning
persistence,1013,2009,28.5,32.4,24.62,40.18,tuning
persistence,1014,2009,31.0,26.8,19.02,34.58,tuning
persistence,1015,2009,39.8,27.6,19.82,35.38,tuning
persistence,1016,2009,39.5,25.5,17.72,33.28,tuning
persistence,1001,2010,39.1,35.9,28.12,43.68,tuning
persistence,1002,2010,32.9,33.8,26.02,41.58,tuning
persistence,1003,2010,31.9,32.2,24.42,39.98,tuning
persistence,1004,2010,30.5,31.1,23.32,38.88,tuning
persistence,1005,2010,35.0,35.4,27.62,43.18,tuning
persistence,1006,2010,30.6,31.9,24.12,39.68,tuning
persistence,1007,2010,29.0,26.9,19.12,34.68,tuning
persistence,1008,2010,44.0,44.9,37.12,52.68,tuning
persistence,1009,2010,31.8,30.4,22.62,38.18,tuning
persistence,1010,2010,33.5,28.4,20.62,36.18,tuning
persistence,1011,2010,36.6,34.8,27.02,42.58,tuning
persistence,1012,2010,28.4,31.1,23.32,38.88,tuning
persistence,1013,2010,24.7,28.5,20.72,36.28,tuning
persistence,1014,2010,44.8,31.0,23.22,38.78,tuning
persistence,1015,2010,37.2,39.8,32.02,47.58,tuning
persistence,1016,2010,42.6,39.5,31.72,47.28,tuning
persistence,1001,2011,39.3,39.1,31.32,46.88,tuning
persistence,1002,2011,32.1,32.9,25.12,40.68,tuning
persistence,1003,2011,32.3,31.9,24.12,39.68,tuning
persistence,1004,2011,31.2,30.5,22.72,38.28,tuning
persistence,1005,2011,23.8,35.0,27.22,42.78,tuning
persistence,1006,2011,34.2,30.6,22.82,38.38,tuning
persistence,1007,2011,28.3,29.0,21.22,36.78,tuning
persistence,1008,2011,45.8,44.0,36.22,51.78,tuning
persistence,1009,2011,30.1,31.8,24.02,39.58,tuning
persistence,1010,2011,26.7,33.5,25.72,41.28,tuning
persistence,1011,2011,32.2,36.6,28.82,44.38,tuning
persistence,1012,2011,35.2,28.4,20.62,36.18,tuning
persistence,1013,2011,28.9,24.7,16.92,32.48,tuning
persistence,1014,2011,31.1,44.8,37.02,52.58,tuning
persistence,1015,2011,32.6,37.2,29.42,44.98,tuning
persistence,1016,2011,32.5,42.6,34.82,50.38,tuning
persistence,1001,2012,40.5,39.3,31.52,47.08,evaluation
persistence,1002,2012,36.5,32.1,24.32,39.88,evaluation
persistence,1003,2012,31.8,32.3,24.52,40.08,evaluation
persistence,1004,2012,32.8,31.2,23.42,38.98,evaluation
persistence,1005,2012,34.3,23.8,16.02,31.58,evaluation
persistence,1006,2012,35.6,34.2,26.42,41.98,evaluation
persistence,1007,2012,31.2,28.3,20.52,36.08,evaluation
persistence,1008,2012,46.5,45.8,38.02,53.58,evaluation
persistence,1009,2012,31.9,30.1,22.32,37.88,evaluation
persistence,1010,2012,29.5,26.7,18.92,34.48,evaluation
persistence,1011,2012,34.8,32.2,24.42,39.98,evaluation
persistence,1012,2012,35.5,35.2,27.42,42.98,evaluation
persistence,1013,2012,29.8,28.9,21.12,36.68,evaluation
persistence,1014,2012,33.7,31.1,23.32,38.88,evaluation
persistence,1015,2012,38.6,32.6,24.82,40.38,evaluation
persistence,1016,2012,37.2,32.5,24.72,40.28,evaluation
persistence,1001,2013,40.0,40.5,32.72,48.28,evaluation
persistence,1002,2013,37.9,36.5,28.72,44.28,evaluation
persistence,1003,2013,30.2,31.8,24.02,39.58,evaluation
persistence,1004,2013,32.3,32.8,25.02,40.58,evaluation
persistence,1005,2013,40.1,34.3,26.52,42.08,evaluation
persistence,1006,2013,31.5,35.6,27.82,43.38,evaluation
persistence,1007,2013,32.0,31.2,23.42,38.98,evaluation
persistence,1008,2013,42.3,46.5,38.72,54.28,evaluation
persistence,1009,2013,29.2,31.9,24.12,39.68,evaluation
persistence,1010,2013,29.6,29.5,21.72,37.28,evaluation
persistence,1011,2013,37.4,34.8,27.02,42.58,evaluation
persistence,1012,2013,32.8,35.5,27.72,43.28,evaluation
persistence,1013,2013,29.7,29.8,22.02,37.58,evaluation
persistence,1014,2013,35.6,33.7,25.92,41.48,evaluation
persistence,1015,2013,39.2,38.6,30.82,46.38,evaluation
persistence,1016,2013,42.2,37.2,29.42,44.98,evaluation
persistence,1001,2014,46.4,40.0,32.22,47.78,evaluation
persistence,1002,2014,40.2,37.9,30.12,45.68,evaluation
persistence,1003,2014,36.3,30.2,22.42,37.98,evaluation
persistence,1004,2014,35.6,32.3,24.52,40.08,evaluation
persistence,1005,2014,44.1,40.1,32.32,47.88,evaluation
persistence,1006,2014,37.9,31.5,23.72,39.28,evaluation
persistence,1007,2014,33.3,32.0,24.22,39.78,evaluation
persistence,1008,2014,52.1,42.3,34.52,50.08,evaluation
persistence,1009,2014,34.9,29.2,21.42,36.98,evaluation
persistence,1010,2014,31.7,29.6,21.82,37.38,evaluation
persistence,1011,2014,40.6,37.4,29.62,45.18,evaluation
persistence,1012,2014,38.7,32.8,25.02,40.58,evaluation
persistence,1013,2014,34.5,29.7,21.92,37.48,evaluation
persistence,1014,2014,37.4,35.6,27.82,43.38,evaluation
persistence,1015,2014,43.6,39.2,31.42,46.98,evaluation
persistence,1016,2014,49.7,42.2,34.42,49.98,evaluation
persistence,1001,2015,42.9,46.4,38.62,54.18,evaluation
persistence,1002,2015,32.0,40.2,32.42,47.98,evaluation
persistence,1003,2015,30.4,36.3,28.52,44.08,evaluation
persistence,1004,2015,34.2,35.6,27.82,43.38,evaluation
persistence,1005,2015,34.2,44.1,36.32,51.88,evaluation
persistence,1006,2015,33.7,37.9,30.12,45.68,evaluation
persistence,1007,2015,26.7,33.3,25.52,41.08,evaluation
persistence,1008,2015,43.8,52.1,44.32,59.88,evaluation
persistence,1009,2015,32.0,34.9,27.12,42.68,evaluation
persistence,1010,2015,26.8,31.7,23.92,39.48,evaluation
persistence,1011,2015,36.8,40.6,32.82,48.38,evaluation
persistence,1012,2015,33.2,38.7,30.92,46.48,evaluation
persistence,1013,2015,31.7,34.5,26.72,42.28,evaluation
persistence,1014,2015,31.4,37.4,29.62,45.18,evaluation
persistence,1015,2015,37.3,43.6,35.82,51.38,evaluation
persistence,1016,2015,45.5,49.7,41.92,57.48,evaluation
persistence,1001,2016,44.6,42.9,35.12,50.68,evaluation
persistence,1002,2016,36.0,32.0,24.22,39.78,evaluation
persistence,1003,2016,31.0,30.4,22.62,38.18,evaluation
persistence,1004,2016,38.1,34.2,26.42,41.98,evaluation
persistence,1005,2016,35.8,34.2,26.42,41.98,evaluation
persistence,1006,2016,36.7,33.7,25.92,41.48,evaluation
persistence,1007,2016,31.0,26.7,18.92,34.48,evaluation
persistence,1008,2016,52.4,43.8,36.02,51.58,evaluation
persistence,1009,2016,34.0,32.0,24.22,39.78,evaluation
persistence,1010,2016,28.5,26.8,19.02,34.58,evaluation
persistence,1011,2016,36.0,36.8,29.02,44.58,evaluation
persistence,1012,2016,37.7,33.2,25.42,40.98,evaluation
persistence,1013,2016,30.9,31.7,23.92,39.48,evaluation
persistence,1014,2016,33.1,31.4,23.62,39.18,evaluation
persistence,1015,2016,38.0,37.3,29.52,45.08,evaluation
persistence,1016,2016,41.2,45.5,37.72,53.28,evaluation
persistence,1001,2017,45.3,44.6,36.82,52.38,evaluation
persistence,1002,2017,40.1,36.0,28.22,43.78,evaluation
persistence,1003,2017,34.1,31.0,23.22,38.78,evaluation
persistence,1004,2017,40.3,38.1,30.32,45.88,evaluation
persistence,1005,2017,39.2,35.8,28.02,43.58,evaluation
persistence,1006,2017,37.7,36.7,28.92,44.48,evaluation
persistence,1007,2017,32.0,31.0,23.22,38.78,evaluation
persistence,1008,2017,51.3,52.4,44.62,60.18,evaluation
persistence,1009,2017,35.4,34.0,26.22,41.78,evaluation
persistence,1010,2017,31.0,28.5,20.72,36.28,evaluation
persistence,1011,2017,38.6,36.0,28.22,43.78,evaluation
persistence,1012,2017,39.6,37.7,29.92,45.48,evaluation
persistence,1013,2017,33.1,30.9,23.12,38.68,evaluation
persistence,1014,2017,31.6,33.1,25.32,40.88,evaluation
persistence,1015,2017,42.1,38.0,30.22,45.78,evaluation
persistence,1016,2017,44.2,41.2,33.42,48.98,evaluation
persistence,1001,2018,38.0,45.3,37.52,53.08,evaluation
persistence,1002,2018,30.0,40.1,32.32,47.88,evaluation
persistence,1003,2018,28.1,34.1,26.32,41.88,evaluation
persistence,1004,2018,36.9,40.3,32.52,48.08,evaluation
persistence,1005,2018,22.2,39.2,31.42,46.98,evaluation
persistence,1006,2018,34.9,37.7,29.92,45.48,evaluation
persistence,1007,2018,27.7,32.0,24.22,39.78,evaluation
persistence,1008,2018,44.3,51.3,43.52,59.08,evaluation
persistence,1009,2018,31.1,35.4,27.62,43.18,evaluation
persistence,1010,2018,24.7,31.0,23.22,38.78,evaluation
persistence,1011,2018,28.7,38.6,30.82,46.38,evaluation
persistence,1012,2018,34.7,39.6,31.82,47.38,evaluation
persistence,1013,2018,29.7,33.1,25.32,40.88,evaluation
persistence,1014,2018,27.0,31.6,23.82,39.38,evaluation
persistence,1015,2018,28.4,42.1,34.32,49.88,evaluation
persistence,1016,2018,30.0,44.2,36.42,51.98,evaluation
panel_ridge,1001,2006,26.9,32.9643389637169,26.5268273584785,39.4018505689554,tuning
panel_ridge,1002,2006,27.9,29.3881081712061,22.9505965659677,35.8256197764446,tuning
panel_ridge,1003,2006,23.7,27.8387190181691,21.4012074129307,34.2762306234076,tuning
panel_ridge,1004,2006,22.4,27.9801448339328,21.5426332286943,34.4176564391712,tuning
panel_ridge,1005,2006,19.6,29.7574679984777,23.3199563932392,36.1949796037161,tuning
panel_ridge,1006,2006,26.6,31.1277101532655,24.6901985480271,37.565221758504,tuning
panel_ridge,1007,2006,23.3,28.4470791971581,22.0095675919197,34.8845908023965,tuning
panel_ridge,1008,2006,32.3,35.496099185451,29.0585875802126,41.9336107906894,tuning
panel_ridge,1009,2006,25.0,29.5585245370708,23.1210129318323,35.9960361423092,tuning
panel_ridge,1010,2006,21.4,25.888409174518,19.4508975692796,32.3259207797564,tuning
panel_ridge,1011,2006,27.5,29.4577378623963,23.0202262571578,35.8952494676347,tuning
panel_ridge,1012,2006,25.5,31.9577305718116,25.5202189665732,38.39524217705,tuning
panel_ridge,1013,2006,21.1,28.0575626685786,21.6200510633402,34.4950742738171,tuning
panel_ridge,1014,2006,23.8,26.2793757380216,19.8418641327831,32.71688734326,tuning
panel_ridge,1015,2006,28.7,32.1843747576776,25.7468631524391,38.621886362916,tuning
panel_ridge,1016,2006,28.3,31.5668008370348,25.1292892317964,38.0043124422732,tuning
panel_ridge,1001,2007,34.3,30.3211128345687,23.8836012293303,36.7586244398071,tuning
panel_ridge,1002,2007,34.5,30.1512372348208,23.7137256295824,36.5887488400592,tuning
panel_ridge,1003,2007,31.3,27.6902291524824,21.2527175472439,34.1277407577208,tuning
panel_ridge,1004,2007,29.8,28.3211551924463,21.8836435872079,34.7586667976847,tuning
panel_ridge,1005,2007,27.9,28.3748718814889,21.9373602762505,34.8123834867273,tuning
panel_ridge,1006,2007,32.5,30.9441745287034,24.506662923465,37.3816861339418,tuning
panel_ridge,1007,2007,28.1,29.3067307432304,22.8692191379919,35.7442423484688,tuning
panel_ridge,1008,2007,41.3,33.2927460342523,26.8552344290139,39.7302576394907,tuning
panel_ridge,1009,2007,30.6,28.5348115138,22.0972999085615,34.9723231190384,tuning
panel_ridge,1010,2007,28.0,27.5485506467587,21.1110390415203,33.9860622519972,tuning
panel_ridge,1011,2007,32.2,31.9468646800036,25.5093530747652,38.384376285242,tuning
panel_ridge,1012,2007,31.3,29.1398535823755,22.702341977137,35.5773651876139,tuning
panel_ridge,1013,2007,29.0,27.2046911035868,20.7671794983484,33.6422027088252,tuning
panel_ridge,1014,2007,27.8,29.0601826135426,22.6226710083042,35.4976942187811,tuning
panel_ridge,1015,2007,36.1,31.3102994385761,24.8727878333377,37.7478110438145,tuning
panel_ridge,1016,2007,33.5,32.2928453032189,25.8553336979805,38.7303569084574,tuning
panel_ridge,1001,2008,35.3,33.8487392837058,27.4112276784673,40.2862508889442,tuning
panel_ridge,1002,2008,25.4,29.5557653907413,23.1182537855029,35.9932769959797,tuning
panel_ridge,1003,2008,26.9,29.3181401087717,22.8806285035332,35.7556517140101,tuning
panel_ridge,1004,2008,33.4,31.4156552559571,24.9781436507187,37.8531668611955,tuning
panel_ridge,1005,2008,19.7,27.7452816468202,21.3077700415818,34.1827932520586,tuning
panel_ridge,1006,2008,33.9,33.2092519005953,26.7717402953568,39.6467635058337,tuning
panel_ridge,1007,2008,27.4,27.2327735921131,20.7952619868747,33.6702851973515,tuning
panel_ridge,1008,2008,43.9,37.1883083091812,30.7507967039428,43.6258199144197,tuning
panel_ridge,1009,2008,31.8,32.5341542730725,26.0966426678341,38.9716658783109,tuning
panel_ridge,1010,2008,26.8,28.1136177936005,21.6761061883621,34.5511293988389,tuning
panel_ridge,1011,2008,26.8,28.3474832502191,21.9099716449807,34.7849948554576,tuning
panel_ridge,1012,2008,33.6,32.6281640469498,26.1906524417114,39.0656756521882,tuning
panel_ridge,1013,2008,32.4,29.468399042052,23.0308874368135,35.9059106472904,tuning
panel_ridge,1014,2008,26.8,27.1847487563249,20.7472371510865,33.6222603615633,tuning
panel_ridge,1015,2008,27.6,31.8761137145121,25.4386021092737,38.3136253197505,tuning
panel_ridge,1016,2008,25.5,29.6364541962194,23.198942590981,36.0739658014579,tuning
panel_ridge,1001,2009,35.9,34.7415622983855,28.304050693147,41.1790739036239,tuning
panel_ridge,1002,2009,33.8,30.0486965441258,23.6111849388873,36.4862081493642,tuning
panel_ridge,1003,2009,32.2,28.7325213584224,22.295009753184,35.1700329636608,tuning
panel_ridge,1004,2009,31.1,30.6346306154873,24.1971190102488,37.0721422207257,tuning
panel_ridge,1005,2009,35.4,28.558069736386,22.1205581311476,34.9955813416245,tuning
panel_ridge,1006,2009,31.9,32.1901392542453,25.7526276490068,38.6276508594837,tuning
panel_ridge,1007,2009,26.9,29.358065602758,22.9205539975196,35.7955772079965,tuning
panel_ridge,1008,2009,44.9,36.6564386344399,30.2189270292015,43.0939502396783,tuning
panel_ridge,1009,2009,30.4,29.7864754969904,23.348963891752,36.2239871022288,tuning
panel_ridge,1010,2009,28.4,27.2311572737181,20.7936456684797,33.6686688789566,tuning
panel_ridge,1011,2009,34.8,29.7643315133761,23.3268199081377,36.2018431186146,tuning
panel_ridge,1012,2009,31.1,31.4231787912544,24.985667186016,37.8606903964928,tuning
panel_ridge,1013,2009,28.5,29.7203755653284,23.28286396009,36.1578871705669,tuning
panel_ridge,1014,2009,31.0,27.1390836619492,20.7015720567108,33.5765952671877,tuning
panel_ridge,1015,2009,39.8,32.2313315380558,25.7938199328173,38.6688431432942,tuning
panel_ridge,1016,2009,39.5,30.9361346921412,24.4986230869028,37.3736462973797,tuning
panel_ridge,1001,2010,39.1,41.3755216682171,34.9380100629787,47.8130332734555,tuning
panel_ridge,1002,2010,32.9,38.3848801601418,31.9473685549034,44.8223917653802,tuning
panel_ridge,1003,2010,31.9,38.5005538901288,32.0630422848904,44.9380654953672,tuning
panel_ridge,1004,2010,30.5,37.5244848868509,31.0869732816125,43.9619964920894,tuning
panel_ridge,1005,2010,35.0,37.2557915679196,30.8182799626811,43.693303173158,tuning
panel_ridge,1006,2010,30.6,42.7307368887129,36.2932252834744,49.1682484939513,tuning
panel_ridge,1007,2010,29.0,35.8709838920375,29.433472286799,42.3084954972759,tuning
panel_ridge,1008,2010,44.0,46.1332969092964,39.695785304058,52.5708085145348,tuning
panel_ridge,1009,2010,31.8,39.1852569049319,32.7477452996934,45.6227685101703,tuning
panel_ridge,1010,2010,33.5,34.2630659996352,27.8255543943968,40.7005776048736,tuning
panel_ridge,1011,2010,36.6,37.4086218049518,30.9711101997134,43.8461334101903,tuning
panel_ridge,1012,2010,28.4,41.8773150484287,35.4398034431903,48.3148266536672,tuning
panel_ridge,1013,2010,24.7,37.8953835990547,31.4578719938162,44.3328952042931,tuning
panel_ridge,1014,2010,44.8,35.9528609403129,29.5153493350745,42.3903725455513,tuning
panel_ridge,1015,2010,37.2,40.8972157875498,34.4597041823113,47.3347273927882,tuning
panel_ridge,1016,2010,42.6,39.0146891225743,32.5771775173359,45.4522007278127,tuning
panel_ridge,1001,2011,39.3,34.4464245461109,28.0089129408725,40.8839361513494,tuning
panel_ridge,1002,2011,32.1,31.0486337815359,24.6111221762975,37.4861453867744,tuning
panel_ridge,1003,2011,32.3,30.497614263086,24.0601026578476,36.9351258683245,tuning
panel_ridge,1004,2011,31.2,31.4691939994425,25.0316823942041,37.906705604681,tuning
panel_ridge,1005,2011,23.8,30.2240322941896,23.7865206889512,36.6615438994281,tuning
panel_ridge,1006,2011,34.2,33.291594526049,26.8540829208105,39.7291061312874,tuning
panel_ridge,1007,2011,28.3,28.0116484927476,21.5741368875091,34.449160097986,tuning
panel_ridge,1008,2011,45.8,38.7783096846387,32.3407980794003,45.2158212898772,tuning
panel_ridge,1009,2011,30.1,31.6994305245623,25.2619189193239,38.1369421298007,tuning
panel_ridge,1010,2011,26.7,29.7328299605709,23.2953183553324,36.1703415658093,tuning
panel_ridge,1011,2011,32.2,31.8015133772713,25.3640017720329,38.2390249825097,tuning
panel_ridge,1012,2011,35.2,32.3612031280531,25.9236915228147,38.7987147332916,tuning
panel_ridge,1013,2011,28.9,29.7994159286503,23.3619043234118,36.2369275338887,tuning
panel_ridge,1014,2011,31.1,30.7528856826969,24.3153740774585,37.1903972879354,tuning
panel_ridge,1015,2011,32.6,33.3234490511034,26.8859374458649,39.7609606563418,tuning
panel_ridge,1016,2011,32.5,32.3674159650512,25.9299043598127,38.8049275702896,tuning
panel_ridge,1001,2012,40.5,34.4370035797455,27.9994919745071,40.8745151849839,evaluation
panel_ridge,1002,2012,36.5,31.318995573649,24.8814839684106,37.7565071788874,evaluation
panel_ridge,1003,2012,31.8,29.8993280174114,23.461816412173,36.3368396226498,evaluation
panel_ridge,1004,2012,32.8,30.2891571365022,23.8516455312637,36.7266687417406,evaluation
panel_ridge,1005,2012,34.3,29.4798628397611,23.0423512345227,35.9173744449995,evaluation
panel_ridge,1006,2012,35.6,31.0283088761824,24.5907972709439,37.4658204814208,evaluation
panel_ridge,1007,2012,31.2,28.5498148308482,22.1123032256097,34.9873264360866,evaluation
panel_ridge,1008,2012,46.5,36.9878112132621,30.5502996080237,43.4253228185006,evaluation
panel_ridge,1009,2012,31.9,29.8365453470507,23.3990337418123,36.2740569522891,evaluation
panel_ridge,1010,2012,29.5,27.8645176074186,21.4270060021801,34.302029212657,evaluation
panel_ridge,1011,2012,34.8,31.4126360703788,24.9751244651404,37.8501476756173,evaluation
panel_ridge,1012,2012,35.5,30.5562234782894,24.118711873051,36.9937350835279,evaluation
panel_ridge,1013,2012,29.8,28.4037575632143,21.9662459579759,34.8412691684528,evaluation
panel_ridge,1014,2012,33.7,29.7239294419658,23.2864178367274,36.1614410472042,evaluation
panel_ridge,1015,2012,38.6,33.2936800023202,26.8561683970818,39.7311916075586,evaluation
panel_ridge,1016,2012,37.2,31.6943654691164,25.256853863878,38.1318770743548,evaluation
panel_ridge,1001,2013,40.0,37.2615604401698,30.8240488349313,43.6990720454082,evaluation
panel_ridge,1002,2013,37.9,32.2089094661759,25.7713978609375,38.6464210714143,evaluation
panel_ridge,1003,2013,30.2,31.393113934574,24.9556023293356,37.8306255398124,evaluation
panel_ridge,1004,2013,32.3,30.1131845283988,23.6756729231604,36.5506961336372,evaluation
panel_ridge,1005,2013,40.1,31.5199772519386,25.0824656467002,37.9574888571771,evaluation
panel_ridge,1006,2013,31.5,33.786384403619,27.3488727983806,40.2238960088575,evaluation
panel_ridge,1007,2013,32.0,29.823939222303,23.3864276170646,36.2614508275414,evaluation
panel_ridge,1008,2013,42.3,41.1837492343209,34.7462376290825,47.6212608395593,evaluation
panel_ridge,1009,2013,29.2,30.320622907641,23.8831113024026,36.7581345128795,evaluation
panel_ridge,1010,2013,29.6,27.2491140522409,20.8116024470025,33.6866256574794,evaluation
panel_ridge,1011,2013,37.4,31.4493414091389,25.0118298039004,37.8868530143773,evaluation
panel_ridge,1012,2013,32.8,34.5118704533354,28.074358848097,40.9493820585738,evaluation
panel_ridge,1013,2013,29.7,29.9846526693161,23.5471410640777,36.4221642745546,evaluation
panel_ridge,1014,2013,35.6,29.5378910434916,23.1003794382532,35.97540264873,evaluation
panel_ridge,1015,2013,39.2,34.5986333607551,28.1611217555166,41.0361449659935,evaluation
panel_ridge,1016,2013,42.2,33.5539501754934,27.1164385702549,39.9914617807318,evaluation
panel_ridge,1001,2014,46.4,41.1004308319966,34.6629192267582,47.537942437235,evaluation
panel_ridge,1002,2014,40.2,37.4022979255237,30.9647863202853,43.8398095307622,evaluation
panel_ridge,1003,2014,36.3,35.5792641418642,29.1417525366258,42.0167757471026,evaluation
panel_ridge,1004,2014,35.6,36.9496764543414,30.5121648491029,43.3871880595798,evaluation
panel_ridge,1005,2014,44.1,36.9161782309125,30.4786666256741,43.3536898361509,evaluation
panel_ridge,1006,2014,37.9,38.3813916482761,31.9438800430376,44.8189032535145,evaluation
panel_ridge,1007,2014,33.3,34.5020692423519,28.0645576371134,40.9395808475903,evaluation
panel_ridge,1008,2014,52.1,44.1883233151757,37.7508117099373,50.6258349204141,evaluation
panel_ridge,1009,2014,34.9,36.3394285300687,29.9019169248302,42.7769401353071,evaluation
panel_ridge,1010,2014,31.7,34.9947569603771,28.5572453551387,41.4322685656155,evaluation
panel_ridge,1011,2014,40.6,37.0300703085156,30.5925587032772,43.4675819137541,evaluation
panel_ridge,1012,2014,38.7,38.1976364935378,31.7601248882994,44.6351480987763,evaluation
panel_ridge,1013,2014,34.5,34.6301094645367,28.1925978592983,41.0676210697751,evaluation
panel_ridge,1014,2014,37.4,36.1551284067775,29.7176168015391,42.5926400120159,evaluation
panel_ridge,1015,2014,43.6,39.640588765097,33.2030771598586,46.0781003703355,evaluation
panel_ridge,1016,2014,49.7,38.3598262011864,31.9223145959479,44.7973378064248,evaluation
panel_ridge,1001,2015,42.9,41.0206477695969,34.5831361643584,47.4581593748353,evaluation
panel_ridge,1002,2015,32.0,36.0963484606005,29.6588368553621,42.5338600658389,evaluation
panel_ridge,1003,2015,30.4,33.7309571746977,27.2934455694592,40.1684687799361,evaluation
panel_ridge,1004,2015,34.2,34.0580213543202,27.6205097490818,40.4955329595586,evaluation
panel_ridge,1005,2015,34.2,36.3929799995867,29.9554683943482,42.8304916048251,evaluation
panel_ridge,1006,2015,33.7,37.3760102331814,30.938498627943,43.8135218384198,evaluation
panel_ridge,1007,2015,26.7,32.1668489475841,25.7293373423457,38.6043605528225,evaluation
panel_ridge,1008,2015,43.8,44.5623529897836,38.1248413845452,50.999864595022,evaluation
panel_ridge,1009,2015,32.0,34.6409363918209,28.2034247865825,41.0784479970593,evaluation
panel_ridge,1010,2015,26.8,30.641189312109,24.2036777068705,37.0787009173474,evaluation
panel_ridge,1011,2015,36.8,35.7970859655297,29.3595743602913,42.2345975707681,evaluation
panel_ridge,1012,2015,33.2,36.8445529636415,30.407041358403,43.2820645688799,evaluation
panel_ridge,1013,2015,31.7,33.8639457139488,27.4264341087103,40.3014573191872,evaluation
panel_ridge,1014,2015,31.4,33.7490346395405,27.311523034302,40.1865462447789,evaluation
panel_ridge,1015,2015,37.3,38.6667096865887,32.2291980813503,45.1042212918272,evaluation
panel_ridge,1016,2015,45.5,39.0908042089314,32.653292603693,45.5283158141698,evaluation
panel_ridge,1001,2016,44.6,42.3027755422502,35.8652639370117,48.7402871474886,evaluation
panel_ridge,1002,2016,36.0,37.461058289261,31.0235466840226,43.8985698944995,evaluation
panel_ridge,1003,2016,31.0,34.4059957632076,27.9684841579692,40.8435073684461,evaluation
panel_ridge,1004,2016,38.1,36.5958904444029,30.1583788391645,43.0334020496413,evaluation
panel_ridge,1005,2016,35.8,37.6773840345038,31.2398724292653,44.1148956397422,evaluation
panel_ridge,1006,2016,36.7,36.9322786775212,30.4947670722828,43.3697902827597,evaluation
panel_ridge,1007,2016,31.0,33.862822881929,27.4253112766905,40.3003344871674,evaluation
panel_ridge,1008,2016,52.4,44.2021662306287,37.7646546253902,50.6396778358671,evaluation
panel_ridge,1009,2016,34.0,35.207204061645,28.7696924564065,41.6447156668834,evaluation
panel_ridge,1010,2016,28.5,32.19216534186,25.7546537366215,38.6296769470984,evaluation
panel_ridge,1011,2016,36.0,39.4093689642457,32.9718573590073,45.8468805694841,evaluation
panel_ridge,1012,2016,37.7,36.136082045041,29.6985704398026,42.5735936502794,evaluation
panel_ridge,1013,2016,30.9,34.1692991417383,27.7317875364999,40.6068107469768,evaluation
panel_ridge,1014,2016,33.1,35.6504224759833,29.2129108707449,42.0879340812217,evaluation
panel_ridge,1015,2016,38.0,39.9604965614125,33.5229849561741,46.3980081666509,evaluation
panel_ridge,1016,2016,41.2,41.9548784200616,35.5173668148231,48.3923900253,evaluation
panel_ridge,1001,2017,45.3,41.1650256338643,34.7275140286259,47.6025372391028,evaluation
panel_ridge,1002,2017,40.1,36.1515107133034,29.713999108065,42.5890223185418,evaluation
panel_ridge,1003,2017,34.1,32.8173716324363,26.3798600271979,39.2548832376747,evaluation
panel_ridge,1004,2017,40.3,33.4350143741499,26.9975027689115,39.8725259793883,evaluation
panel_ridge,1005,2017,39.2,34.9372379154393,28.4997263102009,41.3747495206778,evaluation
panel_ridge,1006,2017,37.7,34.6032304922768,28.1657188870384,41.0407420975153,evaluation
panel_ridge,1007,2017,32.0,31.4839646117862,25.0464530065478,37.9214762170247,evaluation
panel_ridge,1008,2017,51.3,44.5857373303942,38.1482257251557,51.0232489356326,evaluation
panel_ridge,1009,2017,35.4,32.4678345958704,26.030322990632,38.9053462011088,evaluation
panel_ridge,1010,2017,31.0,30.1146443297615,23.6771327245231,36.552155935,evaluation
panel_ridge,1011,2017,38.6,36.4281971248349,29.9906855195965,42.8657087300733,evaluation
panel_ridge,1012,2017,39.6,35.8637620642395,29.4262504590011,42.3012736694779,evaluation
panel_ridge,1013,2017,33.1,31.0081778409827,24.5706662357443,37.4456894462212,evaluation
panel_ridge,1014,2017,31.6,33.1303730377242,26.6928614324858,39.5678846429627,evaluation
panel_ridge,1015,2017,42.1,38.7778804099914,32.3403688047529,45.2153920152298,evaluation
panel_ridge,1016,2017,44.2,39.1729147975445,32.7354031923061,45.6104264027829,evaluation
panel_ridge,1001,2018,38.0,40.9826144300314,34.545102824793,47.4201260352698,evaluation
panel_ridge,1002,2018,30.0,35.790381354068,29.3528697488296,42.2278929593064,evaluation
panel_ridge,1003,2018,28.1,33.7882268445037,27.3507152392653,40.2257384497421,evaluation
panel_ridge,1004,2018,36.9,36.1003126856364,29.662801080398,42.5378242908748,evaluation
panel_ridge,1005,2018,22.2,35.7717927499139,29.3342811446755,42.2093043551523,evaluation
panel_ridge,1006,2018,34.9,37.4364960124736,30.9989844072351,43.874007617712,evaluation
panel_ridge,1007,2018,27.7,30.9463182399855,24.508806634747,37.3838298452239,evaluation
panel_ridge,1008,2018,44.3,45.8348333303934,39.3973217251549,52.2723449356318,evaluation
panel_ridge,1009,2018,31.1,34.1449168860606,27.7074052808222,40.5824284912991,evaluation
panel_ridge,1010,2018,24.7,30.264341213538,23.8268296082996,36.7018528187765,evaluation
panel_ridge,1011,2018,28.7,35.3286475815849,28.8911359763465,41.7661591868233,evaluation
panel_ridge,1012,2018,34.7,38.5630831540547,32.1255715488162,45.0005947592931,evaluation
panel_ridge,1013,2018,29.7,33.3969637828336,26.9594521775952,39.834475388072,evaluation
panel_ridge,1014,2018,27.0,32.8189894278518,26.3814778226133,39.2565010330902,evaluation
panel_ridge,1015,2018,28.4,38.0864817641056,31.6489701588672,44.523993369344,evaluation
panel_ridge,1016,2018,30.0,38.9256453319143,32.4881337266758,45.3631569371527,evaluation
local_ridge,1001,2006,26.9,36.8216824316766,31.3507345595332,42.29263030382,tuning
local_ridge,1002,2006,27.9,30.7906226022438,25.3196747301004,36.2615704743872,tuning
local_ridge,1003,2006,23.7,27.9013941163819,22.4304462442385,33.3723419885253,tuning
local_ridge,1004,2006,22.4,30.1118883738955,24.6409405017521,35.5828362460389,tuning
local_ridge,1005,2006,19.6,29.155151247937,23.6842033757936,34.6260991200804,tuning
local_ridge,1006,2006,26.6,32.2415169560711,26.7705690839278,37.7124648282145,tuning
local_ridge,1007,2006,23.3,28.4798104870671,23.0088626149237,33.9507583592105,tuning
local_ridge,1008,2006,32.3,42.0226394203471,36.5516915482037,47.4935872924905,tuning
local_ridge,1009,2006,25.0,29.2229535867774,23.752005714634,34.6939014589208,tuning
local_ridge,1010,2006,21.4,27.5547132881359,22.0837654159925,33.0256611602793,tuning
local_ridge,1011,2006,27.5,29.6360655015989,24.1651176294555,35.1070133737423,tuning
local_ridge,1012,2006,25.5,32.5249397388235,27.0539918666801,37.9958876109669,tuning
local_ridge,1013,2006,21.1,27.8491852482121,22.3782373760687,33.3201331203555,tuning
local_ridge,1014,2006,23.8,28.3145437973985,22.8435959252551,33.7854916695419,tuning
local_ridge,1015,2006,28.7,36.2481136184895,30.7771657463461,41.7190614906329,tuning
local_ridge,1016,2006,28.3,32.2485911976362,26.7776433254928,37.7195390697796,tuning
local_ridge,1001,2007,34.3,34.3687649571168,28.8978170849734,39.8397128292602,tuning
local_ridge,1002,2007,34.5,28.7377384033748,23.2667905312314,34.2086862755182,tuning
local_ridge,1003,2007,31.3,26.4165412713246,20.9455933991812,31.887489143468,tuning
local_ridge,1004,2007,29.8,31.1734260499075,25.7024781777641,36.6443739220509,tuning
local_ridge,1005,2007,27.9,23.4787036618366,18.0077557896932,28.94965153398,tuning
local_ridge,1006,2007,32.5,31.7066168711086,26.2356689989653,37.177564743252,tuning
local_ridge,1007,2007,28.1,27.7748270287736,22.3038791566302,33.2457749009169,tuning
local_ridge,1008,2007,41.3,38.5618317975839,33.0908839254405,44.0327796697273,tuning
local_ridge,1009,2007,30.6,28.7661598603191,23.2952119881757,34.2371077324625,tuning
local_ridge,1010,2007,28.0,27.0293503140356,21.5584024418923,32.500298186179,tuning
local_ridge,1011,2007,32.2,29.295611389285,23.8246635171417,34.7665592614284,tuning
local_ridge,1012,2007,31.3,33.0827483777264,27.611800505583,38.5536962498697,tuning
local_ridge,1013,2007,29.0,26.6759528200864,21.205004947943,32.1469006922298,tuning
local_ridge,1014,2007,27.8,25.4564172717969,19.9854693996535,30.9273651439402,tuning
local_ridge,1015,2007,36.1,31.5929072721594,26.121959400016,37.0638551443028,tuning
local_ridge,1016,2007,33.5,30.1847080577025,24.7137601855592,35.6556559298459,tuning
local_ridge,1001,2008,35.3,34.5827095025126,29.1117616303692,40.053657374656,tuning
local_ridge,1002,2008,25.4,30.8758444367504,25.404896564607,36.3467923088938,tuning
local_ridge,1003,2008,26.9,27.8062945990302,22.3353467268868,33.2772424711735,tuning
local_ridge,1004,2008,33.4,30.3028566626787,24.8319087905354,35.7738045348221,tuning
local_ridge,1005,2008,19.7,25.1676834957387,19.6967356235953,30.6386313678821,tuning
local_ridge,1006,2008,33.9,32.261753225651,26.7908053535076,37.7327010977944,tuning
local_ridge,1007,2008,27.4,27.6714764975573,22.2005286254139,33.1424243697007,tuning
local_ridge,1008,2008,43.9,39.6076845046479,34.1367366325045,45.0786323767913,tuning
local_ridge,1009,2008,31.8,29.9304078039692,24.4594599318258,35.4013556761126,tuning
local_ridge,1010,2008,26.8,27.4163747259805,21.9454268538371,32.8873225981239,tuning
local_ridge,1011,2008,26.8,29.7308132399979,24.2598653678545,35.2017611121413,tuning
local_ridge,1012,2008,33.6,32.0122783471101,26.5413304749667,37.4832262192535,tuning
local_ridge,1013,2008,32.4,28.2042571912158,22.7333093190724,33.6752050633592,tuning
local_ridge,1014,2008,26.8,26.3435258433581,20.8725779712147,31.8144737155015,tuning
local_ridge,1015,2008,27.6,34.7985362124614,29.3275883403181,40.2694840846048,tuning
local_ridge,1016,2008,25.5,31.8571549872406,26.3862071150972,37.328102859384,tuning
local_ridge,1001,2009,35.9,35.1542103269219,29.6832624547785,40.6251581990652,tuning
local_ridge,1002,2009,33.8,31.5896508200391,26.1187029478958,37.0605986921825,tuning
local_ridge,1003,2009,32.2,28.8106108961025,23.3396630239591,34.2815587682458,tuning
local_ridge,1004,2009,31.1,30.2897432506633,24.8187953785199,35.7606911228067,tuning
local_ridge,1005,2009,35.4,28.2827516493453,22.8118037772019,33.7536995214887,tuning
local_ridge,1006,2009,31.9,31.9745549481036,26.5036070759603,37.445502820247,tuning
local_ridge,1007,2009,26.9,28.106047292598,22.6350994204546,33.5769951647413,tuning
local_ridge,1008,2009,44.9,41.6126452596948,36.1416973875514,47.0835931318382,tuning
local_ridge,1009,2009,30.4,29.0754672370966,23.6045193649532,34.54641510924,tuning
local_ridge,1010,2009,28.4,27.5596697981029,22.0887219259595,33.0306176702463,tuning
local_ridge,1011,2009,34.8,30.0403908760913,24.569443003948,35.5113387482347,tuning
local_ridge,1012,2009,31.1,32.1416218962041,26.6706740240607,37.6125697683475,tuning
local_ridge,1013,2009,28.5,28.3270949130478,22.8561470409044,33.7980427851912,tuning
local_ridge,1014,2009,31.0,26.6723223853095,21.2013745131661,32.1432702574529,tuning
local_ridge,1015,2009,39.8,35.2116663509645,29.7407184788211,40.6826142231079,tuning
local_ridge,1016,2009,39.5,31.5594457123861,26.0884978402428,37.0303935845295,tuning
local_ridge,1001,2010,39.1,35.926726658105,30.4557787859616,41.3976745302484,tuning
local_ridge,1002,2010,32.9,32.0443750504523,26.5734271783089,37.5153229225957,tuning
local_ridge,1003,2010,31.9,29.0518297801948,23.5808819080514,34.5227776523382,tuning
local_ridge,1004,2010,30.5,31.6466060389941,26.1756581668507,37.1175539111374,tuning
local_ridge,1005,2010,35.0,30.7433107687867,25.2723628966433,36.21425864093,tuning
local_ridge,1006,2010,30.6,32.9523815740036,27.4814337018602,38.423329446147,tuning
local_ridge,1007,2010,29.0,28.823813383845,23.3528655117017,34.2947612559884,tuning
local_ridge,1008,2010,44.0,43.9916438407905,38.5206959686472,49.4625917129339,tuning
local_ridge,1009,2010,31.8,31.2566255352568,25.7856776631134,36.7275734074002,tuning
local_ridge,1010,2010,33.5,27.2945593475156,21.8236114753722,32.765507219659,tuning
local_ridge,1011,2010,36.6,30.9361355834937,25.4651877113503,36.4070834556371,tuning
local_ridge,1012,2010,28.4,32.6807403125286,27.2097924403853,38.151688184672,tuning
local_ridge,1013,2010,24.7,29.9928479107895,24.5219000386461,35.4637957829328,tuning
local_ridge,1014,2010,44.8,27.9716697197562,22.5007218476128,33.4426175918996,tuning
local_ridge,1015,2010,37.2,35.58355436646,30.1126064943166,41.0545022386033,tuning
local_ridge,1016,2010,42.6,35.0072216446366,29.5362737724932,40.47816951678,tuning
local_ridge,1001,2011,39.3,34.8618352512032,29.3908873790598,40.3327831233466,tuning
local_ridge,1002,2011,32.1,30.6245813398528,25.1536334677094,36.0955292119962,tuning
local_ridge,1003,2011,32.3,29.1382647383203,23.6673168661769,34.6092126104637,tuning
local_ridge,1004,2011,31.2,31.2421218165326,25.7711739443892,36.713069688676,tuning
local_ridge,1005,2011,23.8,26.9108411598744,21.4398932877311,32.3817890320178,tuning
local_ridge,1006,2011,34.2,32.7083757202373,27.2374278480939,38.1793235923807,tuning
local_ridge,1007,2011,28.3,27.2654880123422,21.7945401401988,32.7364358844856,tuning
local_ridge,1008,2011,45.8,42.2363890122876,36.7654411401442,47.707336884431,tuning
local_ridge,1009,2011,30.1,31.5147968368136,26.0438489646702,36.985744708957,tuning
local_ridge,1010,2011,26.7,27.1000468181595,21.6290989460161,32.5709946903029,tuning
local_ridge,1011,2011,32.2,31.8008966788153,26.329948806672,37.2718445509587,tuning
local_ridge,1012,2011,35.2,32.2780225651323,26.8070746929889,37.7489704372756,tuning
local_ridge,1013,2011,28.9,29.4746103452794,24.003662473136,34.9455582174228,tuning
local_ridge,1014,2011,31.1,25.7378795691792,20.2669316970358,31.2088274413226,tuning
local_ridge,1015,2011,32.6,34.8293104868874,29.358362614744,40.3002583590308,tuning
local_ridge,1016,2011,32.5,31.2852208270131,25.8142729548697,36.7561686991565,tuning
local_ridge,1001,2012,40.5,36.877703993537,31.4067561213936,42.3486518656804,evaluation
local_ridge,1002,2012,36.5,32.3805239093138,26.9095760371705,37.8514717814572,evaluation
local_ridge,1003,2012,31.8,30.6468074076538,25.1758595355104,36.1177552797972,evaluation
local_ridge,1004,2012,32.8,30.6877832327416,25.2168353605982,36.1587311048849,evaluation
local_ridge,1005,2012,34.3,29.1569210153951,23.6859731432518,34.6278688875385,evaluation
local_ridge,1006,2012,35.6,32.6568901760758,27.1859423039324,38.1278380482192,evaluation
local_ridge,1007,2012,31.2,28.1846492994058,22.7137014272624,33.6555971715492,evaluation
local_ridge,1008,2012,46.5,44.2869483314287,38.8160004592853,49.7578962035721,evaluation
local_ridge,1009,2012,31.9,30.2583389887956,24.7873911166522,35.7292868609389,evaluation
local_ridge,1010,2012,29.5,28.0490405884722,22.5780927163288,33.5199884606156,evaluation
local_ridge,1011,2012,34.8,31.8662359640567,26.3952880919133,37.3371838362001,evaluation
local_ridge,1012,2012,35.5,32.1934600683158,26.7225121961724,37.6644079404591,evaluation
local_ridge,1013,2012,29.8,27.545157552341,22.0742096801976,33.0161054244844,evaluation
local_ridge,1014,2012,33.7,29.1129607958708,23.6420129237274,34.5839086680142,evaluation
local_ridge,1015,2012,38.6,36.009264342811,30.5383164706676,41.4802122149543,evaluation
local_ridge,1016,2012,37.2,33.6220497804673,28.1511019083239,39.0929976526107,evaluation
local_ridge,1001,2013,40.0,38.5457698731037,33.0748220009604,44.0167177452471,evaluation
local_ridge,1002,2013,37.9,31.9790506872859,26.5081028151425,37.4499985594293,evaluation
local_ridge,1003,2013,30.2,31.4137991823078,25.9428513101644,36.8847470544512,evaluation
local_ridge,1004,2013,32.3,31.2161276104464,25.745179738303,36.6870754825898,evaluation
local_ridge,1005,2013,40.1,30.9371808838368,25.4662330116935,36.4081287559802,evaluation
local_ridge,1006,2013,31.5,32.6110341654095,27.1400862932661,38.0819820375529,evaluation
local_ridge,1007,2013,32.0,28.5636845574339,23.0927366852905,34.0346324295773,evaluation
local_ridge,1008,2013,42.3,45.6163121248601,40.1453642527167,51.0872599970035,evaluation
local_ridge,1009,2013,29.2,31.0725610546229,25.6016131824795,36.5435089267663,evaluation
local_ridge,1010,2013,29.6,28.1155589638731,22.6446110917297,33.5865068360165,evaluation
local_ridge,1011,2013,37.4,32.5329877277848,27.0620398556414,38.0039355999281,evaluation
local_ridge,1012,2013,32.8,31.8066383982374,26.335690526094,37.2775862703808,evaluation
local_ridge,1013,2013,29.7,28.3863989422016,22.9154510700582,33.857346814345,evaluation
local_ridge,1014,2013,35.6,29.881376219566,24.4104283474226,35.3523240917094,evaluation
local_ridge,1015,2013,39.2,36.2322922374955,30.7613443653522,41.7032401096389,evaluation
local_ridge,1016,2013,42.2,34.6119219803648,29.1409741082214,40.0828698525082,evaluation
local_ridge,1001,2014,46.4,38.9003198248824,33.429371952739,44.3712676970258,evaluation
local_ridge,1002,2014,40.2,34.2201193318389,28.7491714596955,39.6910672039823,evaluation
local_ridge,1003,2014,36.3,31.5468581337884,26.075910261645,37.0178060059318,evaluation
local_ridge,1004,2014,35.6,32.0812541105461,26.6103062384027,37.5522019826895,evaluation
local_ridge,1005,2014,44.1,30.8782585806737,25.4073107085304,36.3492064528171,evaluation
local_ridge,1006,2014,37.9,33.5178929479981,28.0469450758547,38.9888408201414,evaluation
local_ridge,1007,2014,33.3,29.3232241841296,23.8522763119862,34.794172056273,evaluation
local_ridge,1008,2014,52.1,45.8291640429242,40.3582161707808,51.3001119150676,evaluation
local_ridge,1009,2014,34.9,32.0261670917448,26.5552192196014,37.4971149638882,evaluation
local_ridge,1010,2014,31.7,29.1971028747757,23.7261550026324,34.6680507469191,evaluation
local_ridge,1011,2014,40.6,34.3614316850723,28.8904838129289,39.8323795572156,evaluation
local_ridge,1012,2014,38.7,33.6391206737126,28.1681728015692,39.110068545856,evaluation
local_ridge,1013,2014,34.5,29.3532546016321,23.8823067294887,34.8242024737754,evaluation
local_ridge,1014,2014,37.4,30.6463859691144,25.175438096971,36.1173338412578,evaluation
local_ridge,1015,2014,43.6,37.11090074388,31.6399528717366,42.5818486160234,evaluation
local_ridge,1016,2014,49.7,37.138947409188,31.6679995370447,42.6098952813314,evaluation
local_ridge,1001,2015,42.9,40.0436036785996,34.5726558064563,45.514551550743,evaluation
local_ridge,1002,2015,32.0,34.9008506327954,29.429902760652,40.3717985049388,evaluation
local_ridge,1003,2015,30.4,32.0046036625098,26.5336557903664,37.4755515346532,evaluation
local_ridge,1004,2015,34.2,32.8810771687913,27.4101292966479,38.3520250409346,evaluation
local_ridge,1005,2015,34.2,34.2435104229226,28.7725625507792,39.7144582950659,evaluation
local_ridge,1006,2015,33.7,34.1673085364252,28.6963606642818,39.6382564085686,evaluation
local_ridge,1007,2015,26.7,30.3104738765161,24.8395260043727,35.7814217486595,evaluation
local_ridge,1008,2015,43.8,45.857964370231,40.3870164980876,51.3289122423744,evaluation
local_ridge,1009,2015,32.0,32.4280463818,26.9570985096566,37.8989942539434,evaluation
local_ridge,1010,2015,26.8,29.1017661494055,23.6308182772621,34.5727140215488,evaluation
local_ridge,1011,2015,36.8,35.2606254921822,29.7896776200388,40.7315733643256,evaluation
local_ridge,1012,2015,33.2,33.8115652263992,28.3406173542558,39.2825130985426,evaluation
local_ridge,1013,2015,31.7,30.0213337992393,24.550385927096,35.4922816713827,evaluation
local_ridge,1014,2015,31.4,31.5045914500411,26.0336435778977,36.9755393221845,evaluation
local_ridge,1015,2015,37.3,38.2714583474808,32.8005104753374,43.7424062196242,evaluation
local_ridge,1016,2015,45.5,39.4801484948524,34.009200622709,44.9510963669958,evaluation
local_ridge,1001,2016,44.6,41.146917330565,35.6759694584216,46.6178652027084,evaluation
local_ridge,1002,2016,36.0,33.7127279800933,28.2417801079499,39.1836758522366,evaluation
local_ridge,1003,2016,31.0,31.6697458792836,26.1987980071402,37.140693751427,evaluation
local_ridge,1004,2016,38.1,33.7518771118529,28.2809292397095,39.2228249839962,evaluation
local_ridge,1005,2016,35.8,35.2230759886463,29.7521281165029,40.6940238607896,evaluation
local_ridge,1006,2016,36.7,34.8999733245357,29.4290254523923,40.3709211966791,evaluation
local_ridge,1007,2016,31.0,30.2054763290964,24.734528456953,35.6764242012398,evaluation
local_ridge,1008,2016,52.4,46.6621602068872,41.1912123347438,52.1331080790306,evaluation
local_ridge,1009,2016,34.0,33.2105478800967,27.7396000079533,38.6814957522401,evaluation
local_ridge,1010,2016,28.5,29.0409482645004,23.570000392357,34.5118961366438,evaluation
local_ridge,1011,2016,36.0,35.9920305798475,30.5210827077041,41.4629784519909,evaluation
local_ridge,1012,2016,37.7,34.3884220889048,28.9174742167614,39.8593699610482,evaluation
local_ridge,1013,2016,30.9,30.6917798080169,25.2208319358736,36.1627276801603,evaluation
local_ridge,1014,2016,33.1,31.8155150690929,26.3445671969495,37.2864629412362,evaluation
local_ridge,1015,2016,38.0,38.1209424234048,32.6499945512615,43.5918902955482,evaluation
local_ridge,1016,2016,41.2,40.1958687236581,34.7249208515147,45.6668165958015,evaluation
local_ridge,1001,2017,45.3,41.5101179396777,36.0391700675343,46.9810658118211,evaluation
local_ridge,1002,2017,40.1,35.229766502905,29.7588186307616,40.7007143750484,evaluation
local_ridge,1003,2017,34.1,31.1405985917833,25.6696507196399,36.6115464639267,evaluation
local_ridge,1004,2017,40.3,33.8531848065703,28.3822369344269,39.3241326787137,evaluation
local_ridge,1005,2017,39.2,34.3206816531872,28.8497337810439,39.7916295253306,evaluation
local_ridge,1006,2017,37.7,34.2734286920926,28.8024808199492,39.744376564236,evaluation
local_ridge,1007,2017,32.0,29.6424117370756,24.1714638649322,35.113359609219,evaluation
local_ridge,1008,2017,51.3,45.9025979779773,40.4316501058339,51.3735458501207,evaluation
local_ridge,1009,2017,35.4,32.7604451014825,27.2894972293391,38.2313929736259,evaluation
local_ridge,1010,2017,31.0,28.9672319680911,23.4962840959477,34.4381798402345,evaluation
local_ridge,1011,2017,38.6,36.9428218586435,31.4718739865001,42.4137697307869,evaluation
local_ridge,1012,2017,39.6,34.3927440371313,28.9217961649879,39.8636919092747,evaluation
local_ridge,1013,2017,33.1,30.5731669673943,25.1022190952509,36.0441148395377,evaluation
local_ridge,1014,2017,31.6,32.9301290788739,27.4591812067305,38.4010769510173,evaluation
local_ridge,1015,2017,42.1,37.7250528201144,32.254104947971,43.1960006922578,evaluation
local_ridge,1016,2017,44.2,41.9634782201714,36.492530348028,47.4344260923147,evaluation
local_ridge,1001,2018,38.0,42.0801883604945,36.6092404883511,47.5511362326379,evaluation
local_ridge,1002,2018,30.0,35.5515855756585,30.0806377035152,41.0225334478019,evaluation
local_ridge,1003,2018,28.1,32.1645672249332,26.6936193527898,37.6355150970766,evaluation
local_ridge,1004,2018,36.9,34.0640027403247,28.5930548681813,39.534950612468,evaluation
local_ridge,1005,2018,22.2,32.2607052051275,26.7897573329841,37.7316530772709,evaluation
local_ridge,1006,2018,34.9,35.659948916058,30.1890010439146,41.1308967882013,evaluation
local_ridge,1007,2018,27.7,29.8023993777775,24.3314515056342,35.2733472499209,evaluation
local_ridge,1008,2018,44.3,47.6045468170079,42.1335989448645,53.0754946891513,evaluation
local_ridge,1009,2018,31.1,32.698273287032,27.2273254148886,38.1692211591754,evaluation
local_ridge,1010,2018,24.7,29.5545296887592,24.0835818166159,35.0254775609026,evaluation
local_ridge,1011,2018,28.7,36.7056029226116,31.2346550504683,42.176550794755,evaluation
local_ridge,1012,2018,34.7,35.2317080016757,29.7607601295324,40.7026558738191,evaluation
local_ridge,1013,2018,29.7,31.0210407542911,25.5500928821477,36.4919886264345,evaluation
local_ridge,1014,2018,27.0,32.2956031909425,26.8246553187991,37.7665510630859,evaluation
local_ridge,1015,2018,28.4,37.384686580805,31.9137387086616,42.8556344529484,evaluation
local_ridge,1016,2018,30.0,40.0132790196887,34.5423311475453,45.4842268918321,evaluation
pcr,1001,2006,26.9,39.436394833213,31.4585349125197,47.4142547539062,tuning
pcr,1002,2006,27.9,32.329900329835,24.3520404091417,40.3077602505283,tuning
pcr,1003,2006,23.7,29.9259487842173,21.948088863524,37.9038087049106,tuning
pcr,1004,2006,22.4,33.1022674712947,25.1244075506014,41.080127391988,tuning
pcr,1005,2006,19.6,32.0318804853024,24.0540205646091,40.0097404059957,tuning
pcr,1006,2006,26.6,35.4156087669054,27.4377488462122,43.3934686875987,tuning
pcr,1007,2006,23.3,32.2802715592227,24.3024116385294,40.258131479916,tuning
pcr,1008,2006,32.3,44.4214249692522,36.4435650485589,52.3992848899455,tuning
pcr,1009,2006,25.0,34.3817719185605,26.4039119978672,42.3596318392538,tuning
pcr,1010,2006,21.4,30.4471479443161,22.4692880236228,38.4250078650094,tuning
pcr,1011,2006,27.5,32.2062776406351,24.2284177199418,40.1841375613283,tuning
pcr,1012,2006,25.5,36.1996044096354,28.2217444889421,44.1774643303287,tuning
pcr,1013,2006,21.1,30.7376524594732,22.7597925387799,38.7155123801664,tuning
pcr,1014,2006,23.8,31.4772265381241,23.4993666174308,39.4550864588173,tuning
pcr,1015,2006,28.7,37.1288099945471,29.1509500738538,45.1066699152404,tuning
pcr,1016,2006,28.3,33.9860455262478,26.0081856055545,41.9639054469411,tuning
pcr,1001,2007,34.3,29.2667162525242,21.2888563318309,37.2445761732175,tuning
pcr,1002,2007,34.5,28.2010668119539,20.2232068912606,36.1789267326472,tuning
pcr,1003,2007,31.3,25.4526966289041,17.4748367082108,33.4305565495974,tuning
pcr,1004,2007,29.8,28.1562724969493,20.178412576256,36.1341324176426,tuning
pcr,1005,2007,27.9,20.5156926202493,12.537832699556,28.4935525409425,tuning
pcr,1006,2007,32.5,29.7795504640266,21.8016905433333,37.7574103847199,tuning
pcr,1007,2007,28.1,25.5638550059412,17.585995085248,33.5417149266345,tuning
pcr,1008,2007,41.3,35.9914160736075,28.0135561529142,43.9692759943008,tuning
pcr,1009,2007,30.6,27.3406829074976,19.3628229868043,35.3185428281909,tuning
pcr,1010,2007,28.0,27.1456480691776,19.1677881484843,35.1235079898708,tuning
pcr,1011,2007,32.2,28.5567812760142,20.5789213553209,36.5346411967075,tuning
pcr,1012,2007,31.3,29.2809264026799,21.3030664819866,37.2587863233732,tuning
pcr,1013,2007,29.0,25.1926845699712,17.2148246492779,33.1705444906645,tuning
pcr,1014,2007,27.8,25.2734402333619,17.2955803126686,33.2513001540552,tuning
pcr,1015,2007,36.1,30.9969348975706,23.0190749768773,38.9747948182638,tuning
pcr,1016,2007,33.5,29.6645231662329,21.6866632455396,37.6423830869262,tuning
pcr,1001,2008,35.3,36.9402938931252,28.9624339724319,44.9181538138185,tuning
pcr,1002,2008,25.4,34.4416041887123,26.463744268019,42.4194641094055,tuning
pcr,1003,2008,26.9,31.8612981910051,23.8834382703119,39.8391581116984,tuning
pcr,1004,2008,33.4,32.6821605015489,24.7043005808556,40.6600204222422,tuning
pcr,1005,2008,19.7,30.6092950777057,22.6314351570124,38.587154998399,tuning
pcr,1006,2008,33.9,35.2243893004149,27.2465293797216,43.2022492211082,tuning
pcr,1007,2008,27.4,31.7934142082557,23.8155542875624,39.771274128949,tuning
pcr,1008,2008,43.9,44.0863632736692,36.1085033529759,52.0642231943625,tuning
pcr,1009,2008,31.8,32.9742736276344,24.9964137069411,40.9521335483277,tuning
pcr,1010,2008,26.8,31.0047401416841,23.0268802209908,38.9826000623774,tuning
pcr,1011,2008,26.8,34.1302782237923,26.152418303099,42.1081381444856,tuning
pcr,1012,2008,33.6,34.3981750812825,26.4203151605892,42.3760350019758,tuning
pcr,1013,2008,32.4,31.4086515849426,23.4307916642493,39.3865115056359,tuning
pcr,1014,2008,26.8,29.6030364094463,21.6251764887531,37.5808963301396,tuning
pcr,1015,2008,27.6,37.5105221143436,29.5326621936503,45.4883820350369,tuning
pcr,1016,2008,25.5,35.8139784070712,27.836118486378,43.7918383277645,tuning
pcr,1001,2009,35.9,34.4093947588227,26.4315348381294,42.387254679516,tuning
pcr,1002,2009,33.8,31.2975523625543,23.319692441861,39.2754122832476,tuning
pcr,1003,2009,32.2,29.2498841288459,21.2720242081526,37.2277440495392,tuning
pcr,1004,2009,31.1,31.5620129891108,23.5841530684175,39.5398729098041,tuning
pcr,1005,2009,35.4,22.9735321939455,14.9956722732522,30.9513921146388,tuning
pcr,1006,2009,31.9,33.4700272083166,25.4921672876233,41.4478871290099,tuning
pcr,1007,2009,26.9,28.4796472163129,20.5017872956196,36.4575071370061,tuning
pcr,1008,2009,44.9,42.9590823638858,34.9812224431925,50.936942284579,tuning
pcr,1009,2009,30.4,31.4198969594636,23.4420370387704,39.3977568801569,tuning
pcr,1010,2009,28.4,28.6417852816235,20.6639253609302,36.6196452023167,tuning
pcr,1011,2009,34.8,31.3460546222352,23.3681947015419,39.3239145429285,tuning
pcr,1012,2009,31.1,32.4956091637831,24.5177492430899,40.4734690844764,tuning
pcr,1013,2009,28.5,30.5699604112714,22.5921004905781,38.5478203319647,tuning
pcr,1014,2009,31.0,27.2811103121164,19.3032503914231,35.2589702328097,tuning
pcr,1015,2009,39.8,33.5181514371191,25.5402915164258,41.4960113578124,tuning
pcr,1016,2009,39.5,32.6822055584705,24.7043456377772,40.6600654791638,tuning
pcr,1001,2010,39.1,34.5259855289665,26.5481256082732,42.5038454496598,tuning
pcr,1002,2010,32.9,31.7520043753069,23.7741444546136,39.7298642960001,tuning
pcr,1003,2010,31.9,30.1253366132997,22.1474766926064,38.103196533993,tuning
pcr,1004,2010,30.5,31.5394899575018,23.5616300368085,39.5173498781951,tuning
pcr,1005,2010,35.0,28.8355153191564,20.8576553984631,36.8133752398496,tuning
pcr,1006,2010,30.6,33.494798959339,25.5169390386457,41.4726588800323,tuning
pcr,1007,2010,29.0,27.4511433931838,19.4732834724905,35.4290033138771,tuning
pcr,1008,2010,44.0,43.8920841548413,35.914224234148,51.8699440755346,tuning
pcr,1009,2010,31.8,31.1074472535035,23.1295873328102,39.0853071741968,tuning
pcr,1010,2010,33.5,28.2540178863586,20.2761579656653,36.2318778070519,tuning
pcr,1011,2010,36.6,31.8743149892754,23.8964550685821,39.8521749099687,tuning
pcr,1012,2010,28.4,32.2138205528483,24.235960632155,40.1916804735416,tuning
pcr,1013,2010,24.7,30.6621787213689,22.6843188006756,38.6400386420622,tuning
pcr,1014,2010,44.8,27.4323013738599,19.4544414531666,35.4101612945532,tuning
pcr,1015,2010,37.2,36.1607024242835,28.1828425035902,44.1385623449768,tuning
pcr,1016,2010,42.6,34.0826947067911,26.1048347860978,42.0605546274844,tuning
pcr,1001,2011,39.3,37.6621774137106,29.6843174930173,45.6400373344039,tuning
pcr,1002,2011,32.1,33.6061673900623,25.6283074693691,41.5840273107556,tuning
pcr,1003,2011,32.3,32.7643563201191,24.7864963994258,40.7422162408124,tuning
pcr,1004,2011,31.2,33.0418315315017,25.0639716108084,41.019691452195,tuning
pcr,1005,2011,23.8,34.8786435170159,26.9007835963226,42.8565034377092,tuning
pcr,1006,2011,34.2,34.4062027266572,26.4283428059639,42.3840626473505,tuning
pcr,1007,2011,28.3,29.1839233838156,21.2060634631223,37.1617833045089,tuning
pcr,1008,2011,45.8,46.7011244808275,38.7232645601342,54.6789844015208,tuning
pcr,1009,2011,30.1,32.7658225511851,24.7879626304918,40.7436824718784,tuning
pcr,1010,2011,26.7,30.8096923897314,22.8318324690382,38.7875523104247,tuning
pcr,1011,2011,32.2,35.243448735467,27.2655888147737,43.2213086561603,tuning
pcr,1012,2011,35.2,33.0012048584816,25.0233449377883,40.9790647791748,tuning
pcr,1013,2011,28.9,31.3611615335121,23.3833016128188,39.3390214542054,tuning
pcr,1014,2011,31.1,27.4626736757088,19.4848137550155,35.4405335964021,tuning
pcr,1015,2011,32.6,38.6149937945627,30.6371338738695,46.592853715256,tuning
pcr,1016,2011,32.5,39.5414133081439,31.5635533874506,47.5192732288372,tuning
pcr,1001,2012,40.5,38.2920677851776,30.3142078644843,46.2699277058709,evaluation
pcr,1002,2012,36.5,33.1163328411063,25.1384729204131,41.0941927617996,evaluation
pcr,1003,2012,31.8,32.82204663738,24.8441867166867,40.7999065580733,evaluation
pcr,1004,2012,32.8,32.2892502351048,24.3113903144116,40.2671101557981,evaluation
pcr,1005,2012,34.3,32.5384390704843,24.560579149791,40.5162989911775,evaluation
pcr,1006,2012,35.6,33.6381947611723,25.660334840479,41.6160546818656,evaluation
pcr,1007,2012,31.2,29.1370751949912,21.1592152742979,37.1149351156845,evaluation
pcr,1008,2012,46.5,46.492458279171,38.5145983584778,54.4703181998643,evaluation
pcr,1009,2012,31.9,32.372163639922,24.3943037192287,40.3500235606152,evaluation
pcr,1010,2012,29.5,30.8674792667761,22.8896193460828,38.8453391874693,evaluation
pcr,1011,2012,34.8,35.2334888543793,27.255628933686,43.2113487750725,evaluation
pcr,1012,2012,35.5,32.2391127906432,24.2612528699499,40.2169727113364,evaluation
pcr,1013,2012,29.8,29.7888152188327,21.8109552981394,37.766675139526,evaluation
pcr,1014,2012,33.7,31.570210719331,23.5923507986377,39.5480706400243,evaluation
pcr,1015,2012,38.6,36.8332716581661,28.8554117374728,44.8111315788594,evaluation
pcr,1016,2012,37.2,37.8403919971954,29.8625320765021,45.8182519178887,evaluation
pcr,1001,2013,40.0,40.0664885029341,32.0886285822408,48.0443484236274,evaluation
pcr,1002,2013,37.9,34.1049416048355,26.1270816841422,42.0828015255288,evaluation
pcr,1003,2013,30.2,33.7299686328743,25.752108712181,41.7078285535676,evaluation
pcr,1004,2013,32.3,32.4988360448536,24.5209761241603,40.4766959655469,evaluation
pcr,1005,2013,40.1,34.6779064866715,26.7000465659782,42.6557664073648,evaluation
pcr,1006,2013,31.5,34.6486450385984,26.6707851179051,42.6265049592917,evaluation
pcr,1007,2013,32.0,30.0412038132853,22.063343892592,38.0190637339785,evaluation
pcr,1008,2013,42.3,47.8733148038473,39.895454883154,55.8511747245406,evaluation
pcr,1009,2013,29.2,32.2447250100544,24.2668650893611,40.2225849307476,evaluation
pcr,1010,2013,29.6,30.4242468267262,22.4463869060329,38.4021067474194,evaluation
pcr,1011,2013,37.4,35.701409054158,27.7235491334647,43.6792689748513,evaluation
pcr,1012,2013,32.8,34.0908983030271,26.1130383823338,42.0687582237204,evaluation
pcr,1013,2013,29.7,30.0843623331584,22.1065024124652,38.0622222538517,evaluation
pcr,1014,2013,35.6,32.6727989718014,24.6949390511081,40.6506588924946,evaluation
pcr,1015,2013,39.2,37.9195582608746,29.9416983401814,45.8974181815679,evaluation
pcr,1016,2013,42.2,37.9515428118924,29.9736828911991,45.9294027325856,evaluation
pcr,1001,2014,46.4,40.3471319887913,32.369272068098,48.3249919094845,evaluation
pcr,1002,2014,40.2,35.3374671970686,27.3596072763753,43.3153271177619,evaluation
pcr,1003,2014,36.3,33.5327370715244,25.5548771508311,41.5105969922177,evaluation
pcr,1004,2014,35.6,33.1752766671779,25.1974167464846,41.1531365878712,evaluation
pcr,1005,2014,44.1,35.967334797808,27.9894748771148,43.9451947185013,evaluation
pcr,1006,2014,37.9,34.9269950009745,26.9491350802812,42.9048549216678,evaluation
pcr,1007,2014,33.3,30.2757478503351,22.2978879296418,38.2536077710283,evaluation
pcr,1008,2014,52.1,48.4262184583483,40.448358537655,56.4040783790416,evaluation
pcr,1009,2014,34.9,32.5798306648288,24.6019707441355,40.5576905855221,evaluation
pcr,1010,2014,31.7,30.7717932562321,22.7939333355388,38.7496531769253,evaluation
pcr,1011,2014,40.6,36.2702434215749,28.2923835008816,44.2481033422682,evaluation
pcr,1012,2014,38.7,34.1904152272044,26.2125553065112,42.1682751478977,evaluation
pcr,1013,2014,34.5,30.3056652141447,22.3278052934514,38.283525134838,evaluation
pcr,1014,2014,37.4,33.9795758185092,26.0017158978159,41.9574357392024,evaluation
pcr,1015,2014,43.6,38.3897331541466,30.4118732334533,46.3675930748398,evaluation
pcr,1016,2014,49.7,39.6187841725939,31.6409242519006,47.5966440932872,evaluation
pcr,1001,2015,42.9,41.2249456771489,33.2470857564556,49.2028055978422,evaluation
pcr,1002,2015,32.0,36.7721627692697,28.7943028485765,44.750022689963,evaluation
pcr,1003,2015,30.4,34.0719381853656,26.0940782646723,42.0497981060588,evaluation
pcr,1004,2015,34.2,33.6813800596823,25.703520138989,41.6592399803756,evaluation
pcr,1005,2015,34.2,39.3223068515132,31.34444693082,47.3001667722065,evaluation
pcr,1006,2015,33.7,35.4092567897143,27.4313968690211,43.3871167104076,evaluation
pcr,1007,2015,26.7,31.4511547576164,23.4732948369231,39.4290146783097,evaluation
pcr,1008,2015,43.8,48.6038773258573,40.6260174051641,56.5817372465506,evaluation
pcr,1009,2015,32.0,32.6800604777997,24.7022005571064,40.6579203984929,evaluation
pcr,1010,2015,26.8,30.7900835544775,22.8122236337843,38.7679434751708,evaluation
pcr,1011,2015,36.8,37.4630330097421,29.4851730890488,45.4408929304354,evaluation
pcr,1012,2015,33.2,34.582630091461,26.6047701707677,42.5604900121543,evaluation
pcr,1013,2015,31.7,31.2029659718334,23.2251060511401,39.1808258925267,evaluation
pcr,1014,2015,31.4,34.8806234879665,26.9027635672732,42.8584834086597,evaluation
pcr,1015,2015,37.3,39.662376249998,31.6845163293047,47.6402361706913,evaluation
pcr,1016,2015,45.5,41.7877915562667,33.8099316355734,49.76565147696,evaluation
pcr,1001,2016,44.6,41.6163464875543,33.638486566861,49.5942064082475,evaluation
pcr,1002,2016,36.0,36.974429054747,28.9965691340537,44.9522889754403,evaluation
pcr,1003,2016,31.0,33.6846192844287,25.7067593637354,41.662479205122,evaluation
pcr,1004,2016,38.1,33.8157590974063,25.837899176713,41.7936190180996,evaluation
pcr,1005,2016,35.8,38.7564966378462,30.7786367171529,46.7343565585395,evaluation
pcr,1006,2016,36.7,34.9487512912551,26.9708913705618,42.9266112119484,evaluation
pcr,1007,2016,31.0,31.3287673335212,23.3509074128279,39.3066272542145,evaluation
pcr,1008,2016,52.4,48.4366173366803,40.458757415987,56.4144772573736,evaluation
pcr,1009,2016,34.0,32.5908860455021,24.6130261248088,40.5687459661954,evaluation
pcr,1010,2016,28.5,30.6460291283809,22.6681692076876,38.6238890490742,evaluation
pcr,1011,2016,36.0,38.2133091297511,30.2354492090578,46.1911690504444,evaluation
pcr,1012,2016,37.7,34.45920358326,26.4813436625667,42.4370635039533,evaluation
pcr,1013,2016,30.9,31.2358486554993,23.257988734806,39.2137085761926,evaluation
pcr,1014,2016,33.1,35.473205567722,27.4953456470287,43.4510654884153,evaluation
pcr,1015,2016,38.0,39.5743385428098,31.5964786221165,47.5521984635031,evaluation
pcr,1016,2016,41.2,44.7506598683843,36.772799947691,52.7285197890776,evaluation
pcr,1001,2017,45.3,43.3990641370258,35.4212042163325,51.376924057719,evaluation
pcr,1002,2017,40.1,37.3132758711001,29.3354159504068,45.2911357917934,evaluation
pcr,1003,2017,34.1,34.0451132403102,26.0672533196169,42.0229731610035,evaluation
pcr,1004,2017,40.3,34.6602949335182,26.6824350128249,42.6381548542115,evaluation
pcr,1005,2017,39.2,38.5369109481186,30.5590510274253,46.5147708688119,evaluation
pcr,1006,2017,37.7,35.7658063272531,27.7879464065598,43.7436662479464,evaluation
pcr,1007,2017,32.0,31.1228323379554,23.1449724172621,39.1006922586487,evaluation
pcr,1008,2017,51.3,49.5455931673734,41.5677332466801,57.5234530880667,evaluation
pcr,1009,2017,35.4,33.3783342613289,25.4004743406356,41.3561941820222,evaluation
pcr,1010,2017,31.0,31.2996409923221,23.3217810716288,39.2775009130154,evaluation
pcr,1011,2017,38.6,39.393592288483,31.4157323677897,47.3714522091763,evaluation
pcr,1012,2017,39.6,35.2916814522965,27.3138215316032,43.2695413729898,evaluation
pcr,1013,2017,33.1,32.1981777637743,24.220317843081,40.1760376844676,evaluation
pcr,1014,2017,31.6,36.0559958438479,28.0781359231546,44.0338557645412,evaluation
pcr,1015,2017,42.1,40.074477663561,32.0966177428677,48.0523375842543,evaluation
pcr,1016,2017,44.2,45.6003005680674,37.6224406473741,53.5781604887607,evaluation
pcr,1001,2018,38.0,45.1116770807528,37.1338171600596,53.0895370014461,evaluation
pcr,1002,2018,30.0,38.4403901198804,30.4625301991871,46.4182500405736,evaluation
pcr,1003,2018,28.1,34.6536367586729,26.6757768379796,42.6314966793662,evaluation
pcr,1004,2018,36.9,36.1917302908814,28.2138703701881,44.1695902115747,evaluation
pcr,1005,2018,22.2,39.7311101342312,31.7532502135379,47.7089700549244,evaluation
pcr,1006,2018,34.9,37.0175283528046,29.0396684321113,44.9953882734978,evaluation
pcr,1007,2018,27.7,32.2281475437547,24.2502876230614,40.206007464448,evaluation
pcr,1008,2018,44.3,51.8538165128578,43.8759565921645,59.8316764335511,evaluation
pcr,1009,2018,31.1,34.4559519579455,26.4780920372522,42.4338118786387,evaluation
pcr,1010,2018,24.7,31.2533316804288,23.2754717597355,39.2311916011221,evaluation
pcr,1011,2018,28.7,39.9069027811911,31.9290428604978,47.8847627018843,evaluation
pcr,1012,2018,34.7,37.1075624064627,29.1297024857695,45.085422327156,evaluation
pcr,1013,2018,29.7,32.855167547627,24.8773076269337,40.8330274683203,evaluation
pcr,1014,2018,27.0,36.1108494210698,28.1329895003765,44.088709341763,evaluation
pcr,1015,2018,28.4,40.9367034650536,32.9588435443603,48.9145633857469,evaluation
pcr,1016,2018,30.0,46.0944323504124,38.1165724297192,54.0722922711057,evaluation
hierarchical,1001,2006,26.9,34.8021609248779,28.8848627160256,40.7194591337302,tuning
hierarchical,1002,2006,27.9,29.9512771987991,24.0339789899467,35.8685754076514,tuning
hierarchical,1003,2006,23.7,29.8404898723082,23.9231916634559,35.7577880811605,tuning
hierarchical,1004,2006,22.4,31.3791957680066,25.4618975591542,37.2964939768589,tuning
hierarchical,1005,2006,19.6,31.4374983792116,25.5202001703593,37.354796588064,tuning
hierarchical,1006,2006,26.6,34.3292229191609,28.4119247103086,40.2465211280133,tuning
hierarchical,1007,2006,23.3,30.3962607008023,24.4789624919499,36.3135589096546,tuning
hierarchical,1008,2006,32.3,37.8928238752962,31.9755256664438,43.8101220841485,tuning
hierarchical,1009,2006,25.0,31.98299431044,26.0656961015877,37.9002925192924,tuning
hierarchical,1010,2006,21.4,27.1685037665484,21.2512055576961,33.0858019754007,tuning
hierarchical,1011,2006,27.5,29.9848878322432,24.0675896233909,35.9021860410955,tuning
hierarchical,1012,2006,25.5,35.0661250626377,29.1488268537854,40.98342327149,tuning
hierarchical,1013,2006,21.1,29.7227408878595,23.8054426790071,35.6400390967118,tuning
hierarchical,1014,2006,23.8,28.9646274941526,23.0473292853003,34.8819257030049,tuning
hierarchical,1015,2006,28.7,32.5506743460239,26.6333761371715,38.4679725548762,tuning
hierarchical,1016,2006,28.3,32.3019993969868,26.3847011881345,38.2192976058392,tuning
hierarchical,1001,2007,34.3,35.682058234403,29.7647600255507,41.5993564432554,tuning
hierarchical,1002,2007,34.5,29.6326698821922,23.7153716733399,35.5499680910445,tuning
hierarchical,1003,2007,31.3,27.5120012453241,21.5947030364717,33.4292994541764,tuning
hierarchical,1004,2007,29.8,29.2693126274152,23.3520144185629,35.1866108362675,tuning
hierarchical,1005,2007,27.9,24.3130762338922,18.3957780250399,30.2303744427446,tuning
hierarchical,1006,2007,32.5,32.0082573407272,26.0909591318748,37.9255555495795,tuning
hierarchical,1007,2007,28.1,27.7122697541778,21.7949715453254,33.6295679630301,tuning
hierarchical,1008,2007,41.3,38.8080691796759,32.8907709708236,44.7253673885282,tuning
hierarchical,1009,2007,30.6,29.2052725965437,23.2879743876913,35.122570805396,tuning
hierarchical,1010,2007,28.0,28.0939192234188,22.1766210145665,34.0112174322712,tuning
hierarchical,1011,2007,32.2,31.5688370900107,25.6515388811584,37.486135298863,tuning
hierarchical,1012,2007,31.3,31.460416867228,25.5431186583757,37.3777150760803,tuning
hierarchical,1013,2007,29.0,27.3467064250869,21.4294082162346,33.2640046339392,tuning
hierarchical,1014,2007,27.8,27.7035148612694,21.7862166524171,33.6208130701217,tuning
hierarchical,1015,2007,36.1,32.6526364311791,26.7353382223267,38.5699346400314,tuning
hierarchical,1016,2007,33.5,31.2139187445132,25.2966205356609,37.1312169533656,tuning
hierarchical,1001,2008,35.3,31.6227256738092,25.7054274649569,37.5400238826615,tuning
hierarchical,1002,2008,25.4,29.0483243004145,23.1310260915622,34.9656225092669,tuning
hierarchical,1003,2008,26.9,27.5014969120298,21.5841987031775,33.4187951208822,tuning
hierarchical,1004,2008,33.4,30.1027772272102,24.1854790183578,36.0200754360625,tuning
hierarchical,1005,2008,19.7,26.7169491230511,20.7996509141988,32.6342473319034,tuning
hierarchical,1006,2008,33.9,32.8105960821987,26.8932978733464,38.727894291051,tuning
hierarchical,1007,2008,27.4,26.2321756384693,20.314877429617,32.1494738473217,tuning
hierarchical,1008,2008,43.9,35.4288211829553,29.511522974103,41.3461193918076,tuning
hierarchical,1009,2008,31.8,30.6748851802593,24.757586971407,36.5921833891116,tuning
hierarchical,1010,2008,26.8,26.1791485127086,20.2618503038563,32.096446721561,tuning
hierarchical,1011,2008,26.8,27.5491684751301,21.6318702662778,33.4664666839824,tuning
hierarchical,1012,2008,33.6,31.4475735272035,25.5302753183512,37.3648717360558,tuning
hierarchical,1013,2008,32.4,28.6277793173122,22.7104811084599,34.5450775261646,tuning
hierarchical,1014,2008,26.8,24.5897556590898,18.6724574502375,30.5070538679421,tuning
hierarchical,1015,2008,27.6,31.8478639479006,25.9305657390483,37.7651621567529,tuning
hierarchical,1016,2008,25.5,29.8264938739588,23.9091956651065,35.7437920828111,tuning
hierarchical,1001,2009,35.9,34.7011976299675,28.7838994211151,40.6184958388198,tuning
hierarchical,1002,2009,33.8,32.2395379519945,26.3222397431421,38.1568361608468,tuning
hierarchical,1003,2009,32.2,29.5243906114661,23.6070924026138,35.4416888203184,tuning
hierarchical,1004,2009,31.1,31.3548533197847,25.4375551109324,37.272151528637,tuning
hierarchical,1005,2009,35.4,29.0403133069441,23.1230150980918,34.9576115157965,tuning
hierarchical,1006,2009,31.9,31.9753028836134,26.0580046747611,37.8926010924657,tuning
hierarchical,1007,2009,26.9,28.5182557988794,22.6009575900271,34.4355540077317,tuning
hierarchical,1008,2009,44.9,38.5759462031179,32.6586479942656,44.4932444119702,tuning
hierarchical,1009,2009,30.4,29.6893187406541,23.7720205318018,35.6066169495064,tuning
hierarchical,1010,2009,28.4,28.4064169458439,22.4891187369916,34.3237151546962,tuning
hierarchical,1011,2009,34.8,30.2475512716928,24.3302530628405,36.1648494805451,tuning
hierarchical,1012,2009,31.1,32.2055623953482,26.2882641864958,38.1228606042005,tuning
hierarchical,1013,2009,28.5,30.0969525351633,24.179654326311,36.0142507440156,tuning
hierarchical,1014,2009,31.0,28.2716047751641,22.3543065663118,34.1889029840165,tuning
hierarchical,1015,2009,39.8,34.5057471671122,28.5884489582599,40.4230453759645,tuning
hierarchical,1016,2009,39.5,31.151709692081,25.2344114832286,37.0690079009333,tuning
hierarchical,1001,2010,39.1,37.006535142231,31.0892369333787,42.9238333510833,tuning
hierarchical,1002,2010,32.9,36.0318952739581,30.1145970651058,41.9491934828105,tuning
hierarchical,1003,2010,31.9,33.7784817236155,27.8611835147632,39.6957799324678,tuning
hierarchical,1004,2010,30.5,33.6122310000728,27.6949327912205,39.5295292089251,tuning
hierarchical,1005,2010,35.0,35.4343677732143,29.517069564362,41.3516659820666,tuning
hierarchical,1006,2010,30.6,35.1083536466724,29.1910554378201,41.0256518555247,tuning
hierarchical,1007,2010,29.0,30.7941664078989,24.8768681990466,36.7114646167513,tuning
hierarchical,1008,2010,44.0,41.9625446835448,36.0452464746925,47.8798428923972,tuning
hierarchical,1009,2010,31.8,33.8295375474047,27.9122393385524,39.746835756257,tuning
hierarchical,1010,2010,33.5,29.0882139925037,23.1709157836514,35.005512201356,tuning
hierarchical,1011,2010,36.6,34.1128874717254,28.1955892628731,40.0301856805777,tuning
hierarchical,1012,2010,28.4,36.0424703332117,30.1251721243594,41.959768542064,tuning
hierarchical,1013,2010,24.7,33.1015758319359,27.1842776230835,39.0188740407882,tuning
hierarchical,1014,2010,44.8,32.6665982588572,26.7493000500049,38.5838964677096,tuning
hierarchical,1015,2010,37.2,38.3630813061016,32.4457830972493,44.2803795149539,tuning
hierarchical,1016,2010,42.6,36.4010927500944,30.4837945412421,42.3183909589467,tuning
hierarchical,1001,2011,39.3,33.9407779680259,28.0234797591736,39.8580761768782,tuning
hierarchical,1002,2011,32.1,29.4868901933396,23.5695919844873,35.404188402192,tuning
hierarchical,1003,2011,32.3,28.7494984391723,22.83220023032,34.6667966480247,tuning
hierarchical,1004,2011,31.2,32.0004187882673,26.083120579415,37.9177169971196,tuning
hierarchical,1005,2011,23.8,27.004537811703,21.0872396028507,32.9218360205554,tuning
hierarchical,1006,2011,34.2,34.2071078991766,28.2898096903243,40.1244061080289,tuning
hierarchical,1007,2011,28.3,28.1503755790705,22.2330773702182,34.0676737879228,tuning
hierarchical,1008,2011,45.8,38.5574526012438,32.6401543923914,44.4747508100961,tuning
hierarchical,1009,2011,30.1,32.5444702380502,26.6271720291979,38.4617684469025,tuning
hierarchical,1010,2011,26.7,28.6391767789775,22.7218785701251,34.5564749878298,tuning
hierarchical,1011,2011,32.2,31.5185251220144,25.6012269131621,37.4358233308667,tuning
hierarchical,1012,2011,35.2,32.7099281049732,26.7926298961209,38.6272263138255,tuning
hierarchical,1013,2011,28.9,30.1234607843524,24.2061625755001,36.0407589932048,tuning
hierarchical,1014,2011,31.1,30.3467196599231,24.4294214510708,36.2640178687754,tuning
hierarchical,1015,2011,32.6,29.972041336328,24.0547431274757,35.8893395451803,tuning
hierarchical,1016,2011,32.5,31.3366590854468,25.4193608765944,37.2539572942991,tuning
hierarchical,1001,2012,40.5,37.6412475734792,31.7239493646268,43.5585457823315,evaluation
hierarchical,1002,2012,36.5,34.7290368701275,28.8117386612751,40.6463350789798,evaluation
hierarchical,1003,2012,31.8,32.4434698619882,26.5261716531359,38.3607680708406,evaluation
hierarchical,1004,2012,32.8,32.3809391604641,26.4636409516117,38.2982373693164,evaluation
hierarchical,1005,2012,34.3,31.9770684331274,26.0597702242751,37.8943666419797,evaluation
hierarchical,1006,2012,35.6,33.6997894822714,27.7824912734191,39.6170876911237,evaluation
hierarchical,1007,2012,31.2,31.070618180691,25.1533199718387,36.9879163895433,evaluation
hierarchical,1008,2012,46.5,42.9120184305122,36.9947202216599,48.8293166393645,evaluation
hierarchical,1009,2012,31.9,31.4535915644616,25.5362933556093,37.3708897733139,evaluation
hierarchical,1010,2012,29.5,30.2381565113767,24.3208583025244,36.1554547202291,evaluation
hierarchical,1011,2012,34.8,34.3674155555006,28.4501173466483,40.2847137643529,evaluation
hierarchical,1012,2012,35.5,33.8199760046228,27.9026777957705,39.7372742134751,evaluation
hierarchical,1013,2012,29.8,29.0402774812603,23.122979272408,34.9575756901127,evaluation
hierarchical,1014,2012,33.7,32.4473844328454,26.5300862239931,38.3646826416977,evaluation
hierarchical,1015,2012,38.6,37.1694586421251,31.2521604332728,43.0867568509774,evaluation
hierarchical,1016,2012,37.2,35.6674385852943,29.750140376442,41.5847367941466,evaluation
hierarchical,1001,2013,40.0,37.5196330971917,31.6023348883394,43.436931306044,evaluation
hierarchical,1002,2013,37.9,32.7363736549425,26.8190754460902,38.6536718637948,evaluation
hierarchical,1003,2013,30.2,32.7046242489111,26.7873260400587,38.6219224577634,evaluation
hierarchical,1004,2013,32.3,31.3505324574243,25.433234248572,37.2678306662766,evaluation
hierarchical,1005,2013,40.1,34.4877438716317,28.5704456627794,40.405042080484,evaluation
hierarchical,1006,2013,31.5,32.6090739326832,26.6917757238309,38.5263721415355,evaluation
hierarchical,1007,2013,32.0,29.2735127416594,23.3562145328071,35.1908109505118,evaluation
hierarchical,1008,2013,42.3,43.3310527810446,37.4137545721923,49.2483509898969,evaluation
hierarchical,1009,2013,29.2,31.9626706979698,26.0453724891175,37.8799689068221,evaluation
hierarchical,1010,2013,29.6,27.1980859163925,21.2807877075402,33.1153841252449,evaluation
hierarchical,1011,2013,37.4,32.448733359595,26.5314351507426,38.3660315684473,evaluation
hierarchical,1012,2013,32.8,32.6908576218844,26.7735594130321,38.6081558307367,evaluation
hierarchical,1013,2013,29.7,29.9124067746208,23.9951085657684,35.8297049834731,evaluation
hierarchical,1014,2013,35.6,30.5304573092256,24.6131591003733,36.4477555180779,evaluation
hierarchical,1015,2013,39.2,37.117160341883,31.1998621330307,43.0344585507353,evaluation
hierarchical,1016,2013,42.2,35.1337144389275,29.2164162300751,41.0510126477798,evaluation
hierarchical,1001,2014,46.4,41.8142382569625,35.8969400481102,47.7315364658148,evaluation
hierarchical,1002,2014,40.2,36.4791815961474,30.5618833872951,42.3964798049997,evaluation
hierarchical,1003,2014,36.3,35.3931249633117,29.4758267544594,41.310423172164,evaluation
hierarchical,1004,2014,35.6,34.6057303107253,28.688432101873,40.5230285195776,evaluation
hierarchical,1005,2014,44.1,35.9649572756609,30.0476590668085,41.8822554845132,evaluation
hierarchical,1006,2014,37.9,36.0024962982489,30.0851980893966,41.9197945071013,evaluation
hierarchical,1007,2014,33.3,32.569500064022,26.6522018551696,38.4867982728743,evaluation
hierarchical,1008,2014,52.1,48.5788465318683,42.661548323016,54.4961447407206,evaluation
hierarchical,1009,2014,34.9,34.1205250598844,28.2032268510321,40.0378232687367,evaluation
hierarchical,1010,2014,31.7,32.7908003537493,26.873502144897,38.7080985626017,evaluation
hierarchical,1011,2014,40.6,36.3010881792487,30.3837899703964,42.218386388101,evaluation
hierarchical,1012,2014,38.7,37.0220810469341,31.1047828380817,42.9393792557864,evaluation
hierarchical,1013,2014,34.5,32.3880096418723,26.47071143302,38.3053078507247,evaluation
hierarchical,1014,2014,37.4,33.5446565243535,27.6273583155011,39.4619547332058,evaluation
hierarchical,1015,2014,43.6,40.6771676304699,34.7598694216176,46.5944658393222,evaluation
hierarchical,1016,2014,49.7,39.2830513564739,33.3657531476216,45.2003495653262,evaluation
hierarchical,1001,2015,42.9,41.6797685463599,35.7624703375076,47.5970667552123,evaluation
hierarchical,1002,2015,32.0,36.4434249712367,30.5261267623843,42.360723180089,evaluation
hierarchical,1003,2015,30.4,34.5176387614949,28.6003405526426,40.4349369703472,evaluation
hierarchical,1004,2015,34.2,34.9990661626306,29.0817679537782,40.9163643714829,evaluation
hierarchical,1005,2015,34.2,37.0887521607963,31.1714539519439,43.0060503696486,evaluation
hierarchical,1006,2015,33.7,36.7114910502808,30.7941928414285,42.6287892591331,evaluation
hierarchical,1007,2015,26.7,32.3444516982382,26.4271534893859,38.2617499070906,evaluation
hierarchical,1008,2015,43.8,47.3053338792802,41.3880356704278,53.2226320881325,evaluation
hierarchical,1009,2015,32.0,35.1091793465403,29.191881137688,41.0264775553926,evaluation
hierarchical,1010,2015,26.8,30.8409666720941,24.9236684632418,36.7582648809465,evaluation
hierarchical,1011,2015,36.8,37.497895885649,31.5805976767967,43.4151940945013,evaluation
hierarchical,1012,2015,33.2,36.8318862613935,30.9145880525412,42.7491844702459,evaluation
hierarchical,1013,2015,31.7,34.3009661283908,28.3836679195384,40.2182643372431,evaluation
hierarchical,1014,2015,31.4,33.9389365034871,28.0216382946348,39.8562347123395,evaluation
hierarchical,1015,2015,37.3,41.13838665165,35.2210884427977,47.0556848605024,evaluation
hierarchical,1016,2015,45.5,41.9015225708384,35.984224361986,47.8188207796907,evaluation
hierarchical,1001,2016,44.6,43.5953649171804,37.6780667083281,49.5126631260327,evaluation
hierarchical,1002,2016,36.0,34.7943968199042,28.8770986110519,40.7116950287565,evaluation
hierarchical,1003,2016,31.0,32.788579692052,26.8712814831996,38.7058779009043,evaluation
hierarchical,1004,2016,38.1,33.4597268750385,27.5424286661862,39.3770250838909,evaluation
hierarchical,1005,2016,35.8,36.3874728763626,30.4701746675102,42.3047710852149,evaluation
hierarchical,1006,2016,36.7,35.8793989357277,29.9621007268754,41.7966971445801,evaluation
hierarchical,1007,2016,31.0,31.8051922983953,25.8878940895429,37.7224905072476,evaluation
hierarchical,1008,2016,52.4,48.2739330850621,42.3566348762098,54.1912312939144,evaluation
hierarchical,1009,2016,34.0,33.5816330542724,27.6643348454201,39.4989312631247,evaluation
hierarchical,1010,2016,28.5,29.2967022681136,23.3794040592613,35.2140004769659,evaluation
hierarchical,1011,2016,36.0,36.9290388373053,31.011740628453,42.8463370461576,evaluation
hierarchical,1012,2016,37.7,35.7197279484524,29.8024297396001,41.6370261573048,evaluation
hierarchical,1013,2016,30.9,32.1329489223152,26.2156507134629,38.0502471311675,evaluation
hierarchical,1014,2016,33.1,32.0561356728306,26.1388374639783,37.9734338816829,evaluation
hierarchical,1015,2016,38.0,38.7637093822578,32.8464111734055,44.6810075911101,evaluation
hierarchical,1016,2016,41.2,39.8979481036327,33.9806498947804,45.8152463124851,evaluation
hierarchical,1001,2017,45.3,42.0649106587334,36.1476124498811,47.9822088675857,evaluation
hierarchical,1002,2017,40.1,38.5649180310393,32.647619822187,44.4822162398916,evaluation
hierarchical,1003,2017,34.1,34.0406565862949,28.1233583774426,39.9579547951472,evaluation
hierarchical,1004,2017,40.3,34.5019421690619,28.5846439602095,40.4192403779142,evaluation
hierarchical,1005,2017,39.2,36.0883461136762,30.1710479048239,42.0056443225285,evaluation
hierarchical,1006,2017,37.7,36.0590784988763,30.141780290024,41.9763767077287,evaluation
hierarchical,1007,2017,32.0,32.1971626203483,26.279864411496,38.1144608292006,evaluation
hierarchical,1008,2017,51.3,45.9505240632437,40.0332258543914,51.867822272096,evaluation
hierarchical,1009,2017,35.4,34.3083963687681,28.3910981599157,40.2256945776204,evaluation
hierarchical,1010,2017,31.0,30.6760333578137,24.7587351489614,36.593331566666,evaluation
hierarchical,1011,2017,38.6,40.3541577000722,34.4368594912199,46.2714559089245,evaluation
hierarchical,1012,2017,39.6,36.8275261842768,30.9102279754245,42.7448243931291,evaluation
hierarchical,1013,2017,33.1,32.5254093928946,26.6081111840423,38.4427076017469,evaluation
hierarchical,1014,2017,31.6,34.574084379143,28.6567861702906,40.4913825879953,evaluation
hierarchical,1015,2017,42.1,40.3951196651225,34.4778214562701,46.3124178739748,evaluation
hierarchical,1016,2017,44.2,44.9463318299316,39.0290336210793,50.8636300387839,evaluation
hierarchical,1001,2018,38.0,42.2643219770435,36.3470237681912,48.1816201858958,evaluation
hierarchical,1002,2018,30.0,35.8177171520636,29.9004189432112,41.7350153609159,evaluation
hierarchical,1003,2018,28.1,33.1531966840059,27.2358984751535,39.0704948928582,evaluation
hierarchical,1004,2018,36.9,34.95627624711,29.0389780382577,40.8735744559623,evaluation
hierarchical,1005,2018,22.2,30.430502486574,24.5132042777217,36.3478006954263,evaluation
hierarchical,1006,2018,34.9,37.2570065013088,31.3397082924565,43.1743047101611,evaluation
hierarchical,1007,2018,27.7,30.8210633370422,24.9037651281899,36.7383615458945,evaluation
hierarchical,1008,2018,44.3,45.807800048146,39.8905018392937,51.7250982569983,evaluation
hierarchical,1009,2018,31.1,34.2930350488739,28.3757368400216,40.2103332577262,evaluation
hierarchical,1010,2018,24.7,27.5123248393371,21.5950266304848,33.4296230481894,evaluation
hierarchical,1011,2018,28.7,35.1347959020517,29.2174976931994,41.052094110904,evaluation
hierarchical,1012,2018,34.7,36.8428717514433,30.925573542591,42.7601699602957,evaluation
hierarchical,1013,2018,29.7,33.1307804839805,27.2134822751282,39.0480786928328,evaluation
hierarchical,1014,2018,27.0,31.9182766332929,26.0009784244405,37.8355748421452,evaluation
hierarchical,1015,2018,28.4,37.0507462667149,31.1334480578626,42.9680444755672,evaluation
hierarchical,1016,2018,30.0,37.525901434869,31.6086032260167,43.4431996437213,evaluation
stress_lag,1001,2006,26.9,35.3984423186499,27.2485695086645,43.5483151286354,tuning
stress_lag,1002,2006,27.9,29.2521607757685,21.102287965783,37.4020335857539,tuning
stress_lag,1003,2006,23.7,29.1264883187271,20.9766155087417,37.2763611287125,tuning
stress_lag,1004,2006,22.4,30.5090024195975,22.359129609612,38.6588752295829,tuning
stress_lag,1005,2006,19.6,30.9060860262136,22.7562132162282,39.055958836199,tuning
stress_lag,1006,2006,26.6,32.7316020682215,24.5817292582361,40.881474878207,tuning
stress_lag,1007,2006,23.3,29.6766688757729,21.5267960657875,37.8265416857583,tuning
stress_lag,1008,2006,32.3,37.9675863782644,29.817713568279,46.1174591882498,tuning
stress_lag,1009,2006,25.0,29.9317338133938,21.7818610034084,38.0816066233792,tuning
stress_lag,1010,2006,21.4,29.579980502075,21.4301076920896,37.7298533120604,tuning
stress_lag,1011,2006,27.5,29.3806077219343,21.2307349119489,37.5304805319197,tuning
stress_lag,1012,2006,25.5,32.7767681938394,24.626895383854,40.9266410038248,tuning
stress_lag,1013,2006,21.1,29.6527750089508,21.5029021989654,37.8026478189362,tuning
stress_lag,1014,2006,23.8,26.8468052429522,18.6969324329668,34.9966780529376,tuning
stress_lag,1015,2006,28.7,33.4150794882782,25.2652066782928,41.5649522982636,tuning
stress_lag,1016,2006,28.3,31.7404162452022,23.5905434352168,39.8902890551876,tuning
stress_lag,1001,2007,34.3,24.7643189126311,16.6144461026457,32.9141917226166,tuning
stress_lag,1002,2007,34.5,25.8561433881402,17.7062705781548,34.0060161981257,tuning
stress_lag,1003,2007,31.3,22.9021200703532,14.7522472603678,31.0519928803386,tuning
stress_lag,1004,2007,29.8,23.5797753968556,15.4299025868701,31.729648206841,tuning
stress_lag,1005,2007,27.9,20.6391337070553,12.4892608970699,28.7890065170407,tuning
stress_lag,1006,2007,32.5,23.9594424182762,15.8095696082908,32.1093152282616,tuning
stress_lag,1007,2007,28.1,21.7473800984867,13.5975072885013,29.8972529084721,tuning
stress_lag,1008,2007,41.3,26.4351079755189,18.2852351655334,34.5849807855043,tuning
stress_lag,1009,2007,30.6,24.0379409111357,15.8880681011503,32.1878137211211,tuning
stress_lag,1010,2007,28.0,23.7659946305647,15.6161218205793,31.9158674405501,tuning
stress_lag,1011,2007,32.2,26.2881751448088,18.1383023348233,34.4380479547942,tuning
stress_lag,1012,2007,31.3,23.0235426550882,14.8736698451028,31.1734154650737,tuning
stress_lag,1013,2007,29.0,20.3736763215219,12.2238035115365,28.5235491315074,tuning
stress_lag,1014,2007,27.8,25.3550866524672,17.2052138424818,33.5049594624526,tuning
stress_lag,1015,2007,36.1,26.4171568735203,18.2672840635348,34.5670296835057,tuning
stress_lag,1016,2007,33.5,25.753502671821,17.6036298618356,33.9033754818064,tuning
stress_lag,1001,2008,35.3,31.8384738687784,23.688601058793,39.9883466787638,tuning
stress_lag,1002,2008,25.4,30.6054695631509,22.4555967531655,38.7553423731363,tuning
stress_lag,1003,2008,26.9,29.558420453091,21.4085476431056,37.7082932630765,tuning
stress_lag,1004,2008,33.4,30.0242267304328,21.8743539204474,38.1740995404183,tuning
stress_lag,1005,2008,19.7,28.3291945129098,20.1793217029244,36.4790673228953,tuning
stress_lag,1006,2008,33.9,32.0484535582388,23.8985807482534,40.1983263682242,tuning
stress_lag,1007,2008,27.4,28.3256293231611,20.1757565131757,36.4755021331465,tuning
stress_lag,1008,2008,43.9,35.770198984741,27.6203261747556,43.9200717947264,tuning
stress_lag,1009,2008,31.8,31.0671935052827,22.9173206952972,39.2170663152681,tuning
stress_lag,1010,2008,26.8,27.9719979660749,19.8221251560894,36.1218707760603,tuning
stress_lag,1011,2008,26.8,29.1271077873828,20.9772349773974,37.2769805973683,tuning
stress_lag,1012,2008,33.6,30.838651140297,22.6887783303116,38.9885239502824,tuning
stress_lag,1013,2008,32.4,29.4178253145215,21.2679525045361,37.5676981245069,tuning
stress_lag,1014,2008,26.8,27.4673995580489,19.3175267480635,35.6172723680344,tuning
stress_lag,1015,2008,27.6,31.7656124838878,23.6157396739024,39.9154852938732,tuning
stress_lag,1016,2008,25.5,30.384622429205,22.2347496192195,38.5344952391904,tuning
stress_lag,1001,2009,35.9,32.8498618203309,24.6999890103455,40.9997346303163,tuning
stress_lag,1002,2009,33.8,28.4746814869269,20.3248086769415,36.6245542969123,tuning
stress_lag,1003,2009,32.2,28.4524948741077,20.3026220641223,36.6023676840931,tuning
stress_lag,1004,2009,31.1,31.3488265714434,23.198953761458,39.4986993814289,tuning
stress_lag,1005,2009,35.4,24.7519148132522,16.6020420032668,32.9017876232376,tuning
stress_lag,1006,2009,31.9,31.3357608924405,23.1858880824551,39.4856337024259,tuning
stress_lag,1007,2009,26.9,28.372092366193,20.2222195562076,36.5219651761785,tuning
stress_lag,1008,2009,44.9,36.6487872650612,28.4989144550758,44.7986600750467,tuning
stress_lag,1009,2009,30.4,30.0085199526684,21.858647142683,38.1583927626539,tuning
stress_lag,1010,2009,28.4,28.1958706823766,20.0459978723912,36.3457434923621,tuning
stress_lag,1011,2009,34.8,28.713929067218,20.5640562572326,36.8638018772034,tuning
stress_lag,1012,2009,31.1,31.3067494148202,23.1568766048348,39.4566222248056,tuning
stress_lag,1013,2009,28.5,30.552879347149,22.4030065371635,38.7027521571344,tuning
stress_lag,1014,2009,31.0,28.3325277138651,20.1826549038797,36.4824005238505,tuning
stress_lag,1015,2009,39.8,29.3070977399863,21.1572249300009,37.4569705499717,tuning
stress_lag,1016,2009,39.5,27.6122464494324,19.462373639447,35.7621192594178,tuning
stress_lag,1001,2010,39.1,34.324213179372,26.1743403693866,42.4740859893574,tuning
stress_lag,1002,2010,32.9,33.2694895720968,25.1196167621114,41.4193623820823,tuning
stress_lag,1003,2010,31.9,32.6255121614038,24.4756393514184,40.7753849713892,tuning
stress_lag,1004,2010,30.5,31.8807337614875,23.7308609515021,40.0306065714729,tuning
stress_lag,1005,2010,35.0,33.8463521709906,25.6964793610052,41.996224980976,tuning
stress_lag,1006,2010,30.6,33.3688675184766,25.2189947084911,41.518740328462,tuning
stress_lag,1007,2010,29.0,30.1208893282106,21.9710165182252,38.270762138196,tuning
stress_lag,1008,2010,44.0,38.8111272454815,30.6612544354961,46.9610000554669,tuning
stress_lag,1009,2010,31.8,32.0999151476439,23.9500423376584,40.2497879576293,tuning
stress_lag,1010,2010,33.5,30.0083168372253,21.8584440272399,38.1581896472107,tuning
stress_lag,1011,2010,36.6,33.4312091280389,25.2813363180535,41.5810819380243,tuning
stress_lag,1012,2010,28.4,32.9090523725217,24.7591795625363,41.0589251825072,tuning
stress_lag,1013,2010,24.7,31.174706555063,23.0248337450775,39.3245793650484,tuning
stress_lag,1014,2010,44.8,31.4188790283977,23.2690062184123,39.5687518383831,tuning
stress_lag,1015,2010,37.2,36.1028199645489,27.9529471545635,44.2526927745343,tuning
stress_lag,1016,2010,42.6,36.0115075546155,27.8616347446301,44.1613803646009,tuning
stress_lag,1001,2011,39.3,34.0610198554223,25.9111470454369,42.2108926654077,tuning
stress_lag,1002,2011,32.1,30.4680590022611,22.3181861922757,38.6179318122466,tuning
stress_lag,1003,2011,32.3,29.9656986710738,21.8158258610884,38.1155714810592,tuning
stress_lag,1004,2011,31.2,30.63907595593,22.4892031459446,38.7889487659154,tuning
stress_lag,1005,2011,23.8,31.5790950592162,23.4292222492308,39.7289678692016,tuning
stress_lag,1006,2011,34.2,31.0753387025178,22.9254658925323,39.2252115125032,tuning
stress_lag,1007,2011,28.3,28.7235856553043,20.5737128453189,36.8734584652897,tuning
stress_lag,1008,2011,45.8,36.7362416942888,28.5863688843034,44.8861145042743,tuning
stress_lag,1009,2011,30.1,31.0724088729123,22.9225360629269,39.2222816828978,tuning
stress_lag,1010,2011,26.7,31.4170781974177,23.2672053874323,39.5669510074032,tuning
stress_lag,1011,2011,32.2,32.1420883931248,23.9922155831394,40.2919612031103,tuning
stress_lag,1012,2011,35.2,29.3941580640549,21.2442852540695,37.5440308740403,tuning
stress_lag,1013,2011,28.9,27.3613602709728,19.2114874609874,35.5112330809583,tuning
stress_lag,1014,2011,31.1,36.2174390281023,28.0675662181168,44.3673118380877,tuning
stress_lag,1015,2011,32.6,32.6229759118358,24.4731031018504,40.7728487218212,tuning
stress_lag,1016,2011,32.5,35.5765703726505,27.4266975626651,43.7264431826359,tuning
stress_lag,1001,2012,40.5,35.425153397595,27.2752805876096,43.5750262075804,evaluation
stress_lag,1002,2012,36.5,32.9081493657409,24.7582765557555,41.0580221757264,evaluation
stress_lag,1003,2012,31.8,32.1933434576518,24.0434706476664,40.3432162676372,evaluation
stress_lag,1004,2012,32.8,31.5653079119544,23.4154351019689,39.7151807219398,evaluation
stress_lag,1005,2012,34.3,28.7708750664076,20.6210022564222,36.920747876393,evaluation
stress_lag,1006,2012,35.6,31.9426091817972,23.7927363718118,40.0924819917826,evaluation
stress_lag,1007,2012,31.2,30.3351992680855,22.1853264581,38.4850720780709,evaluation
stress_lag,1008,2012,46.5,37.6428310677712,29.4929582577858,45.7927038777566,evaluation
stress_lag,1009,2012,31.9,30.5303751165397,22.3805023065543,38.6802479265251,evaluation
stress_lag,1010,2012,29.5,30.1101670879424,21.960294277957,38.2600398979278,evaluation
stress_lag,1011,2012,34.8,32.9540580376789,24.8041852276935,41.1039308476643,evaluation
stress_lag,1012,2012,35.5,32.2798206670443,24.1299478570589,40.4296934770297,evaluation
stress_lag,1013,2012,29.8,30.1564935641009,22.0066207541154,38.3063663740863,evaluation
stress_lag,1014,2012,33.7,32.3382083673607,24.1883355573753,40.4880811773462,evaluation
stress_lag,1015,2012,38.6,33.1206124850778,24.9707396750924,41.2704852950633,evaluation
stress_lag,1016,2012,37.2,32.7864704613384,24.636597651353,40.9363432713239,evaluation
stress_lag,1001,2013,40.0,36.4332519803645,28.2833791703791,44.58312479035,evaluation
stress_lag,1002,2013,37.9,33.4591567834779,25.3092839734924,41.6090295934633,evaluation
stress_lag,1003,2013,30.2,31.5786650895221,23.4287922795366,39.7285378995075,evaluation
stress_lag,1004,2013,32.3,31.8048887718949,23.6550159619095,39.9547615818803,evaluation
stress_lag,1005,2013,40.1,32.5181822397876,24.3683094298022,40.668055049773,evaluation
stress_lag,1006,2013,31.5,33.8476701380586,25.6977973280732,41.997542948044,evaluation
stress_lag,1007,2013,32.0,30.6714190849763,22.5215462749909,38.8212918949617,evaluation
stress_lag,1008,2013,42.3,39.3705248065368,31.2206519965514,47.5203976165223,evaluation
stress_lag,1009,2013,29.2,31.6029425383254,23.45306972834,39.7528153483109,evaluation
stress_lag,1010,2013,29.6,29.6480799057438,21.4982070957584,37.7979527157292,evaluation
stress_lag,1011,2013,37.4,32.495426590931,24.3455537809456,40.6452994009164,evaluation
stress_lag,1012,2013,32.8,33.7297857574669,25.5799129474815,41.8796585674524,evaluation
stress_lag,1013,2013,29.7,30.392118457742,22.2422456477566,38.5419912677275,evaluation
stress_lag,1014,2013,35.6,31.8251146224175,23.675241812432,39.9749874324029,evaluation
stress_lag,1015,2013,39.2,34.9421850935667,26.7923122835813,43.0920579035521,evaluation
stress_lag,1016,2013,42.2,34.0192229137914,25.869350103806,42.1690957237769,evaluation
stress_lag,1001,2014,46.4,37.7772616089897,29.6273887990043,45.9271344189752,evaluation
stress_lag,1002,2014,40.2,36.2859213264064,28.136048516421,44.4357941363918,evaluation
stress_lag,1003,2014,36.3,32.5844941645517,24.4346213545662,40.7343669745371,evaluation
stress_lag,1004,2014,35.6,33.7105392824116,25.5606664724262,41.8604120923971,evaluation
stress_lag,1005,2014,44.1,37.3245093181466,29.1746365081612,45.474382128132,evaluation
stress_lag,1006,2014,37.9,33.0392368268663,24.8893640168808,41.1891096368517,evaluation
stress_lag,1007,2014,33.3,33.7957545416679,25.6458817316825,41.9456273516533,evaluation
stress_lag,1008,2014,52.1,39.2942101531051,31.1443373431197,47.4440829630905,evaluation
stress_lag,1009,2014,34.9,31.653792151899,23.5039193419135,39.8036649618844,evaluation
stress_lag,1010,2014,31.7,32.5523021366732,24.4024293266877,40.7021749466586,evaluation
stress_lag,1011,2014,40.6,36.3760856845776,28.2262128745922,44.5259584945631,evaluation
stress_lag,1012,2014,38.7,34.3998477594724,26.249974949487,42.5497205694578,evaluation
stress_lag,1013,2014,34.5,31.6966638770409,23.5467910670554,39.8465366870263,evaluation
stress_lag,1014,2014,37.4,35.4511656766158,27.3012928666304,43.6010384866012,evaluation
stress_lag,1015,2014,43.6,37.361923028202,29.2120502182166,45.5117958381874,evaluation
stress_lag,1016,2014,49.7,38.8275873105642,30.6777145005788,46.9774601205496,evaluation
stress_lag,1001,2015,42.9,40.5951167713946,32.4452439614092,48.74498958138,evaluation
stress_lag,1002,2015,32.0,37.2123898241486,29.0625170141632,45.362262634134,evaluation
stress_lag,1003,2015,30.4,34.6130788062975,26.4632059963121,42.762951616283,evaluation
stress_lag,1004,2015,34.2,34.8887151687536,26.7388423587681,43.038587978739,evaluation
stress_lag,1005,2015,34.2,38.7050506316981,30.5551778217127,46.8549234416835,evaluation
stress_lag,1006,2015,33.7,36.6922371182395,28.5423643082541,44.8421099282249,evaluation
stress_lag,1007,2015,26.7,32.3723938364195,24.222521026434,40.5222666464049,evaluation
stress_lag,1008,2015,43.8,43.6213039713672,35.4714311613817,51.7711767813526,evaluation
stress_lag,1009,2015,32.0,34.7655104350774,26.615637625092,42.9153832450629,evaluation
stress_lag,1010,2015,26.8,31.928148412307,23.7782756023215,40.0780212222924,evaluation
stress_lag,1011,2015,36.8,37.1870138812036,29.0371410712181,45.336886691189,evaluation
stress_lag,1012,2015,33.2,36.4333864189646,28.2835136089792,44.5832592289501,evaluation
stress_lag,1013,2015,31.7,34.395118282991,26.2452454730056,42.5449910929764,evaluation
stress_lag,1014,2015,31.4,35.1657678974446,27.0158950874592,43.31564070743,evaluation
stress_lag,1015,2015,37.3,39.2480762632838,31.0982034532984,47.3979490732692,evaluation
stress_lag,1016,2015,45.5,42.1891897751503,34.0393169651649,50.3390625851357,evaluation
stress_lag,1001,2016,44.6,39.0240653259059,30.8741925159205,47.1739381358913,evaluation
stress_lag,1002,2016,36.0,32.6125782756487,24.4627054656633,40.7624510856341,evaluation
stress_lag,1003,2016,31.0,31.1558721981576,23.0059993881722,39.305745008143,evaluation
stress_lag,1004,2016,38.1,32.811202611768,24.6613298017826,40.9610754217534,evaluation
stress_lag,1005,2016,35.8,34.5426289145392,26.3927561045538,42.6925017245246,evaluation
stress_lag,1006,2016,36.7,33.1989265435847,25.0490537335993,41.3487993535701,evaluation
stress_lag,1007,2016,31.0,30.2986584424109,22.1487856324254,38.4485312523963,evaluation
stress_lag,1008,2016,52.4,39.1255437099897,30.9756709000043,47.2754165199752,evaluation
stress_lag,1009,2016,34.0,32.1022980298377,23.9524252198523,40.2521708398231,evaluation
stress_lag,1010,2016,28.5,28.4999940090736,20.3501211990882,36.649866819059,evaluation
stress_lag,1011,2016,36.0,35.3718677898962,27.2219949799108,43.5217405998816,evaluation
stress_lag,1012,2016,37.7,32.733405010822,24.5835322008365,40.8832778208074,evaluation
stress_lag,1013,2016,30.9,30.7869793841181,22.6371065741327,38.9368521941035,evaluation
stress_lag,1014,2016,33.1,31.4739436071655,23.3240707971801,39.6238164171509,evaluation
stress_lag,1015,2016,38.0,36.036121973941,27.8862491639556,44.1859947839264,evaluation
stress_lag,1016,2016,41.2,40.5107853449112,32.3609125349258,48.6606581548966,evaluation
stress_lag,1001,2017,45.3,40.7297288491096,32.5798560391242,48.879601659095,evaluation
stress_lag,1002,2017,40.1,36.778568105691,28.6286952957056,44.9284409156764,evaluation
stress_lag,1003,2017,34.1,33.4157280708343,25.2658552608489,41.5656008808197,evaluation
stress_lag,1004,2017,40.3,36.8550151435797,28.7051423335943,45.0048879535651,evaluation
stress_lag,1005,2017,39.2,35.6568381110746,27.5069653010892,43.80671092106,evaluation
stress_lag,1006,2017,37.7,35.5499280387984,27.400055228813,43.6998008487838,evaluation
stress_lag,1007,2017,32.0,32.6272679116559,24.4773951016705,40.7771407216414,evaluation
stress_lag,1008,2017,51.3,44.8183374400682,36.6684646300828,52.9682102500536,evaluation
stress_lag,1009,2017,35.4,34.2232412041522,26.0733683941668,42.3731140141377,evaluation
stress_lag,1010,2017,31.0,32.2264633079644,24.076590497979,40.3763361179499,evaluation
stress_lag,1011,2017,38.6,36.6805041068548,28.5306312968693,44.8303769168402,evaluation
stress_lag,1012,2017,39.6,36.5239220663834,28.3740492563979,44.6737948763688,evaluation
stress_lag,1013,2017,33.1,32.7258595513231,24.5759867413377,40.8757323613085,evaluation
stress_lag,1014,2017,31.6,34.6899043886602,26.5400315786748,42.8397771986456,evaluation
stress_lag,1015,2017,42.1,37.707226320841,29.5573535108556,45.8570991308264,evaluation
stress_lag,1016,2017,44.2,39.5017422863247,31.3518694763393,47.6516150963102,evaluation
stress_lag,1001,2018,38.0,41.1584586253836,33.0085858153982,49.3083314353691,evaluation
stress_lag,1002,2018,30.0,36.302254027428,28.1523812174426,44.4521268374134,evaluation
stress_lag,1003,2018,28.1,33.4078606852375,25.2579878752521,41.5577334952229,evaluation
stress_lag,1004,2018,36.9,37.2888179481961,29.1389451382106,45.4386907581815,evaluation
stress_lag,1005,2018,22.2,36.8492971135192,28.6994243035338,44.9991699235046,evaluation
stress_lag,1006,2018,34.9,37.6884676272618,29.5385948172764,45.8383404372472,evaluation
stress_lag,1007,2018,27.7,32.2249067057227,24.0750338957373,40.3747795157081,evaluation
stress_lag,1008,2018,44.3,45.5325758995743,37.3827030895889,53.6824487095598,evaluation
stress_lag,1009,2018,31.1,35.045119057708,26.8952462477226,43.1949918676935,evaluation
stress_lag,1010,2018,24.7,30.4793231280589,22.3294503180734,38.6291959380443,evaluation
stress_lag,1011,2018,28.7,35.486641288398,27.3367684784125,43.6365140983834,evaluation
stress_lag,1012,2018,34.7,38.6044920646024,30.454619254617,46.7543648745878,evaluation
stress_lag,1013,2018,29.7,33.4415477523964,25.291674942411,41.5914205623818,evaluation
stress_lag,1014,2018,27.0,31.6762507783644,23.526377968379,39.8261235883498,evaluation
stress_lag,1015,2018,28.4,38.245132189689,30.0952593797036,46.3950049996744,evaluation
stress_lag,1016,2018,30.0,39.4372600018412,31.2873871918558,47.5871328118267,evaluation
ensemble,1001,2006,26.9,35.7321205544416,29.979013119159,41.4852279897242,tuning
ensemble,1002,2006,27.9,30.782939129559,25.0298316942764,36.5360465648415,tuning
ensemble,1003,2006,23.7,29.0956133132749,23.3425058779923,34.8487207485574,tuning
ensemble,1004,2006,22.4,30.8797129025891,25.1266054673065,36.6328203378717,tuning
ensemble,1005,2006,19.6,30.2846977762891,24.5315903410065,36.0378052115717,tuning
ensemble,1006,2006,26.6,33.4418712465442,27.6887638112616,39.1949786818268,tuning
ensemble,1007,2006,23.3,29.7393293261024,23.9862218908198,35.492436761385,tuning
ensemble,1008,2006,32.3,39.7739502659872,34.0208428307046,45.5270577012698,tuning
ensemble,1009,2006,25.0,31.1528697957085,25.3997623604259,36.9059772309911,tuning
ensemble,1010,2006,21.4,27.7699859226392,22.0168784873566,33.5230933579218,tuning
ensemble,1011,2006,27.5,30.3308658433427,24.5777584080601,36.0839732786253,tuning
ensemble,1012,2006,25.5,34.1276259757227,28.3745185404401,39.8807334110053,tuning
ensemble,1013,2006,21.1,29.042488929397,23.2893814941144,34.7955963646795,tuning
ensemble,1014,2006,23.8,28.6439659423322,22.8908585070496,34.3970733776147,tuning
ensemble,1015,2006,28.7,34.0915240382548,28.3384166029722,39.8446314735374,tuning
ensemble,1016,2006,28.3,32.3988673708634,26.6457599355808,38.151974806146,tuning
ensemble,1001,2007,34.3,32.8825799308493,27.1294724955667,38.6356873661319,tuning
ensemble,1002,2007,34.5,29.3451047091113,23.5919972738287,35.0982121443939,tuning
ensemble,1003,2007,31.3,26.9827031458713,21.2295957105887,32.7358105811539,tuning
ensemble,1004,2007,29.8,29.9414194368855,24.1883120016029,35.6945268721681,tuning
ensemble,1005,2007,27.9,25.4346280308144,19.6815205955318,31.187735466097,tuning
ensemble,1006,2007,32.5,31.4302117465164,25.6771043112338,37.183319181799,tuning
ensemble,1007,2007,28.1,28.3656651999399,22.6125577646573,34.1187726352225,tuning
ensemble,1008,2007,41.3,36.5316324952388,30.7785250599562,42.2847399305214,tuning
ensemble,1009,2007,30.6,28.7049828025375,22.9518753672549,34.4580902378201,tuning
ensemble,1010,2007,28.0,27.3004864707927,21.5473790355101,33.0535939060753,tuning
ensemble,1011,2007,32.2,30.47364995495,24.7205425196674,36.2267573902326,tuning
ensemble,1012,2007,31.3,31.4455892074371,25.6924817721546,37.1986966427197,tuning
ensemble,1013,2007,29.0,26.9250821970956,21.171974761813,32.6781896323782,tuning
ensemble,1014,2007,27.8,27.0026627507844,21.2495553155018,32.755770186067,tuning
ensemble,1015,2007,36.1,31.5523413204417,25.7992338851591,37.3054487557243,tuning
ensemble,1016,2007,33.5,31.0706072436929,25.3174998084103,36.8237146789755,tuning
ensemble,1001,2008,35.3,33.8608314579769,28.1077240226943,39.6139388932595,tuning
ensemble,1002,2008,25.4,30.1353677214549,24.3822602861723,35.8884751567375,tuning
ensemble,1003,2008,26.9,28.2717405479631,22.5186331126805,34.0248479832457,tuning
ensemble,1004,2008,33.4,30.6493218421758,24.8962144068932,36.4024292774584,tuning
ensemble,1005,2008,19.7,26.2913616022772,20.5382541669947,32.0444690375598,tuning
ensemble,1006,2008,33.9,32.6715106097463,26.9184031744637,38.4246180450289,tuning
ensemble,1007,2008,27.4,27.292643689682,21.5395362543995,33.0457511249646,tuning
ensemble,1008,2008,43.9,38.1182220865924,32.3651146513098,43.871329521875,tuning
ensemble,1009,2008,31.8,30.9345631902268,25.1814557549442,36.6876706255094,tuning
ensemble,1010,2008,26.8,27.4560467431584,21.7029393078758,33.2091541784409,tuning
ensemble,1011,2008,26.8,28.9123239692909,23.1592165340083,34.6654314045735,tuning
ensemble,1012,2008,33.6,32.1315952442524,26.3784878089698,37.884702679535,tuning
ensemble,1013,2008,32.4,28.701687812738,22.9485803774554,34.4547952480206,tuning
ensemble,1014,2008,26.8,26.3497349631408,20.5966275278582,32.1028423984234,tuning
ensemble,1015,2008,27.6,33.3339937831993,27.5808863479167,39.0871012184818,tuning
ensemble,1016,2008,25.5,30.7780217517801,25.0249143164975,36.5311291870627,tuning
ensemble,1001,2009,35.9,34.9355110388975,29.1824036036149,40.6886184741801,tuning
ensemble,1002,2009,33.8,31.0118046818643,25.2586972465817,36.7649121171469,tuning
ensemble,1003,2009,32.2,28.8509255914598,23.0978181561772,34.6040330267424,tuning
ensemble,1004,2009,31.1,30.5447213619322,24.7916139266496,36.2978287972148,tuning
ensemble,1005,2009,35.4,28.4721207881845,22.7190133529019,34.2252282234671,tuning
ensemble,1006,2009,31.9,32.0652989564807,26.3121915211981,37.8184063917633,tuning
ensemble,1007,2009,26.9,28.6701877520249,22.9170803167423,34.4232951873075,tuning
ensemble,1008,2009,44.9,39.2342532205345,33.4811457852519,44.9873606558171,tuning
ensemble,1009,2009,30.4,29.436329953782,23.6832225184994,35.1894373890646,tuning
ensemble,1010,2009,28.4,27.5097990380785,21.7566916027959,33.2629064733611,tuning
ensemble,1011,2009,34.8,29.9453465437183,24.1922391084357,35.6984539790009,tuning
ensemble,1012,2009,31.1,31.8493501194307,26.0962426841481,37.6024575547133,tuning
ensemble,1013,2009,28.5,29.0922187876784,23.3391113523958,34.845326222961,tuning
ensemble,1014,2009,31.0,27.0319866300606,21.278879194778,32.7850940653432,tuning
ensemble,1015,2009,39.8,33.8933139937506,28.140206558468,39.6464214290332,tuning
ensemble,1016,2009,39.5,31.2550208003882,25.5019133651056,37.0081282356708,tuning
ensemble,1001,2010,39.1,39.2778590667457,33.5247516314631,45.0309665020283,tuning
ensemble,1002,2010,32.9,35.9585101361822,30.2054027008996,41.7116175714648,tuning
ensemble,1003,2010,31.9,34.8782475590664,29.1251401237838,40.6313549943489,tuning
ensemble,1004,2010,30.5,35.2659101015881,29.5128026663055,41.0190175368707,tuning
ensemble,1005,2010,35.0,34.7667890147618,29.0136815794792,40.5198964500444,tuning
ensemble,1006,2010,30.6,38.9674564268675,33.2143489915849,44.7205638621501,tuning
ensemble,1007,2010,29.0,33.1610463928347,27.4079389575521,38.9141538281173,tuning
ensemble,1008,2010,44.0,45.2957097109615,39.5426022756789,51.0488171462441,tuning
ensemble,1009,2010,31.8,36.1382613756208,30.3851539403382,41.8913688109034,tuning
ensemble,1010,2010,33.5,31.5825521424321,25.8294447071495,37.3356595777147,tuning
ensemble,1011,2010,36.6,34.9269737215519,29.1738662862693,40.6800811568345,tuning
ensemble,1012,2010,28.4,38.3450600003919,32.5919525651093,44.0981674356745,tuning
ensemble,1013,2010,24.7,34.8613226393359,29.1082152040533,40.6144300746185,tuning
ensemble,1014,2010,44.8,32.8969048633254,27.1437974280428,38.650012298608,tuning
ensemble,1015,2010,37.2,38.8607943047406,33.107686869458,44.6139017400232,tuning
ensemble,1016,2010,42.6,37.4751067264447,31.7219992911621,43.2282141617273,tuning
ensemble,1001,2011,39.3,34.5604232251882,28.8073157899056,40.3135306604708,tuning
ensemble,1002,2011,32.1,30.5924986134764,24.8393911781938,36.345606048759,tuning
ensemble,1003,2011,32.3,29.5681833973897,23.8150759621071,35.3212908326723,tuning
ensemble,1004,2011,31.2,31.4485475734729,25.6954401381903,37.2016550087555,tuning
ensemble,1005,2011,23.8,28.1289551949513,22.3758477596687,33.8820626302339,tuning
ensemble,1006,2011,34.2,33.1651647185896,27.412057283307,38.9182721538722,tuning
ensemble,1007,2011,28.3,27.681058476603,21.9279510413204,33.4341659118856,tuning
ensemble,1008,2011,45.8,40.3794429311588,34.6263354958762,46.1325503664414,tuning
ensemble,1009,2011,30.1,31.7501896282159,25.9970821929333,37.5032970634985,tuning
ensemble,1010,2011,26.7,28.3074982085226,22.55439077324,34.0606056438052,tuning
ensemble,1011,2011,32.2,31.754949160831,26.0018417255484,37.5080565961136,tuning
ensemble,1012,2011,35.2,32.3788418845563,26.6257344492738,38.1319493198389,tuning
ensemble,1013,2011,28.9,29.6986205024354,23.9455130671528,35.451727937718,tuning
ensemble,1014,2011,31.1,28.3120907038675,22.5589832685849,34.0651981391501,tuning
ensemble,1015,2011,32.6,33.4884087602594,27.7353013249768,39.241516195542,tuning
ensemble,1016,2011,32.5,31.6865027915671,25.9333953562845,37.4396102268497,tuning
ensemble,1001,2012,40.5,36.1266772885325,30.3735698532499,41.8797847238151,evaluation
ensemble,1002,2012,36.5,32.3590540072802,26.6059465719976,38.1121614425628,evaluation
ensemble,1003,2012,31.8,30.6533234573323,24.9002160220498,36.4064308926149,evaluation
ensemble,1004,2012,32.8,30.8024965152715,25.0493890799889,36.5556039505541,evaluation
ensemble,1005,2012,34.3,29.6983933660193,23.9452859307367,35.4515008013019,evaluation
ensemble,1006,2012,35.6,32.2364893246833,26.4833818894007,37.9895967599659,evaluation
ensemble,1007,2012,31.2,28.7510750351611,22.9979675998785,34.5041824704437,evaluation
ensemble,1008,2012,46.5,41.4872640987012,35.7341566634186,47.2403715339838,evaluation
ensemble,1009,2012,31.9,30.2894722261446,24.536364790862,36.0425796614272,evaluation
ensemble,1010,2012,29.5,28.3148325048388,22.5617250695562,34.0679399401213,evaluation
ensemble,1011,2012,34.8,32.0837193853842,26.3306119501016,37.8368268206668,evaluation
ensemble,1012,2012,35.5,31.8583125141233,26.1052050788407,37.6114199494059,evaluation
ensemble,1013,2012,29.8,28.0762843357741,22.3231769004915,33.8293917710567,evaluation
ensemble,1014,2012,33.7,29.8345308263728,24.0814233910902,35.5876382616554,evaluation
ensemble,1015,2012,38.6,35.2206690055426,29.4675615702601,40.9737764408252,evaluation
ensemble,1016,2012,37.2,33.2471707559134,27.4940633206308,39.000278191196,evaluation
ensemble,1001,2013,40.0,37.9345055798948,32.1813981446122,43.6876130151774,evaluation
ensemble,1002,2013,37.9,32.175278961307,26.4221715260244,37.9283863965896,evaluation
ensemble,1003,2013,30.2,31.6018123615144,25.8487049262318,37.3549197967969,evaluation
ensemble,1004,2013,32.3,30.844862986916,25.0917555516334,36.5979704221986,evaluation
ensemble,1005,2013,40.1,31.6814594148823,25.9283519795997,37.4345668501649,evaluation
ensemble,1006,2013,31.5,33.0280519306404,27.2749444953578,38.781159365923,evaluation
ensemble,1007,2013,32.0,29.11857242881,23.3654649935274,34.8716798640926,evaluation
ensemble,1008,2013,42.3,43.6966483474517,37.9435409121691,49.4497557827343,evaluation
ensemble,1009,2013,29.2,30.9402934012084,25.1871859659258,36.693400836491,evaluation
ensemble,1010,2013,29.6,27.669069729924,21.9159622946414,33.4221771652066,evaluation
ensemble,1011,2013,37.4,32.1354819401296,26.382374504847,37.8885893754122,evaluation
ensemble,1012,2013,32.8,32.9009661722236,27.147858736941,38.6540736075062,evaluation
ensemble,1013,2013,29.7,29.1848184356943,23.4317110004117,34.9379258709769,evaluation
ensemble,1014,2013,35.6,29.8576539625672,24.1045465272846,35.6107613978498,evaluation
ensemble,1015,2013,39.2,35.786171618338,30.0330641830554,41.5392790536206,evaluation
ensemble,1016,2013,42.2,34.3152531292954,28.5621456940128,40.068360564578,evaluation
ensemble,1001,2014,46.4,40.1224828100008,34.3693753747183,45.8755902452834,evaluation
ensemble,1002,2014,40.2,35.691862679769,29.9387552444864,41.4449701150516,evaluation
ensemble,1003,2014,36.3,33.5606919126011,27.8075844773185,39.3137993478837,evaluation
ensemble,1004,2014,35.6,34.1918759775765,28.4387685422939,39.944983412859,evaluation
ensemble,1005,2014,44.1,33.7918917006993,28.0387842654167,39.5449991359819,evaluation
ensemble,1006,2014,37.9,35.6207321644341,29.8676247291515,41.3738395997166,evaluation
ensemble,1007,2014,33.3,31.6533027766107,25.9001953413281,37.4064102118933,evaluation
ensemble,1008,2014,52.1,45.6627204331336,39.909612997851,51.4158278684162,evaluation
ensemble,1009,2014,34.9,33.8745806220864,28.1214731868038,39.627688057369,evaluation
ensemble,1010,2014,31.7,31.7994728399461,26.0463654046635,37.5525802752287,evaluation
ensemble,1011,2014,40.6,35.6025000111044,29.8493925758219,41.355607446387,evaluation
ensemble,1012,2014,38.7,35.7696342964144,30.0165268611318,41.522741731697,evaluation
ensemble,1013,2014,34.5,31.6861198638306,25.933012428548,37.4392272991132,evaluation
ensemble,1014,2014,37.4,33.0409281659717,27.2878207306891,38.7940356012543,evaluation
ensemble,1015,2014,43.6,38.5488103215088,32.7957028862262,44.3019177567914,evaluation
ensemble,1016,2014,49.7,37.8969225391508,32.1438151038682,43.6500299744334,evaluation
ensemble,1001,2015,42.9,40.6381308621528,34.8850234268702,46.3912382974354,evaluation
ensemble,1002,2015,32.0,35.5587767027164,29.8056692674338,41.311884137999,evaluation
ensemble,1003,2015,30.4,32.9978855333019,27.2447780980193,38.7509929685845,evaluation
ensemble,1004,2015,34.2,33.6195007596201,27.8663933243375,39.3726081949027,evaluation
ensemble,1005,2015,34.2,35.4372991451586,29.684191709876,41.1904065804412,evaluation
ensemble,1006,2015,33.7,35.691620064067,29.9385126287844,41.4447274993496,evaluation
ensemble,1007,2015,26.7,31.2774185439383,25.5243111086557,37.0305259792209,evaluation
ensemble,1008,2015,43.8,45.6170000944608,39.8638926591783,51.3701075297434,evaluation
ensemble,1009,2015,32.0,33.619516124706,27.8664086894234,39.3726235599886,evaluation
ensemble,1010,2015,26.8,29.9115627966899,24.1584553614073,35.6646702319725,evaluation
ensemble,1011,2015,36.8,35.7896943189746,30.036586883692,41.5428017542572,evaluation
ensemble,1012,2015,33.2,35.3455488905704,29.5924414552878,41.098656325853,evaluation
ensemble,1013,2015,31.7,32.0333670815431,26.2802596462605,37.7864745168257,evaluation
ensemble,1014,2015,31.4,32.6699146486688,26.9168072133862,38.4230220839514,evaluation
ensemble,1015,2015,37.3,38.8456845495584,33.0925771142758,44.598791984841,evaluation
ensemble,1016,2015,45.5,39.7083681942587,33.9552607589761,45.4614756295413,evaluation
ensemble,1001,2016,44.6,41.9278668915526,36.17475945627,47.6809743268352,evaluation
ensemble,1002,2016,36.0,35.2072960633123,29.4541886280297,40.9604034985949,evaluation
ensemble,1003,2016,31.0,32.8105940216327,27.0574865863501,38.5637014569153,evaluation
ensemble,1004,2016,38.1,34.7174444150574,28.9643369797748,40.47055185034,evaluation
ensemble,1005,2016,35.8,36.2707148239759,30.5176073886933,42.0238222592585,evaluation
ensemble,1006,2016,36.7,35.7697836869438,30.0166762516612,41.5228911222264,evaluation
ensemble,1007,2016,31.0,31.7461430465064,25.9930356112238,37.499250481789,evaluation
ensemble,1008,2016,52.4,46.0326569494226,40.27954951414,51.7857643847052,evaluation
ensemble,1009,2016,34.0,33.9756326276853,28.2225251924027,39.7287400629679,evaluation
ensemble,1010,2016,28.5,30.1985114895366,24.445404054254,35.9516189248192,evaluation
ensemble,1011,2016,36.0,37.3471848027783,31.5940773674957,43.1002922380609,evaluation
ensemble,1012,2016,37.7,35.2104222504337,29.4573148151511,40.9635296857163,evaluation
ensemble,1013,2016,30.9,32.1446029152845,26.3914954800019,37.8977103505671,evaluation
ensemble,1014,2016,33.1,33.2135358912678,27.4604284559852,38.9666433265504,evaluation
ensemble,1015,2016,38.0,38.8713644331127,33.1182569978302,44.6244718683953,evaluation
ensemble,1016,2016,41.2,40.7753263332433,35.0222188979607,46.5284337685259,evaluation
ensemble,1001,2017,45.3,41.4715551594907,35.7184477242081,47.2246625947733,evaluation
ensemble,1002,2017,40.1,36.0617892328811,30.3086817975985,41.8148966681637,evaluation
ensemble,1003,2017,34.1,32.1748499300597,26.4217424947771,37.9279573653423,evaluation
ensemble,1004,2017,40.3,33.8028961531096,28.049788717827,39.5560035883921,evaluation
ensemble,1005,2017,39.2,34.8071172596814,29.0540098243988,40.560224694964,evaluation
ensemble,1006,2017,37.7,34.6607725419684,28.9076651066858,40.413879977251,evaluation
ensemble,1007,2017,32.0,30.6829091620675,24.9298017267849,36.4360165973501,evaluation
ensemble,1008,2017,51.3,45.4422927985667,39.6891853632841,51.1954002338493,evaluation
ensemble,1009,2017,35.4,32.8908240534964,27.1377166182138,38.6439314887789,evaluation
ensemble,1010,2017,31.0,29.6332423670359,23.8801349317533,35.3863498023185,evaluation
ensemble,1011,2017,38.6,37.2763840352327,31.5232765999501,43.0294914705153,evaluation
ensemble,1012,2017,39.6,35.2835246169463,29.5304171816637,41.0366320522288,evaluation
ensemble,1013,2017,33.1,31.0230785244228,25.2699710891402,36.7761859597054,evaluation
ensemble,1014,2017,31.6,33.2500282202015,27.4969207849189,39.0031356554841,evaluation
ensemble,1015,2017,42.1,38.5029613701609,32.7498539348783,44.2560688054435,evaluation
ensemble,1016,2017,44.2,41.4241082366292,35.6710008013466,47.1772156719117,evaluation
ensemble,1001,2018,38.0,41.7183561939511,35.9652487586685,47.4714636292337,evaluation
ensemble,1002,2018,30.0,35.6766485057242,29.9235410704416,41.4297559410068,evaluation
ensemble,1003,2018,28.1,32.8906786582489,27.1375712229663,38.6437860935314,evaluation
ensemble,1004,2018,36.9,34.9220450770074,29.1689376417248,40.6751525122899,evaluation
ensemble,1005,2018,22.2,33.2303470262239,27.4772395909413,38.9834544615065,evaluation
ensemble,1006,2018,34.9,36.5324253271913,30.7793178919087,42.2855327624738,evaluation
ensemble,1007,2018,27.7,30.3627217882378,24.6096143529552,36.1158292235204,evaluation
ensemble,1008,2018,44.3,46.7042751170877,40.9511676818051,52.4573825523703,evaluation
ensemble,1009,2018,31.1,33.4532682271432,27.7001607918606,39.2063756624258,evaluation
ensemble,1010,2018,24.7,29.4974782903362,23.7443708550536,35.2505857256188,evaluation
ensemble,1011,2018,28.7,35.9789765609256,30.225869125643,41.7320839962082,evaluation
ensemble,1012,2018,34.7,36.6583693611612,30.9052619258786,42.4114767964438,evaluation
ensemble,1013,2018,29.7,32.1839197716625,26.4308123363799,37.9370272069451,evaluation
ensemble,1014,2018,27.0,32.4243284873533,26.6712210520707,38.1774359226359,evaluation
ensemble,1015,2018,28.4,37.583323147288,31.8302157120054,43.3364305825706,evaluation
ensemble,1016,2018,30.0,39.2506611531563,33.4975537178737,45.0037685884389,evaluation
