"Method","RS","Year","Observed","Predicted","TrainEnd"
"trend","1003",2019,100.8,88.4352955780604,2018
"trend","1051",2019,92.2,80.5301585566509,2018
"trend","1053",2019,86.7,79.3372747349279,2018
"trend","1054",2019,89.7,76.0704891675655,2018
"trend","1055",2019,96.6,88.8596925871769,2018
"trend","1056",2019,85.4,75.3985830004265,2018
"trend","1057",2019,91.7,83.7164207434683,2018
"trend","1058",2019,91.8,85.3085272690705,2018
"trend","1059",2019,88.3,84.4731342970767,2018
"trend","1060",2019,89.1,75.2994567566698,2018
"trend","1061",2019,80.1,77.3005261265461,2018
"trend","1062",2019,84.8,76.1995374604539,2018
"trend","12060",2019,53.2,52.054143025985,2018
"trend","12061",2019,49.3,53.6232185567865,2018
"trend","12062",2019,50.8,51.6716810396583,2018
"trend","12063",2019,48.9,58.0841559558678,2018
"trend","12064",2019,63.4,64.4566204881648,2018
"trend","12065",2019,45.5,49.9981196007552,2018
"trend","12066",2019,34.3,47.5244484821428,2018
"trend","12067",2019,52,55.510898556975,2018
"trend","12068",2019,50.3,58.1103681381183,2018
"trend","12069",2019,47.4,53.3829594546482,2018
"trend","12070",2019,49.3,65.8654050234296,2018
"trend","12071",2019,43.4,47.1242843496552,2018
"trend","12072",2019,50.4,58.0446112889405,2018
"trend","12073",2019,67.3,67.1040412494295,2018
"trend","13071",2019,73.1,69.3649015827235,2018
"trend","13072",2019,81.2,70.758453408961,2018
"trend","13073",2019,93,78.8451653749781,2018
"trend","13074",2019,88.5,78.3706298494727,2018
"trend","13075",2019,81.1,69.9188175386339,2018
"trend","13076",2019,60.6,60.9520697666524,2018
"trend","14511",2019,77.8,91.5607894943518,2018
"trend","14521",2019,67.3,66.5304440970721,2018
"trend","14522",2019,80.7,76.4637776127861,2018
"trend","14523",2019,66.7,67.3396062232289,2018
"trend","14524",2019,83.4,77.7262154121477,2018
"trend","14625",2019,72.8,70.3568888274747,2018
"trend","14626",2019,76.4,69.9498465671591,2018
"trend","14627",2019,70.9,65.7802409856933,2018
"trend","14628",2019,70.6,68.450404202847,2018
"trend","14713",2019,72.3,76.6096426062497,2018
"trend","14729",2019,78.7,76.8681266643127,2018
"trend","14730",2019,64.8,70.0575165727092,2018
"trend","15001",2019,48.5,54.1946971847108,2018
"trend","15081",2019,58.4,58.3121515014737,2018
"trend","15082",2019,53.1,62.7492929040775,2018
"trend","15083",2019,79,81.8867718643247,2018
"trend","15084",2019,77.3,82.4060330737649,2018
"trend","15085",2019,76,77.8981432826902,2018
"trend","15086",2019,58,57.1349507351034,2018
"trend","15087",2019,68.1,70.5988090032347,2018
"trend","15088",2019,62.2,83.3470824808162,2018
"trend","15089",2019,66.6,72.1442901707648,2018
"trend","15090",2019,57.3,62.019265386269,2018
"trend","15091",2019,56.2,58.9678105550364,2018
"trend","16051",2019,71,76.5233144867601,2018
"trend","16052",2019,96.6,86.8692223938994,2018
"trend","16056",2019,68.4,63.013186826532,2018
"trend","16061",2019,83.2,75.408659765925,2018
"trend","16062",2019,81,75.1501470049159,2018
"trend","16063",2019,76.2,63.9089367741834,2018
"trend","16064",2019,75.7,73.6524310557023,2018
"trend","16065",2019,66.9,74.3860807375148,2018
"trend","16066",2019,69.2,63.8492306786063,2018
"trend","16067",2019,81.4,79.8270870572383,2018
"trend","16068",2019,63.1,71.4645709843593,2018
"trend","16069",2019,66.7,52.715396591165,2018
"trend","16070",2019,62.5,63.7779528318396,2018
"trend","16071",2019,76.7,75.0740513176075,2018
"trend","16072",2019,65,59.1117649679024,2018
"trend","16073",2019,68.5,64.870163353939,2018
"trend","16074",2019,78.9,72.6480882639389,2018
"trend","16075",2019,77.7,79.8607486378962,2018
"trend","16076",2019,78.5,80.2460496490232,2018
"trend","16077",2019,91,86.181394152465,2018
"trend","3101",2019,79.5,77.9835014291125,2018
"trend","3102",2019,91.9,85.6558827179495,2018
"trend","3103",2019,77.6,69.9867775115945,2018
"trend","3151",2019,73.8,71.802226934368,2018
"trend","3153",2019,84.9,82.0046085640211,2018
"trend","3154",2019,77.4,75.9616339914178,2018
"trend","3155",2019,82.9,81.2047671942118,2018
"trend","3157",2019,86.1,83.4142578692085,2018
"trend","3158",2019,86.9,84.1697649691229,2018
"trend","3159",2019,79.3,77.9703025945763,2018
"trend","3241",2019,72.2,72.1228725857224,2018
"trend","3251",2019,70.1,71.3847950738882,2018
"trend","3252",2019,82.5,78.2328746267151,2018
"trend","3254",2019,75.1,82.3576032837679,2018
"trend","3255",2019,75.8,76.0823154550122,2018
"trend","3256",2019,74.6,68.6677796622114,2018
"trend","3257",2019,84.6,80.1802013439569,2018
"trend","3351",2019,59.5,71.6066060222671,2018
"trend","3352",2019,80.2,68.8433266563511,2018
"trend","3353",2019,64.2,65.8539668054087,2018
"trend","3354",2019,62.3,66.3478252376824,2018
"trend","3355",2019,60.8,66.6264428683589,2018
"trend","3356",2019,78.2,66.244631215008,2018
"trend","3357",2019,65.7,63.1951078419284,2018
"trend","3358",2019,64,66.614886940133,2018
"trend","3359",2019,81.3,68.9419633398882,2018
"trend","3360",2019,68.6,71.3236545845098,2018
"trend","3361",2019,74.3,64.6220836118689,2018
"trend","3451",2019,70.7,68.0881475056771,2018
"trend","3452",2019,85.9,79.0911213840594,2018
"trend","3453",2019,68.6,67.4190951308034,2018
"trend","3454",2019,58.7,66.8232575567596,2018
"trend","3455",2019,83.8,84.946061432165,2018
"trend","3456",2019,57.1,67.9028203822957,2018
"trend","3457",2019,88.9,88.5837262404937,2018
"trend","3458",2019,63.6,66.1980367655208,2018
"trend","3459",2019,72,75.0066014142224,2018
"trend","3460",2019,59.1,65.5589102201971,2018
"trend","3462",2019,71.5,77.5667925221299,2018
"trend","5116",2019,96.8,87.4723166817003,2018
"trend","5154",2019,82.1,79.747876851804,2018
"trend","5158",2019,80.2,84.7545237782515,2018
"trend","5162",2019,94.8,81.9156707032907,2018
"trend","5166",2019,81.8,83.6976360043052,2018
"trend","5170",2019,77.8,72.4471675085335,2018
"trend","5334",2019,89.5,84.7495468509804,2018
"trend","5358",2019,92.1,83.2843059484863,2018
"trend","5362",2019,91.9,86.7588670539112,2018
"trend","5366",2019,82.5,77.9335577209462,2018
"trend","5370",2019,88.6,80.1876813892632,2018
"trend","5382",2019,88.3,78.0679256545258,2018
"trend","5515",2019,84,80.1652141843651,2018
"trend","5554",2019,71,72.9529358672826,2018
"trend","5558",2019,80.5,77.2751735115916,2018
"trend","5562",2019,75.8,63.3624337015162,2018
"trend","5566",2019,63.6,63.305077195169,2018
"trend","5570",2019,69.1,70.3349366711291,2018
"trend","5711",2019,73.5,76.3120089313606,2018
"trend","5754",2019,62.8,69.702280400239,2018
"trend","5758",2019,78,77.5950249271224,2018
"trend","5762",2019,80.7,78.6932574199744,2018
"trend","5766",2019,78.4,77.0819078119428,2018
"trend","5770",2019,73.9,75.9379883915907,2018
"trend","5774",2019,73.6,69.4418233943658,2018
"trend","5915",2019,83.4,77.250080721865,2018
"trend","5958",2019,67.8,70.1949086335856,2018
"trend","5962",2019,60.5,63.4458202808517,2018
"trend","5974",2019,82.2,82.5677495836751,2018
"trend","5978",2019,78.1,80.3159284514322,2018
"trend","6432",2019,64.8,61.4340945152696,2018
"trend","6433",2019,68.6,60.7294102447832,2018
"trend","6435",2019,69.3,65.1635677155842,2018
"trend","6439",2019,75.6,62.4661972324571,2018
"trend","6440",2019,70,67.3705514180883,2018
"trend","6531",2019,67.3,66.8338958016102,2018
"trend","6533",2019,70.7,63.7225232479759,2018
"trend","6534",2019,71,63.1265448974034,2018
"trend","6535",2019,67.6,62.681487396858,2018
"trend","6631",2019,65.6,64.9451318288626,2018
"trend","6632",2019,70.4,61.381538432462,2018
"trend","6633",2019,75,68.3523339818134,2018
"trend","6634",2019,74.6,68.2659785506034,2018
"trend","6635",2019,66.4,64.3319237927737,2018
"trend","6636",2019,68.7,61.2328002983979,2018
"trend","7131",2019,86.7,69.6257115631677,2018
"trend","7134",2019,63.8,58.5964744359301,2018
"trend","7135",2019,80.4,68.4020441770195,2018
"trend","7137",2019,87,75.8954809665785,2018
"trend","7140",2019,86.2,71.7109907281665,2018
"trend","7141",2019,79.1,69.4513131751104,2018
"trend","7231",2019,80.5,63.464941741988,2018
"trend","7232",2019,72.2,65.8452389920114,2018
"trend","7233",2019,81.2,55.5886710151503,2018
"trend","7235",2019,81.6,76.294663934099,2018
"trend","7331",2019,77.6,71.7548294236529,2018
"trend","7333",2019,77.2,65.1374700819047,2018
"trend","7336",2019,71.1,59.8152628843237,2018
"trend","7340",2019,79.6,65.094044634394,2018
"trend","8115",2019,69.2,72.7801872673336,2018
"trend","8116",2019,69.3,69.2282745680817,2018
"trend","8117",2019,79.1,75.0069592630502,2018
"trend","8118",2019,80.9,73.5518133997277,2018
"trend","8119",2019,70.6,66.5357470334886,2018
"trend","8125",2019,78.7,76.6677806510849,2018
"trend","8126",2019,74.9,70.4103738718223,2018
"trend","8127",2019,77.3,74.0226454241638,2018
"trend","8128",2019,65.9,61.6281107570219,2018
"trend","8136",2019,70.6,74.7298521640778,2018
"trend","8215",2019,71.9,66.9902771661255,2018
"trend","8225",2019,68.9,62.0209215339537,2018
"trend","8226",2019,72.4,70.528551645279,2018
"trend","8236",2019,77.5,71.5829238316519,2018
"trend","8237",2019,79.1,73.0498470299733,2018
"trend","8315",2019,79.6,77.5364197115098,2018
"trend","8317",2019,75.3,70.464687573923,2018
"trend","8325",2019,78.8,72.3260029268116,2018
"trend","8326",2019,70.1,73.4311938606274,2018
"trend","8327",2019,74.9,73.6253820476991,2018
"trend","8337",2019,72.4,69.3943088837309,2018
"trend","8415",2019,71.9,66.5437651667992,2018
"trend","8416",2019,81.8,72.9664813477836,2018
"trend","8417",2019,70,66.4286856781484,2018
"trend","8425",2019,74.9,73.3314541305884,2018
"trend","8426",2019,76.4,75.9283640097532,2018
"trend","8435",2019,70,71.7605443797763,2018
"trend","8436",2019,69.5,74.5076662917573,2018
"trend","8437",2019,80.2,76.5208386523921,2018
"trend","9161",2019,71.2,70.3058003627076,2018
"trend","9171",2019,78.4,71.6123352020939,2018
"trend","9174",2019,78.8,77.1091706794013,2018
"trend","9175",2019,73,70.6875078405154,2018
"trend","9176",2019,71.9,71.6098842836062,2018
"trend","9177",2019,82.6,74.2596911247018,2018
"trend","9178",2019,76.5,74.0900464890877,2018
"trend","9179",2019,76.2,76.6751962571635,2018
"trend","9181",2019,67.3,76.4035856006224,2018
"trend","9183",2019,73.5,74.9913531639574,2018
"trend","9184",2019,58.4,69.7940757359795,2018
"trend","9185",2019,79.3,74.3401534750046,2018
"trend","9186",2019,68.2,69.3672405322425,2018
"trend","9187",2019,65.9,63.6674030114221,2018
"trend","9189",2019,78.2,74.5579924524937,2018
"trend","9190",2019,56.5,60.6818916521631,2018
"trend","9271",2019,83.7,75.3975144684715,2018
"trend","9272",2019,49.2,52.3212893964186,2018
"trend","9273",2019,72.7,74.6064621315448,2018
"trend","9274",2019,78,74.8661552761575,2018
"trend","9275",2019,79.6,69.9777916556787,2018
"trend","9277",2019,77,69.2271213123813,2018
"trend","9278",2019,76.8,73.1660410746969,2018
"trend","9279",2019,84.4,80.4739430812574,2018
"trend","9371",2019,56.6,62.2402708328224,2018
"trend","9372",2019,58.7,63.1239392939249,2018
"trend","9373",2019,61.6,65.1231363169876,2018
"trend","9374",2019,60,62.83141184826,2018
"trend","9375",2019,67.4,69.1896944703021,2018
"trend","9376",2019,57,64.703867048764,2018
"trend","9377",2019,71.7,69.2984695633472,2018
"trend","9471",2019,60.2,55.4617113706833,2018
"trend","9472",2019,60.8,62.2488806466387,2018
"trend","9473",2019,61.8,62.0052823897044,2018
"trend","9474",2019,65.9,61.6042522722899,2018
"trend","9475",2019,53.6,60.6826555134236,2018
"trend","9476",2019,31.3,55.6556741465647,2018
"trend","9477",2019,49.4,57.1497185415639,2018
"trend","9478",2019,50.5,58.5523065124932,2018
"trend","9479",2019,52.9,66.0666593513527,2018
"trend","9571",2019,63.9,65.8878557579504,2018
"trend","9572",2019,66.7,60.5581651593082,2018
"trend","9573",2019,68,66.167286959802,2018
"trend","9574",2019,52.6,52.2158601303722,2018
"trend","9575",2019,70.1,69.4769124883805,2018
"trend","9576",2019,50.2,53.8983300281806,2018
"trend","9577",2019,65.3,72.3200180801001,2018
"trend","9671",2019,63.8,65.1680215210748,2018
"trend","9672",2019,64.1,58.5621177205354,2018
"trend","9673",2019,66.3,61.2491354143029,2018
"trend","9674",2019,63.6,55.3792411993041,2018
"trend","9675",2019,68.2,65.2612503985283,2018
"trend","9676",2019,80,78.7806837570757,2018
"trend","9677",2019,65.3,64.3557678537711,2018
"trend","9678",2019,63.3,61.6009534009937,2018
"trend","9679",2019,68.1,70.4785572843611,2018
"trend","9771",2019,78.4,81.9565565226779,2018
"trend","9772",2019,64.2,73.9400064176305,2018
"trend","9773",2019,78.4,76.9689052753359,2018
"trend","9774",2019,77.9,75.5236882925115,2018
"trend","9775",2019,78.2,81.8118698008427,2018
"trend","9777",2019,89.8,77.414406010078,2018
"trend","9778",2019,79.4,78.0638878058011,2018
"trend","9779",2019,72.4,76.23139963368,2018
"persistence","1003",2019,100.8,74.5,2018
"persistence","1051",2019,92.2,55.9,2018
"persistence","1053",2019,86.7,60.8,2018
"persistence","1054",2019,89.7,56.1,2018
"persistence","1055",2019,96.6,71,2018
"persistence","1056",2019,85.4,49.6,2018
"persistence","1057",2019,91.7,62.7,2018
"persistence","1058",2019,91.8,68.8,2018
"persistence","1059",2019,88.3,66.2,2018
"persistence","1060",2019,89.1,52,2018
"persistence","1061",2019,80.1,58.3,2018
"persistence","1062",2019,84.8,53.4,2018
"persistence","12060",2019,53.2,43,2018
"persistence","12061",2019,49.3,43.1,2018
"persistence","12062",2019,50.8,44.1,2018
"persistence","12063",2019,48.9,45.7,2018
"persistence","12064",2019,63.4,53.4,2018
"persistence","12065",2019,45.5,38,2018
"persistence","12066",2019,34.3,30.6,2018
"persistence","12067",2019,52,41.6,2018
"persistence","12068",2019,50.3,47.5,2018
"persistence","12069",2019,47.4,35.5,2018
"persistence","12070",2019,49.3,50.7,2018
"persistence","12071",2019,43.4,40.1,2018
"persistence","12072",2019,50.4,44.7,2018
"persistence","12073",2019,67.3,48.6,2018
"persistence","13071",2019,73.1,53.8,2018
"persistence","13072",2019,81.2,53.5,2018
"persistence","13073",2019,93,68.2,2018
"persistence","13074",2019,88.5,60.9,2018
"persistence","13075",2019,81.1,54.4,2018
"persistence","13076",2019,60.6,43.9,2018
"persistence","14511",2019,77.8,74.4,2018
"persistence","14521",2019,67.3,59.6,2018
"persistence","14522",2019,80.7,66.1,2018
"persistence","14523",2019,66.7,57.4,2018
"persistence","14524",2019,83.4,69.8,2018
"persistence","14625",2019,72.8,58.8,2018
"persistence","14626",2019,76.4,55.4,2018
"persistence","14627",2019,70.9,60.2,2018
"persistence","14628",2019,70.6,58.3,2018
"persistence","14713",2019,72.3,67.3,2018
"persistence","14729",2019,78.7,64.5,2018
"persistence","14730",2019,64.8,58,2018
"persistence","15001",2019,48.5,33.8,2018
"persistence","15081",2019,58.4,39.5,2018
"persistence","15082",2019,53.1,42.4,2018
"persistence","15083",2019,79,69.9,2018
"persistence","15084",2019,77.3,75,2018
"persistence","15085",2019,76,68.6,2018
"persistence","15086",2019,58,45.6,2018
"persistence","15087",2019,68.1,56.4,2018
"persistence","15088",2019,62.2,69.3,2018
"persistence","15089",2019,66.6,59.2,2018
"persistence","15090",2019,57.3,46.4,2018
"persistence","15091",2019,56.2,43.7,2018
"persistence","16051",2019,71,68.7,2018
"persistence","16052",2019,96.6,75,2018
"persistence","16056",2019,68.4,55.6,2018
"persistence","16061",2019,83.2,61.3,2018
"persistence","16062",2019,81,61.7,2018
"persistence","16063",2019,76.2,57.6,2018
"persistence","16064",2019,75.7,65.6,2018
"persistence","16065",2019,66.9,65.1,2018
"persistence","16066",2019,69.2,61,2018
"persistence","16067",2019,81.4,73.6,2018
"persistence","16068",2019,63.1,62.7,2018
"persistence","16069",2019,66.7,43.8,2018
"persistence","16070",2019,62.5,55.8,2018
"persistence","16071",2019,76.7,66.6,2018
"persistence","16072",2019,65,64.5,2018
"persistence","16073",2019,68.5,57.9,2018
"persistence","16074",2019,78.9,68.8,2018
"persistence","16075",2019,77.7,70.8,2018
"persistence","16076",2019,78.5,72.9,2018
"persistence","16077",2019,91,78.8,2018
"persistence","3101",2019,79.5,61.8,2018
"persistence","3102",2019,91.9,94.5,2018
"persistence","3103",2019,77.6,48.6,2018
"persistence","3151",2019,73.8,61.1,2018
"persistence","3153",2019,84.9,79.6,2018
"persistence","3154",2019,77.4,62.7,2018
"persistence","3155",2019,82.9,69.7,2018
"persistence","3157",2019,86.1,77.4,2018
"persistence","3158",2019,86.9,69,2018
"persistence","3159",2019,79.3,65.5,2018
"persistence","3241",2019,72.2,60.7,2018
"persistence","3251",2019,70.1,60.8,2018
"persistence","3252",2019,82.5,68.3,2018
"persistence","3254",2019,75.1,72.3,2018
"persistence","3255",2019,75.8,61.9,2018
"persistence","3256",2019,74.6,58,2018
"persistence","3257",2019,84.6,72.3,2018
"persistence","3351",2019,59.5,64.4,2018
"persistence","3352",2019,80.2,51.8,2018
"persistence","3353",2019,64.2,48.7,2018
"persistence","3354",2019,62.3,43.6,2018
"persistence","3355",2019,60.8,45.9,2018
"persistence","3356",2019,78.2,52.3,2018
"persistence","3357",2019,65.7,39.1,2018
"persistence","3358",2019,64,46.6,2018
"persistence","3359",2019,81.3,55.4,2018
"persistence","3360",2019,68.6,57.8,2018
"persistence","3361",2019,74.3,38.8,2018
"persistence","3451",2019,70.7,57.6,2018
"persistence","3452",2019,85.9,58.7,2018
"persistence","3453",2019,68.6,56.8,2018
"persistence","3454",2019,58.7,58.7,2018
"persistence","3455",2019,83.8,72.6,2018
"persistence","3456",2019,57.1,61.4,2018
"persistence","3457",2019,88.9,78.7,2018
"persistence","3458",2019,63.6,49.6,2018
"persistence","3459",2019,72,68.6,2018
"persistence","3460",2019,59.1,45.3,2018
"persistence","3462",2019,71.5,76.3,2018
"persistence","5116",2019,96.8,88.9,2018
"persistence","5154",2019,82.1,72.9,2018
"persistence","5158",2019,80.2,77.7,2018
"persistence","5162",2019,94.8,85.1,2018
"persistence","5166",2019,81.8,75.7,2018
"persistence","5170",2019,77.8,65.9,2018
"persistence","5334",2019,89.5,89.6,2018
"persistence","5358",2019,92.1,81,2018
"persistence","5362",2019,91.9,84.2,2018
"persistence","5366",2019,82.5,76.3,2018
"persistence","5370",2019,88.6,81.4,2018
"persistence","5382",2019,88.3,80.1,2018
"persistence","5515",2019,84,75.7,2018
"persistence","5554",2019,71,69.7,2018
"persistence","5558",2019,80.5,73.2,2018
"persistence","5562",2019,75.8,60.4,2018
"persistence","5566",2019,63.6,61.3,2018
"persistence","5570",2019,69.1,57,2018
"persistence","5711",2019,73.5,70.1,2018
"persistence","5754",2019,62.8,58.2,2018
"persistence","5758",2019,78,71.2,2018
"persistence","5762",2019,80.7,73.3,2018
"persistence","5766",2019,78.4,68.6,2018
"persistence","5770",2019,73.9,66.7,2018
"persistence","5774",2019,73.6,61.7,2018
"persistence","5915",2019,83.4,78.1,2018
"persistence","5958",2019,67.8,64.3,2018
"persistence","5962",2019,60.5,70.3,2018
"persistence","5974",2019,82.2,77.6,2018
"persistence","5978",2019,78.1,68.4,2018
"persistence","6432",2019,64.8,62.8,2018
"persistence","6433",2019,68.6,60.6,2018
"persistence","6435",2019,69.3,58.4,2018
"persistence","6439",2019,75.6,60.1,2018
"persistence","6440",2019,70,58,2018
"persistence","6531",2019,67.3,54.7,2018
"persistence","6533",2019,70.7,63,2018
"persistence","6534",2019,71,53.1,2018
"persistence","6535",2019,67.6,55.2,2018
"persistence","6631",2019,65.6,57.4,2018
"persistence","6632",2019,70.4,52.8,2018
"persistence","6633",2019,75,59.8,2018
"persistence","6634",2019,74.6,57.5,2018
"persistence","6635",2019,66.4,58,2018
"persistence","6636",2019,68.7,56.6,2018
"persistence","7131",2019,86.7,73.4,2018
"persistence","7134",2019,63.8,53.1,2018
"persistence","7135",2019,80.4,67.6,2018
"persistence","7137",2019,87,77.5,2018
"persistence","7140",2019,86.2,70.6,2018
"persistence","7141",2019,79.1,66.8,2018
"persistence","7231",2019,80.5,62.6,2018
"persistence","7232",2019,72.2,63.1,2018
"persistence","7233",2019,81.2,56.3,2018
"persistence","7235",2019,81.6,76.2,2018
"persistence","7331",2019,77.6,76.8,2018
"persistence","7333",2019,77.2,70.8,2018
"persistence","7336",2019,71.1,64.3,2018
"persistence","7340",2019,79.6,65.2,2018
"persistence","8115",2019,69.2,66.9,2018
"persistence","8116",2019,69.3,65.7,2018
"persistence","8117",2019,79.1,74.1,2018
"persistence","8118",2019,80.9,70.6,2018
"persistence","8119",2019,70.6,59.2,2018
"persistence","8125",2019,78.7,75,2018
"persistence","8126",2019,74.9,65.6,2018
"persistence","8127",2019,77.3,64.2,2018
"persistence","8128",2019,65.9,63.1,2018
"persistence","8136",2019,70.6,68.4,2018
"persistence","8215",2019,71.9,65.5,2018
"persistence","8225",2019,68.9,61.2,2018
"persistence","8226",2019,72.4,68.4,2018
"persistence","8236",2019,77.5,71.7,2018
"persistence","8237",2019,79.1,72,2018
"persistence","8315",2019,79.6,66.6,2018
"persistence","8317",2019,75.3,76.8,2018
"persistence","8325",2019,78.8,75.6,2018
"persistence","8326",2019,70.1,65.4,2018
"persistence","8327",2019,74.9,67.2,2018
"persistence","8337",2019,72.4,68.2,2018
"persistence","8415",2019,71.9,67.4,2018
"persistence","8416",2019,81.8,77.8,2018
"persistence","8417",2019,70,66.6,2018
"persistence","8425",2019,74.9,68.3,2018
"persistence","8426",2019,76.4,74.7,2018
"persistence","8435",2019,70,62.6,2018
"persistence","8436",2019,69.5,77.2,2018
"persistence","8437",2019,80.2,75.3,2018
"persistence","9161",2019,71.2,72.8,2018
"persistence","9171",2019,78.4,78.8,2018
"persistence","9174",2019,78.8,77.6,2018
"persistence","9175",2019,73,68,2018
"persistence","9176",2019,71.9,61.1,2018
"persistence","9177",2019,82.6,71.2,2018
"persistence","9178",2019,76.5,71.3,2018
"persistence","9179",2019,76.2,77.8,2018
"persistence","9181",2019,67.3,74.6,2018
"persistence","9183",2019,73.5,84.3,2018
"persistence","9184",2019,58.4,63.8,2018
"persistence","9185",2019,79.3,75.2,2018
"persistence","9186",2019,68.2,64.9,2018
"persistence","9187",2019,65.9,66,2018
"persistence","9189",2019,78.2,73.8,2018
"persistence","9190",2019,56.5,64.2,2018
"persistence","9271",2019,83.7,79.1,2018
"persistence","9272",2019,49.2,66,2018
"persistence","9273",2019,72.7,67.2,2018
"persistence","9274",2019,78,73,2018
"persistence","9275",2019,79.6,67.1,2018
"persistence","9277",2019,77,69.1,2018
"persistence","9278",2019,76.8,67.3,2018
"persistence","9279",2019,84.4,79.8,2018
"persistence","9371",2019,56.6,43.4,2018
"persistence","9372",2019,58.7,49.3,2018
"persistence","9373",2019,61.6,53.9,2018
"persistence","9374",2019,60,42.9,2018
"persistence","9375",2019,67.4,60.6,2018
"persistence","9376",2019,57,45.2,2018
"persistence","9377",2019,71.7,58.3,2018
"persistence","9471",2019,60.2,42.6,2018
"persistence","9472",2019,60.8,49.4,2018
"persistence","9473",2019,61.8,48.4,2018
"persistence","9474",2019,65.9,46.9,2018
"persistence","9475",2019,53.6,55.4,2018
"persistence","9476",2019,31.3,43.9,2018
"persistence","9477",2019,49.4,41.7,2018
"persistence","9478",2019,50.5,41.4,2018
"persistence","9479",2019,52.9,60.3,2018
"persistence","9571",2019,63.9,56.4,2018
"persistence","9572",2019,66.7,49.2,2018
"persistence","9573",2019,68,61.9,2018
"persistence","9574",2019,52.6,36.5,2018
"persistence","9575",2019,70.1,58.3,2018
"persistence","9576",2019,50.2,41.9,2018
"persistence","9577",2019,65.3,64.5,2018
"persistence","9671",2019,63.8,55.3,2018
"persistence","9672",2019,64.1,56.3,2018
"persistence","9673",2019,66.3,52.4,2018
"persistence","9674",2019,63.6,43.9,2018
"persistence","9675",2019,68.2,56.3,2018
"persistence","9676",2019,80,79.3,2018
"persistence","9677",2019,65.3,65.1,2018
"persistence","9678",2019,63.3,55.4,2018
"persistence","9679",2019,68.1,65.6,2018
"persistence","9771",2019,78.4,74.4,2018
"persistence","9772",2019,64.2,66.8,2018
"persistence","9773",2019,78.4,79.7,2018
"persistence","9774",2019,77.9,77.6,2018
"persistence","9775",2019,78.2,79.2,2018
"persistence","9777",2019,89.8,98.3,2018
"persistence","9778",2019,79.4,83.7,2018
"persistence","9779",2019,72.4,73.9,2018
"panel_ridge","1003",2019,100.8,88.9075378689803,2018
"panel_ridge","1051",2019,92.2,87.7271634331537,2018
"panel_ridge","1053",2019,86.7,80.8458776747152,2018
"panel_ridge","1054",2019,89.7,84.5744243817967,2018
"panel_ridge","1055",2019,96.6,91.238674335817,2018
"panel_ridge","1056",2019,85.4,79.6277674261097,2018
"panel_ridge","1057",2019,91.7,88.3663728260099,2018
"panel_ridge","1058",2019,91.8,92.3957150107453,2018
"panel_ridge","1059",2019,88.3,92.9770294785037,2018
"panel_ridge","1060",2019,89.1,80.3074401053063,2018
"panel_ridge","1061",2019,80.1,83.8662449546469,2018
"panel_ridge","1062",2019,84.8,79.5855548322903,2018
"panel_ridge","12060",2019,53.2,52.144853385464,2018
"panel_ridge","12061",2019,49.3,53.8719481238953,2018
"panel_ridge","12062",2019,50.8,51.8876862107725,2018
"panel_ridge","12063",2019,48.9,59.1715200739806,2018
"panel_ridge","12064",2019,63.4,64.0742198570535,2018
"panel_ridge","12065",2019,45.5,50.377378162126,2018
"panel_ridge","12066",2019,34.3,47.9231044254375,2018
"panel_ridge","12067",2019,52,56.4230953746655,2018
"panel_ridge","12068",2019,50.3,57.2669308859112,2018
"panel_ridge","12069",2019,47.4,54.9482629393565,2018
"panel_ridge","12070",2019,49.3,66.1791760809455,2018
"panel_ridge","12071",2019,43.4,48.4972422759734,2018
"panel_ridge","12072",2019,50.4,56.7823099955519,2018
"panel_ridge","12073",2019,67.3,66.0516800732572,2018
"panel_ridge","13071",2019,73.1,69.0932880016886,2018
"panel_ridge","13072",2019,81.2,70.979159880226,2018
"panel_ridge","13073",2019,93,79.1764563646827,2018
"panel_ridge","13074",2019,88.5,79.5769795882931,2018
"panel_ridge","13075",2019,81.1,70.1744067753326,2018
"panel_ridge","13076",2019,60.6,62.366388126014,2018
"panel_ridge","14511",2019,77.8,89.3451677999857,2018
"panel_ridge","14521",2019,67.3,66.6591383804745,2018
"panel_ridge","14522",2019,80.7,76.0993118970672,2018
"panel_ridge","14523",2019,66.7,68.6587458420798,2018
"panel_ridge","14524",2019,83.4,77.5189208707696,2018
"panel_ridge","14625",2019,72.8,71.0486143730807,2018
"panel_ridge","14626",2019,76.4,70.3267589271572,2018
"panel_ridge","14627",2019,70.9,66.3649817402105,2018
"panel_ridge","14628",2019,70.6,67.9705147839948,2018
"panel_ridge","14713",2019,72.3,75.4098781171447,2018
"panel_ridge","14729",2019,78.7,76.1079407711366,2018
"panel_ridge","14730",2019,64.8,69.918444151038,2018
"panel_ridge","15001",2019,48.5,56.1776210197379,2018
"panel_ridge","15081",2019,58.4,59.4114781629181,2018
"panel_ridge","15082",2019,53.1,64.1805424320828,2018
"panel_ridge","15083",2019,79,81.3739453710605,2018
"panel_ridge","15084",2019,77.3,82.2482963960912,2018
"panel_ridge","15085",2019,76,77.4401617280368,2018
"panel_ridge","15086",2019,58,58.5988798535671,2018
"panel_ridge","15087",2019,68.1,70.8043529368643,2018
"panel_ridge","15088",2019,62.2,83.4412748715583,2018
"panel_ridge","15089",2019,66.6,72.0591105448558,2018
"panel_ridge","15090",2019,57.3,62.6409003050547,2018
"panel_ridge","15091",2019,56.2,58.5746753824607,2018
"panel_ridge","16051",2019,71,76.8658421502612,2018
"panel_ridge","16052",2019,96.6,86.2154959958475,2018
"panel_ridge","16056",2019,68.4,62.7855759891294,2018
"panel_ridge","16061",2019,83.2,74.3065270626308,2018
"panel_ridge","16062",2019,81,73.9481676218139,2018
"panel_ridge","16063",2019,76.2,63.6731498749595,2018
"panel_ridge","16064",2019,75.7,73.2262561135454,2018
"panel_ridge","16065",2019,66.9,74.3844849765035,2018
"panel_ridge","16066",2019,69.2,64.2532832785694,2018
"panel_ridge","16067",2019,81.4,79.6955319803112,2018
"panel_ridge","16068",2019,63.1,72.573244847548,2018
"panel_ridge","16069",2019,66.7,54.583398085736,2018
"panel_ridge","16070",2019,62.5,64.5911963774022,2018
"panel_ridge","16071",2019,76.7,75.7211160294911,2018
"panel_ridge","16072",2019,65,59.8184242580233,2018
"panel_ridge","16073",2019,68.5,65.8395471285211,2018
"panel_ridge","16074",2019,78.9,73.1656821367902,2018
"panel_ridge","16075",2019,77.7,80.3603057852361,2018
"panel_ridge","16076",2019,78.5,80.8394404171359,2018
"panel_ridge","16077",2019,91,85.925149830969,2018
"panel_ridge","3101",2019,79.5,78.1235518706253,2018
"panel_ridge","3102",2019,91.9,84.5867048414368,2018
"panel_ridge","3103",2019,77.6,70.8835730902544,2018
"panel_ridge","3151",2019,73.8,73.5906603305581,2018
"panel_ridge","3153",2019,84.9,81.8321874932841,2018
"panel_ridge","3154",2019,77.4,76.2532114492095,2018
"panel_ridge","3155",2019,82.9,80.7728899744529,2018
"panel_ridge","3157",2019,86.1,84.3520957878253,2018
"panel_ridge","3158",2019,86.9,83.6596051790003,2018
"panel_ridge","3159",2019,79.3,77.3244510321851,2018
"panel_ridge","3241",2019,72.2,74.3153640920163,2018
"panel_ridge","3251",2019,70.1,74.545471732635,2018
"panel_ridge","3252",2019,82.5,79.4919749317462,2018
"panel_ridge","3254",2019,75.1,83.0538880980748,2018
"panel_ridge","3255",2019,75.8,76.2131742905701,2018
"panel_ridge","3256",2019,74.6,71.5418641893503,2018
"panel_ridge","3257",2019,84.6,82.8645398358014,2018
"panel_ridge","3351",2019,59.5,73.8038368794112,2018
"panel_ridge","3352",2019,80.2,73.4783725467312,2018
"panel_ridge","3353",2019,64.2,69.3513479521667,2018
"panel_ridge","3354",2019,62.3,67.762168142699,2018
"panel_ridge","3355",2019,60.8,68.4499534593016,2018
"panel_ridge","3356",2019,78.2,68.9457625376439,2018
"panel_ridge","3357",2019,65.7,66.9637076615867,2018
"panel_ridge","3358",2019,64,68.8313906721352,2018
"panel_ridge","3359",2019,81.3,74.1084048600569,2018
"panel_ridge","3360",2019,68.6,72.9134684704543,2018
"panel_ridge","3361",2019,74.3,68.1531033366532,2018
"panel_ridge","3451",2019,70.7,71.11654983649,2018
"panel_ridge","3452",2019,85.9,82.7852406364793,2018
"panel_ridge","3453",2019,68.6,70.6948947816627,2018
"panel_ridge","3454",2019,58.7,68.4873387705534,2018
"panel_ridge","3455",2019,83.8,88.5556091493807,2018
"panel_ridge","3456",2019,57.1,68.1880338293328,2018
"panel_ridge","3457",2019,88.9,88.8124381618575,2018
"panel_ridge","3458",2019,63.6,69.5760535843523,2018
"panel_ridge","3459",2019,72,76.1486534077959,2018
"panel_ridge","3460",2019,59.1,68.8992565506635,2018
"panel_ridge","3462",2019,71.5,80.1460593200757,2018
"panel_ridge","5116",2019,96.8,83.654878949803,2018
"panel_ridge","5154",2019,82.1,82.3969689120663,2018
"panel_ridge","5158",2019,80.2,86.1485830254243,2018
"panel_ridge","5162",2019,94.8,82.4833681240833,2018
"panel_ridge","5166",2019,81.8,84.8450001368266,2018
"panel_ridge","5170",2019,77.8,75.3415299655619,2018
"panel_ridge","5334",2019,89.5,84.8927681171136,2018
"panel_ridge","5358",2019,92.1,83.7153180638717,2018
"panel_ridge","5362",2019,91.9,87.165045309588,2018
"panel_ridge","5366",2019,82.5,78.6483027591603,2018
"panel_ridge","5370",2019,88.6,80.7116277256281,2018
"panel_ridge","5382",2019,88.3,80.0070039848744,2018
"panel_ridge","5515",2019,84,80.99789296582,2018
"panel_ridge","5554",2019,71,76.3018664902389,2018
"panel_ridge","5558",2019,80.5,79.0816182615748,2018
"panel_ridge","5562",2019,75.8,67.946203946107,2018
"panel_ridge","5566",2019,63.6,65.3186507920886,2018
"panel_ridge","5570",2019,69.1,71.8237977545555,2018
"panel_ridge","5711",2019,73.5,79.0879670000129,2018
"panel_ridge","5754",2019,62.8,70.9726580056105,2018
"panel_ridge","5758",2019,78,81.1928150162927,2018
"panel_ridge","5762",2019,80.7,78.2035148114892,2018
"panel_ridge","5766",2019,78.4,78.3325906752744,2018
"panel_ridge","5770",2019,73.9,78.2066081400216,2018
"panel_ridge","5774",2019,73.6,69.4529143641871,2018
"panel_ridge","5915",2019,83.4,79.5070995323289,2018
"panel_ridge","5958",2019,67.8,69.9468796132951,2018
"panel_ridge","5962",2019,60.5,63.7418602696186,2018
"panel_ridge","5974",2019,82.2,82.8699342534907,2018
"panel_ridge","5978",2019,78.1,82.0714752220262,2018
"panel_ridge","6432",2019,64.8,63.2905086398747,2018
"panel_ridge","6433",2019,68.6,62.7195722093267,2018
"panel_ridge","6435",2019,69.3,66.900889451362,2018
"panel_ridge","6439",2019,75.6,63.7944457446239,2018
"panel_ridge","6440",2019,70,69.1604769050269,2018
"panel_ridge","6531",2019,67.3,66.858081769057,2018
"panel_ridge","6533",2019,70.7,66.4933554476858,2018
"panel_ridge","6534",2019,71,63.395447871735,2018
"panel_ridge","6535",2019,67.6,64.0975594544479,2018
"panel_ridge","6631",2019,65.6,64.7903957926063,2018
"panel_ridge","6632",2019,70.4,61.6777664758665,2018
"panel_ridge","6633",2019,75,68.2578103693708,2018
"panel_ridge","6634",2019,74.6,69.2544312942508,2018
"panel_ridge","6635",2019,66.4,65.068376741211,2018
"panel_ridge","6636",2019,68.7,61.4151648941131,2018
"panel_ridge","7131",2019,86.7,70.5319257515828,2018
"panel_ridge","7134",2019,63.8,61.7129170241932,2018
"panel_ridge","7135",2019,80.4,69.0153178439053,2018
"panel_ridge","7137",2019,87,78.0329615117653,2018
"panel_ridge","7140",2019,86.2,73.7126690851207,2018
"panel_ridge","7141",2019,79.1,71.8592182329817,2018
"panel_ridge","7231",2019,80.5,65.264008990972,2018
"panel_ridge","7232",2019,72.2,67.3228629394754,2018
"panel_ridge","7233",2019,81.2,62.9347691142635,2018
"panel_ridge","7235",2019,81.6,76.7550340751205,2018
"panel_ridge","7331",2019,77.6,73.4675662100954,2018
"panel_ridge","7333",2019,77.2,67.5659122800173,2018
"panel_ridge","7336",2019,71.1,61.4064821834286,2018
"panel_ridge","7340",2019,79.6,67.0446983000336,2018
"panel_ridge","8115",2019,69.2,73.8061493263907,2018
"panel_ridge","8116",2019,69.3,70.3592413074519,2018
"panel_ridge","8117",2019,79.1,75.5375244924472,2018
"panel_ridge","8118",2019,80.9,74.3287017994122,2018
"panel_ridge","8119",2019,70.6,66.6100103488186,2018
"panel_ridge","8125",2019,78.7,75.9301939349986,2018
"panel_ridge","8126",2019,74.9,69.1322303670669,2018
"panel_ridge","8127",2019,77.3,72.5783133702484,2018
"panel_ridge","8128",2019,65.9,61.7118259714907,2018
"panel_ridge","8136",2019,70.6,72.7069074188481,2018
"panel_ridge","8215",2019,71.9,67.508855750189,2018
"panel_ridge","8225",2019,68.9,61.9414414402205,2018
"panel_ridge","8226",2019,72.4,71.7254431407524,2018
"panel_ridge","8236",2019,77.5,71.8140540268146,2018
"panel_ridge","8237",2019,79.1,73.9732616304826,2018
"panel_ridge","8315",2019,79.6,79.5083454600381,2018
"panel_ridge","8317",2019,75.3,73.1916971766358,2018
"panel_ridge","8325",2019,78.8,72.3058847967927,2018
"panel_ridge","8326",2019,70.1,73.9881799415116,2018
"panel_ridge","8327",2019,74.9,75.3533600905806,2018
"panel_ridge","8337",2019,72.4,71.3053699850638,2018
"panel_ridge","8415",2019,71.9,68.2313200323386,2018
"panel_ridge","8416",2019,81.8,74.4335927234041,2018
"panel_ridge","8417",2019,70,67.2109088483876,2018
"panel_ridge","8425",2019,74.9,76.1196833023817,2018
"panel_ridge","8426",2019,76.4,79.7516814957746,2018
"panel_ridge","8435",2019,70,75.6842759316858,2018
"panel_ridge","8436",2019,69.5,78.0429022210874,2018
"panel_ridge","8437",2019,80.2,79.754587230943,2018
"panel_ridge","9161",2019,71.2,67.1504111923881,2018
"panel_ridge","9171",2019,78.4,70.229238955223,2018
"panel_ridge","9174",2019,78.8,75.8906824322581,2018
"panel_ridge","9175",2019,73,68.5014247278657,2018
"panel_ridge","9176",2019,71.9,69.5484322641553,2018
"panel_ridge","9177",2019,82.6,73.0603456016601,2018
"panel_ridge","9178",2019,76.5,73.2155327999572,2018
"panel_ridge","9179",2019,76.2,76.3372272709761,2018
"panel_ridge","9181",2019,67.3,77.0959682781269,2018
"panel_ridge","9183",2019,73.5,73.9875185278344,2018
"panel_ridge","9184",2019,58.4,68.4099965992661,2018
"panel_ridge","9185",2019,79.3,72.3703523651364,2018
"panel_ridge","9186",2019,68.2,69.0871006827829,2018
"panel_ridge","9187",2019,65.9,63.2950950629887,2018
"panel_ridge","9189",2019,78.2,71.8957581852107,2018
"panel_ridge","9190",2019,56.5,64.6857791701209,2018
"panel_ridge","9271",2019,83.7,72.0452727587732,2018
"panel_ridge","9272",2019,49.2,48.2146314425113,2018
"panel_ridge","9273",2019,72.7,72.4226754042784,2018
"panel_ridge","9274",2019,78,73.8631219524146,2018
"panel_ridge","9275",2019,79.6,66.9642603756581,2018
"panel_ridge","9277",2019,77,67.0556853130695,2018
"panel_ridge","9278",2019,76.8,70.8708753403576,2018
"panel_ridge","9279",2019,84.4,78.0086706758285,2018
"panel_ridge","9371",2019,56.6,62.5204528233823,2018
"panel_ridge","9372",2019,58.7,63.1208551247144,2018
"panel_ridge","9373",2019,61.6,63.0711704079606,2018
"panel_ridge","9374",2019,60,64.0733571863612,2018
"panel_ridge","9375",2019,67.4,66.4562896653167,2018
"panel_ridge","9376",2019,57,64.4946035491269,2018
"panel_ridge","9377",2019,71.7,70.1251155746338,2018
"panel_ridge","9471",2019,60.2,57.9553891524572,2018
"panel_ridge","9472",2019,60.8,63.9317690648911,2018
"panel_ridge","9473",2019,61.8,63.8303860331281,2018
"panel_ridge","9474",2019,65.9,63.0728695503301,2018
"panel_ridge","9475",2019,53.6,62.4896360405102,2018
"panel_ridge","9476",2019,31.3,57.8386437374486,2018
"panel_ridge","9477",2019,49.4,59.3531339888007,2018
"panel_ridge","9478",2019,50.5,60.6560299908701,2018
"panel_ridge","9479",2019,52.9,67.619812347621,2018
"panel_ridge","9571",2019,63.9,65.0511434527495,2018
"panel_ridge","9572",2019,66.7,61.6397369880947,2018
"panel_ridge","9573",2019,68,65.5911930935432,2018
"panel_ridge","9574",2019,52.6,52.8865712427171,2018
"panel_ridge","9575",2019,70.1,70.1269124706285,2018
"panel_ridge","9576",2019,50.2,52.9694314057274,2018
"panel_ridge","9577",2019,65.3,70.7478203169682,2018
"panel_ridge","9671",2019,63.8,66.54246112796,2018
"panel_ridge","9672",2019,64.1,59.7026540641282,2018
"panel_ridge","9673",2019,66.3,62.2929352642074,2018
"panel_ridge","9674",2019,63.6,56.14030688388,2018
"panel_ridge","9675",2019,68.2,66.62710831072,2018
"panel_ridge","9676",2019,80,78.0069594403678,2018
"panel_ridge","9677",2019,65.3,64.7763136596942,2018
"panel_ridge","9678",2019,63.3,61.738700493714,2018
"panel_ridge","9679",2019,68.1,70.8742418907875,2018
"panel_ridge","9771",2019,78.4,80.9855831499087,2018
"panel_ridge","9772",2019,64.2,73.8265005161278,2018
"panel_ridge","9773",2019,78.4,77.0579770623725,2018
"panel_ridge","9774",2019,77.9,77.9137371802864,2018
"panel_ridge","9775",2019,78.2,83.5768077804831,2018
"panel_ridge","9777",2019,89.8,77.7010602783752,2018
"panel_ridge","9778",2019,79.4,79.5156289330334,2018
"panel_ridge","9779",2019,72.4,73.5126291443331,2018
"local_ridge","1003",2019,100.8,82.2391823393816,2018
"local_ridge","1051",2019,92.2,74.6887186109505,2018
"local_ridge","1053",2019,86.7,77.0502482981987,2018
"local_ridge","1054",2019,89.7,74.1314617425026,2018
"local_ridge","1055",2019,96.6,85.621643854371,2018
"local_ridge","1056",2019,85.4,69.3051790587796,2018
"local_ridge","1057",2019,91.7,80.7793791520478,2018
"local_ridge","1058",2019,91.8,81.608843261073,2018
"local_ridge","1059",2019,88.3,80.3674528432218,2018
"local_ridge","1060",2019,89.1,73.8803433326351,2018
"local_ridge","1061",2019,80.1,72.6498407915337,2018
"local_ridge","1062",2019,84.8,73.7283421075957,2018
"local_ridge","12060",2019,53.2,50.0396673470308,2018
"local_ridge","12061",2019,49.3,50.4505054227716,2018
"local_ridge","12062",2019,50.8,50.2073469913603,2018
"local_ridge","12063",2019,48.9,55.5756121698474,2018
"local_ridge","12064",2019,63.4,56.8017818459802,2018
"local_ridge","12065",2019,45.5,45.6297947924059,2018
"local_ridge","12066",2019,34.3,41.5779213774776,2018
"local_ridge","12067",2019,52,48.0181113919329,2018
"local_ridge","12068",2019,50.3,54.6563632004757,2018
"local_ridge","12069",2019,47.4,50.9470505940901,2018
"local_ridge","12070",2019,49.3,59.0009438906407,2018
"local_ridge","12071",2019,43.4,44.0028014322004,2018
"local_ridge","12072",2019,50.4,53.9021908771684,2018
"local_ridge","12073",2019,67.3,63.124202326539,2018
"local_ridge","13071",2019,73.1,64.977714116289,2018
"local_ridge","13072",2019,81.2,68.1342218056302,2018
"local_ridge","13073",2019,93,73.9918415535062,2018
"local_ridge","13074",2019,88.5,73.9815314581385,2018
"local_ridge","13075",2019,81.1,66.3212643407916,2018
"local_ridge","13076",2019,60.6,57.8469362054733,2018
"local_ridge","14511",2019,77.8,75.0775817425705,2018
"local_ridge","14521",2019,67.3,59.6893161774738,2018
"local_ridge","14522",2019,80.7,68.3498065316117,2018
"local_ridge","14523",2019,66.7,60.0418546577597,2018
"local_ridge","14524",2019,83.4,70.5424975273682,2018
"local_ridge","14625",2019,72.8,61.7499507306055,2018
"local_ridge","14626",2019,76.4,62.389359243045,2018
"local_ridge","14627",2019,70.9,62.5499792953667,2018
"local_ridge","14628",2019,70.6,60.4610804811912,2018
"local_ridge","14713",2019,72.3,70.910069295643,2018
"local_ridge","14729",2019,78.7,69.6297523414991,2018
"local_ridge","14730",2019,64.8,65.1267464845632,2018
"local_ridge","15001",2019,48.5,53.0467299303936,2018
"local_ridge","15081",2019,58.4,53.3954926680115,2018
"local_ridge","15082",2019,53.1,61.7976584831898,2018
"local_ridge","15083",2019,79,76.7565522177313,2018
"local_ridge","15084",2019,77.3,75.8054520412572,2018
"local_ridge","15085",2019,76,75.918128261727,2018
"local_ridge","15086",2019,58,56.2749029306245,2018
"local_ridge","15087",2019,68.1,68.0054903412077,2018
"local_ridge","15088",2019,62.2,77.2972166341751,2018
"local_ridge","15089",2019,66.6,70.6709761063511,2018
"local_ridge","15090",2019,57.3,56.5697251182183,2018
"local_ridge","15091",2019,56.2,57.1936241134243,2018
"local_ridge","16051",2019,71,72.4810347072097,2018
"local_ridge","16052",2019,96.6,77.0015177387669,2018
"local_ridge","16056",2019,68.4,61.2770209110751,2018
"local_ridge","16061",2019,83.2,69.9651199477465,2018
"local_ridge","16062",2019,81,68.6559449307361,2018
"local_ridge","16063",2019,76.2,61.2080103255449,2018
"local_ridge","16064",2019,75.7,68.1428257580577,2018
"local_ridge","16065",2019,66.9,69.6393035448611,2018
"local_ridge","16066",2019,69.2,57.8443188696103,2018
"local_ridge","16067",2019,81.4,74.1562448966074,2018
"local_ridge","16068",2019,63.1,69.667456472924,2018
"local_ridge","16069",2019,66.7,51.7360877536365,2018
"local_ridge","16070",2019,62.5,60.9881053840801,2018
"local_ridge","16071",2019,76.7,71.3563111374064,2018
"local_ridge","16072",2019,65,56.2505097745177,2018
"local_ridge","16073",2019,68.5,60.6871105076126,2018
"local_ridge","16074",2019,78.9,67.4911822180001,2018
"local_ridge","16075",2019,77.7,70.6777361237837,2018
"local_ridge","16076",2019,78.5,72.2467608279693,2018
"local_ridge","16077",2019,91,77.9145660706748,2018
"local_ridge","3101",2019,79.5,71.961821708193,2018
"local_ridge","3102",2019,91.9,85.5155239389407,2018
"local_ridge","3103",2019,77.6,64.4627719064782,2018
"local_ridge","3151",2019,73.8,67.1018824314595,2018
"local_ridge","3153",2019,84.9,78.9398317900928,2018
"local_ridge","3154",2019,77.4,72.2990579440911,2018
"local_ridge","3155",2019,82.9,76.1808045934264,2018
"local_ridge","3157",2019,86.1,77.5388624769943,2018
"local_ridge","3158",2019,86.9,79.0963908175453,2018
"local_ridge","3159",2019,79.3,73.1137575098122,2018
"local_ridge","3241",2019,72.2,68.8930365157426,2018
"local_ridge","3251",2019,70.1,67.337597350674,2018
"local_ridge","3252",2019,82.5,74.8545526848834,2018
"local_ridge","3254",2019,75.1,79.4762988023966,2018
"local_ridge","3255",2019,75.8,71.5637905978528,2018
"local_ridge","3256",2019,74.6,65.0733310408791,2018
"local_ridge","3257",2019,84.6,75.7527474643957,2018
"local_ridge","3351",2019,59.5,66.0611947794016,2018
"local_ridge","3352",2019,80.2,63.4088753553031,2018
"local_ridge","3353",2019,64.2,61.1241362792653,2018
"local_ridge","3354",2019,62.3,60.0912678467045,2018
"local_ridge","3355",2019,60.8,61.1111202026239,2018
"local_ridge","3356",2019,78.2,61.1926476661284,2018
"local_ridge","3357",2019,65.7,57.9672433234253,2018
"local_ridge","3358",2019,64,59.6365332200509,2018
"local_ridge","3359",2019,81.3,66.2430382427908,2018
"local_ridge","3360",2019,68.6,67.5758909884057,2018
"local_ridge","3361",2019,74.3,62.0260801419973,2018
"local_ridge","3451",2019,70.7,61.1869606785082,2018
"local_ridge","3452",2019,85.9,68.816909958349,2018
"local_ridge","3453",2019,68.6,61.5382429080257,2018
"local_ridge","3454",2019,58.7,60.2283069159353,2018
"local_ridge","3455",2019,83.8,72.4859558204488,2018
"local_ridge","3456",2019,57.1,60.4209382945015,2018
"local_ridge","3457",2019,88.9,71.9434088476099,2018
"local_ridge","3458",2019,63.6,61.0941333071516,2018
"local_ridge","3459",2019,72,67.7837689464629,2018
"local_ridge","3460",2019,59.1,61.1220118507964,2018
"local_ridge","3462",2019,71.5,67.7703314389069,2018
"local_ridge","5116",2019,96.8,79.2245340197911,2018
"local_ridge","5154",2019,82.1,71.400026169388,2018
"local_ridge","5158",2019,80.2,72.8635822418897,2018
"local_ridge","5162",2019,94.8,79.1255572074891,2018
"local_ridge","5166",2019,81.8,75.198489070553,2018
"local_ridge","5170",2019,77.8,66.5884355608647,2018
"local_ridge","5334",2019,89.5,82.0075756844252,2018
"local_ridge","5358",2019,92.1,81.3795025993352,2018
"local_ridge","5362",2019,91.9,83.3201654540203,2018
"local_ridge","5366",2019,82.5,76.4347105488683,2018
"local_ridge","5370",2019,88.6,78.8428598858899,2018
"local_ridge","5382",2019,88.3,76.4454620105686,2018
"local_ridge","5515",2019,84,72.3381878878366,2018
"local_ridge","5554",2019,71,68.8450905812468,2018
"local_ridge","5558",2019,80.5,72.801914041614,2018
"local_ridge","5562",2019,75.8,65.0285666208675,2018
"local_ridge","5566",2019,63.6,61.4272315790331,2018
"local_ridge","5570",2019,69.1,66.4377116917842,2018
"local_ridge","5711",2019,73.5,70.4566355100072,2018
"local_ridge","5754",2019,62.8,65.1106337683533,2018
"local_ridge","5758",2019,78,72.363407695618,2018
"local_ridge","5762",2019,80.7,74.3957088265777,2018
"local_ridge","5766",2019,78.4,73.576212664933,2018
"local_ridge","5770",2019,73.9,69.564920042661,2018
"local_ridge","5774",2019,73.6,66.5600329536016,2018
"local_ridge","5915",2019,83.4,72.0501400420887,2018
"local_ridge","5958",2019,67.8,65.7569203323404,2018
"local_ridge","5962",2019,60.5,61.0263420369889,2018
"local_ridge","5974",2019,82.2,76.3927418689679,2018
"local_ridge","5978",2019,78.1,74.6882898452612,2018
"local_ridge","6432",2019,64.8,63.3436735922173,2018
"local_ridge","6433",2019,68.6,59.250034733267,2018
"local_ridge","6435",2019,69.3,63.2187240528398,2018
"local_ridge","6439",2019,75.6,61.0340720015311,2018
"local_ridge","6440",2019,70,66.8218334186845,2018
"local_ridge","6531",2019,67.3,61.5770773085873,2018
"local_ridge","6533",2019,70.7,61.8608831944465,2018
"local_ridge","6534",2019,71,62.4316105039467,2018
"local_ridge","6535",2019,67.6,63.1409083237638,2018
"local_ridge","6631",2019,65.6,62.2748811659541,2018
"local_ridge","6632",2019,70.4,59.0279482209891,2018
"local_ridge","6633",2019,75,67.0400772462206,2018
"local_ridge","6634",2019,74.6,66.5700646097879,2018
"local_ridge","6635",2019,66.4,62.9019116443466,2018
"local_ridge","6636",2019,68.7,61.9868423420592,2018
"local_ridge","7131",2019,86.7,60.448975435128,2018
"local_ridge","7134",2019,63.8,54.0323169605033,2018
"local_ridge","7135",2019,80.4,62.1611820947563,2018
"local_ridge","7137",2019,87,70.4751448604267,2018
"local_ridge","7140",2019,86.2,64.6017475164929,2018
"local_ridge","7141",2019,79.1,64.7999153336269,2018
"local_ridge","7231",2019,80.5,58.9679754348463,2018
"local_ridge","7232",2019,72.2,60.2040678996529,2018
"local_ridge","7233",2019,81.2,54.168732061664,2018
"local_ridge","7235",2019,81.6,65.8808096203544,2018
"local_ridge","7331",2019,77.6,69.0025752853702,2018
"local_ridge","7333",2019,77.2,63.610956104043,2018
"local_ridge","7336",2019,71.1,55.9871563236626,2018
"local_ridge","7340",2019,79.6,58.483540087001,2018
"local_ridge","8115",2019,69.2,67.8465780832254,2018
"local_ridge","8116",2019,69.3,61.3693831624537,2018
"local_ridge","8117",2019,79.1,66.5877731643924,2018
"local_ridge","8118",2019,80.9,68.1959388443661,2018
"local_ridge","8119",2019,70.6,58.7231661514753,2018
"local_ridge","8125",2019,78.7,68.5391695410049,2018
"local_ridge","8126",2019,74.9,64.6755491639121,2018
"local_ridge","8127",2019,77.3,65.4277331816814,2018
"local_ridge","8128",2019,65.9,60.204699155994,2018
"local_ridge","8136",2019,70.6,64.4296755159467,2018
"local_ridge","8215",2019,71.9,61.2790692893256,2018
"local_ridge","8225",2019,68.9,58.9924109738016,2018
"local_ridge","8226",2019,72.4,63.98080120425,2018
"local_ridge","8236",2019,77.5,65.7820741379823,2018
"local_ridge","8237",2019,79.1,65.1510801087201,2018
"local_ridge","8315",2019,79.6,62.8893489219344,2018
"local_ridge","8317",2019,75.3,62.869212348746,2018
"local_ridge","8325",2019,78.8,64.8397404577662,2018
"local_ridge","8326",2019,70.1,65.1356420032598,2018
"local_ridge","8327",2019,74.9,62.09094900527,2018
"local_ridge","8337",2019,72.4,61.3664246828816,2018
"local_ridge","8415",2019,71.9,60.6397258511963,2018
"local_ridge","8416",2019,81.8,63.7361146856987,2018
"local_ridge","8417",2019,70,60.1238903287688,2018
"local_ridge","8425",2019,74.9,66.6408999688782,2018
"local_ridge","8426",2019,76.4,68.4552774728751,2018
"local_ridge","8435",2019,70,64.1287410417631,2018
"local_ridge","8436",2019,69.5,67.7626292781039,2018
"local_ridge","8437",2019,80.2,67.1039063830232,2018
"local_ridge","9161",2019,71.2,62.6338100701627,2018
"local_ridge","9171",2019,78.4,65.5386628155635,2018
"local_ridge","9174",2019,78.8,68.1334118357177,2018
"local_ridge","9175",2019,73,63.108922449529,2018
"local_ridge","9176",2019,71.9,63.9900406007569,2018
"local_ridge","9177",2019,82.6,65.7479439780979,2018
"local_ridge","9178",2019,76.5,64.1458314456452,2018
"local_ridge","9179",2019,76.2,66.9654876432739,2018
"local_ridge","9181",2019,67.3,66.4812211240228,2018
"local_ridge","9183",2019,73.5,67.2622468648068,2018
"local_ridge","9184",2019,58.4,61.4411344995774,2018
"local_ridge","9185",2019,79.3,64.698346282893,2018
"local_ridge","9186",2019,68.2,61.8374149793689,2018
"local_ridge","9187",2019,65.9,58.5679755913758,2018
"local_ridge","9189",2019,78.2,64.8786557167912,2018
"local_ridge","9190",2019,56.5,55.0441592096406,2018
"local_ridge","9271",2019,83.7,68.0916024800323,2018
"local_ridge","9272",2019,49.2,45.7339832831611,2018
"local_ridge","9273",2019,72.7,64.411404429241,2018
"local_ridge","9274",2019,78,66.9171027360919,2018
"local_ridge","9275",2019,79.6,63.4951170389401,2018
"local_ridge","9277",2019,77,62.2672319491238,2018
"local_ridge","9278",2019,76.8,66.1820101444894,2018
"local_ridge","9279",2019,84.4,68.7888324334046,2018
"local_ridge","9371",2019,56.6,54.7059411397114,2018
"local_ridge","9372",2019,58.7,56.9720073320531,2018
"local_ridge","9373",2019,61.6,58.3927737710192,2018
"local_ridge","9374",2019,60,54.8238407878862,2018
"local_ridge","9375",2019,67.4,61.2070867839479,2018
"local_ridge","9376",2019,57,55.8321169718099,2018
"local_ridge","9377",2019,71.7,60.440457955349,2018
"local_ridge","9471",2019,60.2,52.1681294141305,2018
"local_ridge","9472",2019,60.8,54.1713422831226,2018
"local_ridge","9473",2019,61.8,56.0347822793037,2018
"local_ridge","9474",2019,65.9,54.3988874275711,2018
"local_ridge","9475",2019,53.6,55.4416774236261,2018
"local_ridge","9476",2019,31.3,50.6434543266071,2018
"local_ridge","9477",2019,49.4,51.5884501803531,2018
"local_ridge","9478",2019,50.5,53.8078176021476,2018
"local_ridge","9479",2019,52.9,58.7312065817706,2018
"local_ridge","9571",2019,63.9,58.5787561735053,2018
"local_ridge","9572",2019,66.7,53.8038913855129,2018
"local_ridge","9573",2019,68,58.5038549620379,2018
"local_ridge","9574",2019,52.6,48.0436859475238,2018
"local_ridge","9575",2019,70.1,61.9467583888249,2018
"local_ridge","9576",2019,50.2,49.9624733274279,2018
"local_ridge","9577",2019,65.3,62.3187026475999,2018
"local_ridge","9671",2019,63.8,60.3987563616731,2018
"local_ridge","9672",2019,64.1,55.7373823115707,2018
"local_ridge","9673",2019,66.3,57.3774660002092,2018
"local_ridge","9674",2019,63.6,53.3237396938627,2018
"local_ridge","9675",2019,68.2,61.7035375993726,2018
"local_ridge","9676",2019,80,69.3870395410842,2018
"local_ridge","9677",2019,65.3,59.983268763362,2018
"local_ridge","9678",2019,63.3,58.8290800603263,2018
"local_ridge","9679",2019,68.1,67.5135685381528,2018
"local_ridge","9771",2019,78.4,69.5473952663388,2018
"local_ridge","9772",2019,64.2,66.2756207536951,2018
"local_ridge","9773",2019,78.4,68.4466547661117,2018
"local_ridge","9774",2019,77.9,67.4117127165679,2018
"local_ridge","9775",2019,78.2,70.8578831619289,2018
"local_ridge","9777",2019,89.8,70.8206539486023,2018
"local_ridge","9778",2019,79.4,68.4073790287945,2018
"local_ridge","9779",2019,72.4,67.0956036104355,2018
"pcr","1003",2019,100.8,94.5592411133223,2018
"pcr","1051",2019,92.2,87.4075400761746,2018
"pcr","1053",2019,86.7,84.1078722491462,2018
"pcr","1054",2019,89.7,83.0729095468504,2018
"pcr","1055",2019,96.6,93.6430429726756,2018
"pcr","1056",2019,85.4,81.86746723111,2018
"pcr","1057",2019,91.7,89.9037166554436,2018
"pcr","1058",2019,91.8,92.0360397248228,2018
"pcr","1059",2019,88.3,91.5931480837144,2018
"pcr","1060",2019,89.1,81.6905328400516,2018
"pcr","1061",2019,80.1,83.7116208587865,2018
"pcr","1062",2019,84.8,81.7118726157381,2018
"pcr","12060",2019,53.2,56.29262205859,2018
"pcr","12061",2019,49.3,57.9467414949075,2018
"pcr","12062",2019,50.8,55.9221212243759,2018
"pcr","12063",2019,48.9,62.2994947392184,2018
"pcr","12064",2019,63.4,68.5197764109573,2018
"pcr","12065",2019,45.5,54.617168880147,2018
"pcr","12066",2019,34.3,51.9791625901872,2018
"pcr","12067",2019,52,59.9178100021432,2018
"pcr","12068",2019,50.3,61.5483311289974,2018
"pcr","12069",2019,47.4,58.2700102795413,2018
"pcr","12070",2019,49.3,70.4363336174344,2018
"pcr","12071",2019,43.4,51.4089595163926,2018
"pcr","12072",2019,50.4,62.4507029922007,2018
"pcr","12073",2019,67.3,70.7374122599108,2018
"pcr","13071",2019,73.1,72.9087303453761,2018
"pcr","13072",2019,81.2,74.0289132567825,2018
"pcr","13073",2019,93,82.162007990193,2018
"pcr","13074",2019,88.5,82.553276709165,2018
"pcr","13075",2019,81.1,73.3232733753895,2018
"pcr","13076",2019,60.6,65.124094945465,2018
"pcr","14511",2019,77.8,95.152242914418,2018
"pcr","14521",2019,67.3,70.2487841938109,2018
"pcr","14522",2019,80.7,80.5229461183746,2018
"pcr","14523",2019,66.7,72.2960111039217,2018
"pcr","14524",2019,83.4,81.7562920893967,2018
"pcr","14625",2019,72.8,75.2044241458404,2018
"pcr","14626",2019,76.4,75.0438662033939,2018
"pcr","14627",2019,70.9,70.0483545405532,2018
"pcr","14628",2019,70.6,72.7835787587728,2018
"pcr","14713",2019,72.3,81.013309842324,2018
"pcr","14729",2019,78.7,80.9248303571636,2018
"pcr","14730",2019,64.8,74.5360496710848,2018
"pcr","15001",2019,48.5,60.5963061049906,2018
"pcr","15081",2019,58.4,63.5530631484551,2018
"pcr","15082",2019,53.1,67.6345165820558,2018
"pcr","15083",2019,79,86.4956599831458,2018
"pcr","15084",2019,77.3,86.6500154899151,2018
"pcr","15085",2019,76,82.6850957656334,2018
"pcr","15086",2019,58,61.3491300216883,2018
"pcr","15087",2019,68.1,75.1718028404508,2018
"pcr","15088",2019,62.2,87.8552192401446,2018
"pcr","15089",2019,66.6,76.1416458046445,2018
"pcr","15090",2019,57.3,66.5272746926561,2018
"pcr","15091",2019,56.2,63.7714695904108,2018
"pcr","16051",2019,71,80.805693266028,2018
"pcr","16052",2019,96.6,90.6728165432141,2018
"pcr","16056",2019,68.4,69.1800376898547,2018
"pcr","16061",2019,83.2,81.0936885157655,2018
"pcr","16062",2019,81,79.9459110031173,2018
"pcr","16063",2019,76.2,69.7406243591252,2018
"pcr","16064",2019,75.7,78.8952299337568,2018
"pcr","16065",2019,66.9,79.2320844893155,2018
"pcr","16066",2019,69.2,69.0238836089153,2018
"pcr","16067",2019,81.4,84.7991844900445,2018
"pcr","16068",2019,63.1,75.9679550443827,2018
"pcr","16069",2019,66.7,57.7352423188504,2018
"pcr","16070",2019,62.5,68.1473569967339,2018
"pcr","16071",2019,76.7,79.2211475983292,2018
"pcr","16072",2019,65,65.9697408684409,2018
"pcr","16073",2019,68.5,69.3013838649962,2018
"pcr","16074",2019,78.9,76.8678188255278,2018
"pcr","16075",2019,77.7,84.5930359836038,2018
"pcr","16076",2019,78.5,84.3940371939391,2018
"pcr","16077",2019,91,90.0604146816229,2018
"pcr","3101",2019,79.5,83.0810733376696,2018
"pcr","3102",2019,91.9,90.9322411908267,2018
"pcr","3103",2019,77.6,75.6958107620668,2018
"pcr","3151",2019,73.8,76.9573970967893,2018
"pcr","3153",2019,84.9,87.2739618442251,2018
"pcr","3154",2019,77.4,81.0874570332963,2018
"pcr","3155",2019,82.9,86.1319193097189,2018
"pcr","3157",2019,86.1,88.1068490491854,2018
"pcr","3158",2019,86.9,89.1066892320335,2018
"pcr","3159",2019,79.3,83.3313951813809,2018
"pcr","3241",2019,72.2,77.2031406352632,2018
"pcr","3251",2019,70.1,76.221242495022,2018
"pcr","3252",2019,82.5,83.647064026927,2018
"pcr","3254",2019,75.1,87.6061549262209,2018
"pcr","3255",2019,75.8,81.2750343623169,2018
"pcr","3256",2019,74.6,73.9244060768187,2018
"pcr","3257",2019,84.6,85.877028934408,2018
"pcr","3351",2019,59.5,76.3710644266483,2018
"pcr","3352",2019,80.2,74.0453895869704,2018
"pcr","3353",2019,64.2,70.536682797532,2018
"pcr","3354",2019,62.3,71.3151714822782,2018
"pcr","3355",2019,60.8,71.2761724245919,2018
"pcr","3356",2019,78.2,71.3330121301305,2018
"pcr","3357",2019,65.7,68.4614487925297,2018
"pcr","3358",2019,64,71.4218975572897,2018
"pcr","3359",2019,81.3,74.0192403693646,2018
"pcr","3360",2019,68.6,75.7735432644495,2018
"pcr","3361",2019,74.3,69.6011479219852,2018
"pcr","3451",2019,70.7,72.7659149772012,2018
"pcr","3452",2019,85.9,84.4290181267608,2018
"pcr","3453",2019,68.6,72.1845987885195,2018
"pcr","3454",2019,58.7,71.2010707603491,2018
"pcr","3455",2019,83.8,89.6217392253252,2018
"pcr","3456",2019,57.1,72.1794128118228,2018
"pcr","3457",2019,88.9,92.1562404779472,2018
"pcr","3458",2019,63.6,70.7250974117101,2018
"pcr","3459",2019,72,79.7125137005341,2018
"pcr","3460",2019,59.1,70.7496512427071,2018
"pcr","3462",2019,71.5,81.2430847014067,2018
"pcr","5116",2019,96.8,92.5457360905885,2018
"pcr","5154",2019,82.1,84.8555927044254,2018
"pcr","5158",2019,80.2,90.4613084865731,2018
"pcr","5162",2019,94.8,87.3457544930058,2018
"pcr","5166",2019,81.8,89.9643992612835,2018
"pcr","5170",2019,77.8,77.6088382672554,2018
"pcr","5334",2019,89.5,89.9098016514271,2018
"pcr","5358",2019,92.1,88.7349918569941,2018
"pcr","5362",2019,91.9,91.9533675719523,2018
"pcr","5366",2019,82.5,83.4025769768504,2018
"pcr","5370",2019,88.6,84.2184713015893,2018
"pcr","5382",2019,88.3,83.6152832892334,2018
"pcr","5515",2019,84,85.3635100829218,2018
"pcr","5554",2019,71,78.3173757774229,2018
"pcr","5558",2019,80.5,82.655403144002,2018
"pcr","5562",2019,75.8,69.4127712441641,2018
"pcr","5566",2019,63.6,68.2339195001963,2018
"pcr","5570",2019,69.1,76.0323782657448,2018
"pcr","5711",2019,73.5,82.4112577633458,2018
"pcr","5754",2019,62.8,75.0193083003656,2018
"pcr","5758",2019,78,83.8290193327944,2018
"pcr","5762",2019,80.7,83.8992674255205,2018
"pcr","5766",2019,78.4,82.6261853689843,2018
"pcr","5770",2019,73.9,81.4036625825125,2018
"pcr","5774",2019,73.6,74.4954049319803,2018
"pcr","5915",2019,83.4,83.0629194749668,2018
"pcr","5958",2019,67.8,75.5604748841187,2018
"pcr","5962",2019,60.5,68.7260491729119,2018
"pcr","5974",2019,82.2,88.1333833888621,2018
"pcr","5978",2019,78.1,86.752111281164,2018
"pcr","6432",2019,64.8,67.4548613791359,2018
"pcr","6433",2019,68.6,66.1725225708464,2018
"pcr","6435",2019,69.3,71.4103110753291,2018
"pcr","6439",2019,75.6,67.5543360761206,2018
"pcr","6440",2019,70,73.2401478727505,2018
"pcr","6531",2019,67.3,72.105005068295,2018
"pcr","6533",2019,70.7,69.1686403580204,2018
"pcr","6534",2019,71,68.0156154737707,2018
"pcr","6535",2019,67.6,68.6555213269655,2018
"pcr","6631",2019,65.6,71.1430449104003,2018
"pcr","6632",2019,70.4,67.8068157687734,2018
"pcr","6633",2019,75,73.513541659294,2018
"pcr","6634",2019,74.6,74.0446185554368,2018
"pcr","6635",2019,66.4,69.6846315758664,2018
"pcr","6636",2019,68.7,67.1555573084879,2018
"pcr","7131",2019,86.7,73.02134347068,2018
"pcr","7134",2019,63.8,63.9804593022158,2018
"pcr","7135",2019,80.4,72.638542877451,2018
"pcr","7137",2019,87,81.3259048199277,2018
"pcr","7140",2019,86.2,77.0016746690997,2018
"pcr","7141",2019,79.1,74.6685715222479,2018
"pcr","7231",2019,80.5,69.1130643284736,2018
"pcr","7232",2019,72.2,71.2536809166601,2018
"pcr","7233",2019,81.2,63.3886445066325,2018
"pcr","7235",2019,81.6,80.9312945218469,2018
"pcr","7331",2019,77.6,76.6981324824423,2018
"pcr","7333",2019,77.2,70.2851497648154,2018
"pcr","7336",2019,71.1,64.3176663948328,2018
"pcr","7340",2019,79.6,70.4662965191892,2018
"pcr","8115",2019,69.2,78.701551750237,2018
"pcr","8116",2019,69.3,75.0161387934053,2018
"pcr","8117",2019,79.1,80.6214748902592,2018
"pcr","8118",2019,80.9,79.5047927388583,2018
"pcr","8119",2019,70.6,71.7124944058871,2018
"pcr","8125",2019,78.7,81.832054314357,2018
"pcr","8126",2019,74.9,75.9746720307194,2018
"pcr","8127",2019,77.3,78.6314156663131,2018
"pcr","8128",2019,65.9,66.6279904233183,2018
"pcr","8136",2019,70.6,79.1843897110398,2018
"pcr","8215",2019,71.9,72.1250644622767,2018
"pcr","8225",2019,68.9,67.6459957316088,2018
"pcr","8226",2019,72.4,75.766478539466,2018
"pcr","8236",2019,77.5,77.2039676809868,2018
"pcr","8237",2019,79.1,79.3859880342585,2018
"pcr","8315",2019,79.6,83.0660521886001,2018
"pcr","8317",2019,75.3,76.7848847691042,2018
"pcr","8325",2019,78.8,77.8268394475115,2018
"pcr","8326",2019,70.1,79.3602574385169,2018
"pcr","8327",2019,74.9,80.2875415230408,2018
"pcr","8337",2019,72.4,75.6301452499428,2018
"pcr","8415",2019,71.9,71.9161049948328,2018
"pcr","8416",2019,81.8,78.56711998134,2018
"pcr","8417",2019,70,72.3004862570401,2018
"pcr","8425",2019,74.9,78.6413269128897,2018
"pcr","8426",2019,76.4,82.0308776759038,2018
"pcr","8435",2019,70,78.8123101430265,2018
"pcr","8436",2019,69.5,81.0019328311604,2018
"pcr","8437",2019,80.2,82.9800339653968,2018
"pcr","9161",2019,71.2,73.2102004037081,2018
"pcr","9171",2019,78.4,74.0013248128962,2018
"pcr","9174",2019,78.8,79.5117366595636,2018
"pcr","9175",2019,73,73.6995936417448,2018
"pcr","9176",2019,71.9,74.2082561874219,2018
"pcr","9177",2019,82.6,77.2980851910925,2018
"pcr","9178",2019,76.5,78.0264881436194,2018
"pcr","9179",2019,76.2,79.5510817021823,2018
"pcr","9181",2019,67.3,80.6366156522152,2018
"pcr","9183",2019,73.5,77.7992814629821,2018
"pcr","9184",2019,58.4,72.7048093249855,2018
"pcr","9185",2019,79.3,77.6684955851125,2018
"pcr","9186",2019,68.2,72.6732919187354,2018
"pcr","9187",2019,65.9,67.5639687123841,2018
"pcr","9189",2019,78.2,77.0378434874137,2018
"pcr","9190",2019,56.5,65.2291032604478,2018
"pcr","9271",2019,83.7,77.4351554690498,2018
"pcr","9272",2019,49.2,53.4506042811716,2018
"pcr","9273",2019,72.7,77.165864853258,2018
"pcr","9274",2019,78,77.7589033749873,2018
"pcr","9275",2019,79.6,72.3384468614394,2018
"pcr","9277",2019,77,71.258925523211,2018
"pcr","9278",2019,76.8,76.4179261699349,2018
"pcr","9279",2019,84.4,83.5351692787159,2018
"pcr","9371",2019,56.6,66.4994640108294,2018
"pcr","9372",2019,58.7,66.9463918732816,2018
"pcr","9373",2019,61.6,68.073862698319,2018
"pcr","9374",2019,60,67.9323105299624,2018
"pcr","9375",2019,67.4,71.7482169387187,2018
"pcr","9376",2019,57,68.8867020191778,2018
"pcr","9377",2019,71.7,74.3101614852971,2018
"pcr","9471",2019,60.2,61.4562700245777,2018
"pcr","9472",2019,60.8,68.0587112914202,2018
"pcr","9473",2019,61.8,67.6157280651193,2018
"pcr","9474",2019,65.9,67.1868074523582,2018
"pcr","9475",2019,53.6,66.2351403248998,2018
"pcr","9476",2019,31.3,61.3922654709623,2018
"pcr","9477",2019,49.4,63.1865505067796,2018
"pcr","9478",2019,50.5,64.6265695775282,2018
"pcr","9479",2019,52.9,71.4906134958419,2018
"pcr","9571",2019,63.9,70.2307894125081,2018
"pcr","9572",2019,66.7,65.6036078314564,2018
"pcr","9573",2019,68,70.5306757151056,2018
"pcr","9574",2019,52.6,57.6540579380518,2018
"pcr","9575",2019,70.1,74.6094372866671,2018
"pcr","9576",2019,50.2,57.03314346797,2018
"pcr","9577",2019,65.3,76.3744447598018,2018
"pcr","9671",2019,63.8,71.5957248071922,2018
"pcr","9672",2019,64.1,64.996979846043,2018
"pcr","9673",2019,66.3,66.4128251857643,2018
"pcr","9674",2019,63.6,60.7272797460513,2018
"pcr","9675",2019,68.2,70.6525140565956,2018
"pcr","9676",2019,80,84.159095486068,2018
"pcr","9677",2019,65.3,69.7674603257817,2018
"pcr","9678",2019,63.3,66.2784726804072,2018
"pcr","9679",2019,68.1,75.6591847317557,2018
"pcr","9771",2019,78.4,86.0323840044045,2018
"pcr","9772",2019,64.2,78.7986891653255,2018
"pcr","9773",2019,78.4,81.5852977224025,2018
"pcr","9774",2019,77.9,80.7914226741873,2018
"pcr","9775",2019,78.2,87.0049503102831,2018
"pcr","9777",2019,89.8,82.5384958018203,2018
"pcr","9778",2019,79.4,83.3852925559082,2018
"pcr","9779",2019,72.4,79.4350798019823,2018
"hierarchical","1003",2019,100.8,78.1333708611463,2018
"hierarchical","1051",2019,92.2,72.5748016989297,2018
"hierarchical","1053",2019,86.7,69.9765852401219,2018
"hierarchical","1054",2019,89.7,72.9997831712304,2018
"hierarchical","1055",2019,96.6,77.8624214886309,2018
"hierarchical","1056",2019,85.4,66.2745415478879,2018
"hierarchical","1057",2019,91.7,74.0879148755895,2018
"hierarchical","1058",2019,91.8,78.0966987853806,2018
"hierarchical","1059",2019,88.3,77.2659448146624,2018
"hierarchical","1060",2019,89.1,67.1183082250534,2018
"hierarchical","1061",2019,80.1,71.7111294912222,2018
"hierarchical","1062",2019,84.8,67.2170305043309,2018
"hierarchical","12060",2019,53.2,54.9738564523892,2018
"hierarchical","12061",2019,49.3,54.3445337736903,2018
"hierarchical","12062",2019,50.8,54.5637799327498,2018
"hierarchical","12063",2019,48.9,57.0941723060482,2018
"hierarchical","12064",2019,63.4,60.5978381094535,2018
"hierarchical","12065",2019,45.5,52.4677671941336,2018
"hierarchical","12066",2019,34.3,47.1242487506929,2018
"hierarchical","12067",2019,52,54.2629349074796,2018
"hierarchical","12068",2019,50.3,57.540808173938,2018
"hierarchical","12069",2019,47.4,51.0723470694404,2018
"hierarchical","12070",2019,49.3,61.1359389545785,2018
"hierarchical","12071",2019,43.4,52.2823854987299,2018
"hierarchical","12072",2019,50.4,54.5449477256752,2018
"hierarchical","12073",2019,67.3,59.7669209257469,2018
"hierarchical","13071",2019,73.1,63.7163030130046,2018
"hierarchical","13072",2019,81.2,65.5151379904086,2018
"hierarchical","13073",2019,93,73.6741216726445,2018
"hierarchical","13074",2019,88.5,71.1526621172807,2018
"hierarchical","13075",2019,81.1,64.6644633182031,2018
"hierarchical","13076",2019,60.6,59.4923824717658,2018
"hierarchical","14511",2019,77.8,72.2878286058973,2018
"hierarchical","14521",2019,67.3,63.6179874629536,2018
"hierarchical","14522",2019,80.7,67.5665447287842,2018
"hierarchical","14523",2019,66.7,64.8465037356891,2018
"hierarchical","14524",2019,83.4,70.2452974682821,2018
"hierarchical","14625",2019,72.8,63.3068550383261,2018
"hierarchical","14626",2019,76.4,61.8816936016096,2018
"hierarchical","14627",2019,70.9,64.620658619893,2018
"hierarchical","14628",2019,70.6,62.7401505840418,2018
"hierarchical","14713",2019,72.3,68.9425663771005,2018
"hierarchical","14729",2019,78.7,67.1456961073785,2018
"hierarchical","14730",2019,64.8,63.6007246997762,2018
"hierarchical","15001",2019,48.5,50.7163985067889,2018
"hierarchical","15081",2019,58.4,55.7345976876733,2018
"hierarchical","15082",2019,53.1,56.1702386784396,2018
"hierarchical","15083",2019,79,72.46683241137,2018
"hierarchical","15084",2019,77.3,74.4938719276054,2018
"hierarchical","15085",2019,76,72.0359246924467,2018
"hierarchical","15086",2019,58,57.3017686539733,2018
"hierarchical","15087",2019,68.1,65.1977843191835,2018
"hierarchical","15088",2019,62.2,72.0136447801474,2018
"hierarchical","15089",2019,66.6,65.8073893090216,2018
"hierarchical","15090",2019,57.3,58.4381380377745,2018
"hierarchical","15091",2019,56.2,54.7679020382608,2018
"hierarchical","16051",2019,71,71.967871473407,2018
"hierarchical","16052",2019,96.6,73.9417773467776,2018
"hierarchical","16056",2019,68.4,65.055052573225,2018
"hierarchical","16061",2019,83.2,68.2654959021856,2018
"hierarchical","16062",2019,81,67.4416348941383,2018
"hierarchical","16063",2019,76.2,65.6027993175877,2018
"hierarchical","16064",2019,75.7,70.2942874098022,2018
"hierarchical","16065",2019,66.9,70.1119616561291,2018
"hierarchical","16066",2019,69.2,67.9307874108736,2018
"hierarchical","16067",2019,81.4,74.5645104352685,2018
"hierarchical","16068",2019,63.1,68.6617787606856,2018
"hierarchical","16069",2019,66.7,58.8645453255835,2018
"hierarchical","16070",2019,62.5,64.6476060053422,2018
"hierarchical","16071",2019,76.7,70.4505216106632,2018
"hierarchical","16072",2019,65,64.6019153832255,2018
"hierarchical","16073",2019,68.5,65.7995726616094,2018
"hierarchical","16074",2019,78.9,70.7976723198298,2018
"hierarchical","16075",2019,77.7,72.7072415555563,2018
"hierarchical","16076",2019,78.5,72.738745953512,2018
"hierarchical","16077",2019,91,75.479093076484,2018
"hierarchical","3101",2019,79.5,69.2516619553528,2018
"hierarchical","3102",2019,91.9,73.6465392050596,2018
"hierarchical","3103",2019,77.6,62.3814563785753,2018
"hierarchical","3151",2019,73.8,68.9333822739585,2018
"hierarchical","3153",2019,84.9,78.0567271916003,2018
"hierarchical","3154",2019,77.4,69.3510295340909,2018
"hierarchical","3155",2019,82.9,72.8217827351332,2018
"hierarchical","3157",2019,86.1,77.7583641557823,2018
"hierarchical","3158",2019,86.9,72.5013134891915,2018
"hierarchical","3159",2019,79.3,70.5515338928616,2018
"hierarchical","3241",2019,72.2,69.3089816470455,2018
"hierarchical","3251",2019,70.1,70.4403113385155,2018
"hierarchical","3252",2019,82.5,73.0021022743514,2018
"hierarchical","3254",2019,75.1,74.9939926795768,2018
"hierarchical","3255",2019,75.8,69.0601527975708,2018
"hierarchical","3256",2019,74.6,68.4111241901938,2018
"hierarchical","3257",2019,84.6,75.9258728765187,2018
"hierarchical","3351",2019,59.5,70.7107671122835,2018
"hierarchical","3352",2019,80.2,68.1382056687646,2018
"hierarchical","3353",2019,64.2,64.1161246546608,2018
"hierarchical","3354",2019,62.3,59.1202235432697,2018
"hierarchical","3355",2019,60.8,60.9143275445177,2018
"hierarchical","3356",2019,78.2,66.2893894694438,2018
"hierarchical","3357",2019,65.7,59.3541673828505,2018
"hierarchical","3358",2019,64,62.0259177250733,2018
"hierarchical","3359",2019,81.3,69.1962697061906,2018
"hierarchical","3360",2019,68.6,66.7749819487236,2018
"hierarchical","3361",2019,74.3,59.0757830898777,2018
"hierarchical","3451",2019,70.7,69.8074122753925,2018
"hierarchical","3452",2019,85.9,73.8723331630291,2018
"hierarchical","3453",2019,68.6,68.492779213102,2018
"hierarchical","3454",2019,58.7,68.5946084578313,2018
"hierarchical","3455",2019,83.8,80.3802230084348,2018
"hierarchical","3456",2019,57.1,68.6711897183905,2018
"hierarchical","3457",2019,88.9,77.8606412938312,2018
"hierarchical","3458",2019,63.6,64.8177240268623,2018
"hierarchical","3459",2019,72,72.9186474825827,2018
"hierarchical","3460",2019,59.1,62.1039555206612,2018
"hierarchical","3462",2019,71.5,79.3314230378123,2018
"hierarchical","5116",2019,96.8,73.276242120732,2018
"hierarchical","5154",2019,82.1,75.8725048935395,2018
"hierarchical","5158",2019,80.2,78.0375369505024,2018
"hierarchical","5162",2019,94.8,81.8605388284519,2018
"hierarchical","5166",2019,81.8,76.8857631223945,2018
"hierarchical","5170",2019,77.8,71.6620812414074,2018
"hierarchical","5334",2019,89.5,83.9754670282384,2018
"hierarchical","5358",2019,92.1,79.7632478197767,2018
"hierarchical","5362",2019,91.9,81.7392194085501,2018
"hierarchical","5366",2019,82.5,77.3459702849447,2018
"hierarchical","5370",2019,88.6,79.4929788651162,2018
"hierarchical","5382",2019,88.3,78.9958907225091,2018
"hierarchical","5515",2019,84,77.3535682282413,2018
"hierarchical","5554",2019,71,74.4316391633335,2018
"hierarchical","5558",2019,80.5,76.4182645840554,2018
"hierarchical","5562",2019,75.8,69.499710656771,2018
"hierarchical","5566",2019,63.6,68.9472576332585,2018
"hierarchical","5570",2019,69.1,67.3191967987572,2018
"hierarchical","5711",2019,73.5,73.9646443170072,2018
"hierarchical","5754",2019,62.8,67.4442054253177,2018
"hierarchical","5758",2019,78,75.2761147374542,2018
"hierarchical","5762",2019,80.7,74.7020212465059,2018
"hierarchical","5766",2019,78.4,73.1256381327097,2018
"hierarchical","5770",2019,73.9,72.67533497545,2018
"hierarchical","5774",2019,73.6,68.298483573951,2018
"hierarchical","5915",2019,83.4,78.7657810067639,2018
"hierarchical","5958",2019,67.8,69.2304876488287,2018
"hierarchical","5962",2019,60.5,68.9417414420609,2018
"hierarchical","5974",2019,82.2,78.2841127564788,2018
"hierarchical","5978",2019,78.1,73.8736521368712,2018
"hierarchical","6432",2019,64.8,68.7534752549224,2018
"hierarchical","6433",2019,68.6,67.5687150436561,2018
"hierarchical","6435",2019,69.3,66.5026519574032,2018
"hierarchical","6439",2019,75.6,68.4414578304965,2018
"hierarchical","6440",2019,70,67.0461533940821,2018
"hierarchical","6531",2019,67.3,64.8091846244251,2018
"hierarchical","6533",2019,70.7,70.2117225873574,2018
"hierarchical","6534",2019,71,63.8963428039599,2018
"hierarchical","6535",2019,67.6,65.874915840001,2018
"hierarchical","6631",2019,65.6,65.6996212160194,2018
"hierarchical","6632",2019,70.4,63.2091435488867,2018
"hierarchical","6633",2019,75,67.5549992394834,2018
"hierarchical","6634",2019,74.6,67.2555356713672,2018
"hierarchical","6635",2019,66.4,66.8249987781195,2018
"hierarchical","6636",2019,68.7,65.5903893382685,2018
"hierarchical","7131",2019,86.7,72.3043470236755,2018
"hierarchical","7134",2019,63.8,65.5959163235273,2018
"hierarchical","7135",2019,80.4,70.699673508464,2018
"hierarchical","7137",2019,87,78.3881273090161,2018
"hierarchical","7140",2019,86.2,74.5404748684074,2018
"hierarchical","7141",2019,79.1,72.2711644032617,2018
"hierarchical","7231",2019,80.5,69.887812796816,2018
"hierarchical","7232",2019,72.2,70.7353704554278,2018
"hierarchical","7233",2019,81.2,68.6043776662317,2018
"hierarchical","7235",2019,81.6,76.6006793848581,2018
"hierarchical","7331",2019,77.6,77.1602664151532,2018
"hierarchical","7333",2019,77.2,73.448274593922,2018
"hierarchical","7336",2019,71.1,70.0547122705593,2018
"hierarchical","7340",2019,79.6,71.613137331587,2018
"hierarchical","8115",2019,69.2,72.7439205894745,2018
"hierarchical","8116",2019,69.3,70.3205300530868,2018
"hierarchical","8117",2019,79.1,73.8149523083976,2018
"hierarchical","8118",2019,80.9,73.1267667634187,2018
"hierarchical","8119",2019,70.6,65.1353747303949,2018
"hierarchical","8125",2019,78.7,74.4167736570654,2018
"hierarchical","8126",2019,74.9,68.2375052824753,2018
"hierarchical","8127",2019,77.3,67.9608267802051,2018
"hierarchical","8128",2019,65.9,67.974388232102,2018
"hierarchical","8136",2019,70.6,69.5572514989613,2018
"hierarchical","8215",2019,71.9,69.4879225075444,2018
"hierarchical","8225",2019,68.9,66.4830736917492,2018
"hierarchical","8226",2019,72.4,71.6007072203959,2018
"hierarchical","8236",2019,77.5,73.1633180879076,2018
"hierarchical","8237",2019,79.1,74.0316686215406,2018
"hierarchical","8315",2019,79.6,71.9247950550561,2018
"hierarchical","8317",2019,75.3,75.7415968783719,2018
"hierarchical","8325",2019,78.8,75.6465165165523,2018
"hierarchical","8326",2019,70.1,72.0256358465858,2018
"hierarchical","8327",2019,74.9,73.1011639917008,2018
"hierarchical","8337",2019,72.4,71.8156913407453,2018
"hierarchical","8415",2019,71.9,72.3782204228494,2018
"hierarchical","8416",2019,81.8,76.997003060876,2018
"hierarchical","8417",2019,70,71.3249521071008,2018
"hierarchical","8425",2019,74.9,73.5669723649505,2018
"hierarchical","8426",2019,76.4,77.2042423317412,2018
"hierarchical","8435",2019,70,69.5079452852925,2018
"hierarchical","8436",2019,69.5,77.5951668875571,2018
"hierarchical","8437",2019,80.2,77.3573458845907,2018
"hierarchical","9161",2019,71.2,65.861826975869,2018
"hierarchical","9171",2019,78.4,73.5275375297107,2018
"hierarchical","9174",2019,78.8,74.1042615225928,2018
"hierarchical","9175",2019,73,67.5507189740187,2018
"hierarchical","9176",2019,71.9,65.7942316091266,2018
"hierarchical","9177",2019,82.6,70.7449684346075,2018
"hierarchical","9178",2019,76.5,70.7771464002882,2018
"hierarchical","9179",2019,76.2,75.0731544081399,2018
"hierarchical","9181",2019,67.3,74.4479208297346,2018
"hierarchical","9183",2019,73.5,77.0356263090939,2018
"hierarchical","9184",2019,58.4,65.6434211070753,2018
"hierarchical","9185",2019,79.3,73.2041569432218,2018
"hierarchical","9186",2019,68.2,67.8538920349402,2018
"hierarchical","9187",2019,65.9,66.1514780262127,2018
"hierarchical","9189",2019,78.2,69.7217721348703,2018
"hierarchical","9190",2019,56.5,68.56277670658,2018
"hierarchical","9271",2019,83.7,73.1054589868098,2018
"hierarchical","9272",2019,49.2,60.0464543582577,2018
"hierarchical","9273",2019,72.7,68.2809292591509,2018
"hierarchical","9274",2019,78,71.9508775237751,2018
"hierarchical","9275",2019,79.6,66.3679415036159,2018
"hierarchical","9277",2019,77,68.0370395358351,2018
"hierarchical","9278",2019,76.8,67.6128674652041,2018
"hierarchical","9279",2019,84.4,75.0330425865955,2018
"hierarchical","9371",2019,56.6,56.5693709818442,2018
"hierarchical","9372",2019,58.7,58.8581653712061,2018
"hierarchical","9373",2019,61.6,60.8880422799678,2018
"hierarchical","9374",2019,60,57.5736866252917,2018
"hierarchical","9375",2019,67.4,63.5946121988825,2018
"hierarchical","9376",2019,57,57.0512559916177,2018
"hierarchical","9377",2019,71.7,65.3973512229483,2018
"hierarchical","9471",2019,60.2,57.9579632186596,2018
"hierarchical","9472",2019,60.8,60.9174260202593,2018
"hierarchical","9473",2019,61.8,61.3336421390061,2018
"hierarchical","9474",2019,65.9,59.0899581016552,2018
"hierarchical","9475",2019,53.6,64.3537467220335,2018
"hierarchical","9476",2019,31.3,57.6676645800938,2018
"hierarchical","9477",2019,49.4,57.1976990897801,2018
"hierarchical","9478",2019,50.5,57.3382352845139,2018
"hierarchical","9479",2019,52.9,66.9685804305768,2018
"hierarchical","9571",2019,63.9,64.9033175777035,2018
"hierarchical","9572",2019,66.7,60.3337373192104,2018
"hierarchical","9573",2019,68,67.0999688968874,2018
"hierarchical","9574",2019,52.6,52.3193352508247,2018
"hierarchical","9575",2019,70.1,66.5242469941032,2018
"hierarchical","9576",2019,50.2,55.7267031373809,2018
"hierarchical","9577",2019,65.3,67.6228848568836,2018
"hierarchical","9671",2019,63.8,64.7224918098125,2018
"hierarchical","9672",2019,64.1,65.6373945602985,2018
"hierarchical","9673",2019,66.3,63.9989240319068,2018
"hierarchical","9674",2019,63.6,58.2108235626258,2018
"hierarchical","9675",2019,68.2,65.7337769438189,2018
"hierarchical","9676",2019,80,76.7360077937207,2018
"hierarchical","9677",2019,65.3,69.2839595024394,2018
"hierarchical","9678",2019,63.3,64.5817578612553,2018
"hierarchical","9679",2019,68.1,70.4832702776666,2018
"hierarchical","9771",2019,78.4,73.3701562065556,2018
"hierarchical","9772",2019,64.2,69.5486776946598,2018
"hierarchical","9773",2019,78.4,77.0202972761798,2018
"hierarchical","9774",2019,77.9,76.8912826219585,2018
"hierarchical","9775",2019,78.2,77.953107122963,2018
"hierarchical","9777",2019,89.8,86.4245355479698,2018
"hierarchical","9778",2019,79.4,80.0571437229959,2018
"hierarchical","9779",2019,72.4,72.3912781205972,2018
"stress_lag","1003",2019,100.8,89.5352295586304,2018
"stress_lag","1051",2019,92.2,84.9330500272792,2018
"stress_lag","1053",2019,86.7,80.2824513901363,2018
"stress_lag","1054",2019,89.7,81.866936136451,2018
"stress_lag","1055",2019,96.6,90.8565531620504,2018
"stress_lag","1056",2019,85.4,77.5013517420357,2018
"stress_lag","1057",2019,91.7,86.6633831297338,2018
"stress_lag","1058",2019,91.8,88.7774638452417,2018
"stress_lag","1059",2019,88.3,88.7666270114648,2018
"stress_lag","1060",2019,89.1,78.3578745365087,2018
"stress_lag","1061",2019,80.1,81.5604528642701,2018
"stress_lag","1062",2019,84.8,78.4167492572977,2018
"stress_lag","12060",2019,53.2,55.5033081074818,2018
"stress_lag","12061",2019,49.3,55.7426465980897,2018
"stress_lag","12062",2019,50.8,51.9837764136818,2018
"stress_lag","12063",2019,48.9,60.046458843495,2018
"stress_lag","12064",2019,63.4,67.4769086404669,2018
"stress_lag","12065",2019,45.5,52.9151221967979,2018
"stress_lag","12066",2019,34.3,49.3791430227505,2018
"stress_lag","12067",2019,52,59.5369106003543,2018
"stress_lag","12068",2019,50.3,58.1594740924631,2018
"stress_lag","12069",2019,47.4,54.6119634534028,2018
"stress_lag","12070",2019,49.3,65.7308034923697,2018
"stress_lag","12071",2019,43.4,50.6076869592582,2018
"stress_lag","12072",2019,50.4,58.3096152391925,2018
"stress_lag","12073",2019,67.3,69.8186427042776,2018
"stress_lag","13071",2019,73.1,71.2804516610652,2018
"stress_lag","13072",2019,81.2,74.2718829804005,2018
"stress_lag","13073",2019,93,82.7425280144636,2018
"stress_lag","13074",2019,88.5,79.7099387176367,2018
"stress_lag","13075",2019,81.1,73.3821931458532,2018
"stress_lag","13076",2019,60.6,62.308808687873,2018
"stress_lag","14511",2019,77.8,90.2505672998875,2018
"stress_lag","14521",2019,67.3,67.9559957023756,2018
"stress_lag","14522",2019,80.7,75.2860574323657,2018
"stress_lag","14523",2019,66.7,70.9882258831829,2018
"stress_lag","14524",2019,83.4,78.5207832490899,2018
"stress_lag","14625",2019,72.8,71.8955582332005,2018
"stress_lag","14626",2019,76.4,69.4306058769392,2018
"stress_lag","14627",2019,70.9,65.570239569145,2018
"stress_lag","14628",2019,70.6,67.3148651548734,2018
"stress_lag","14713",2019,72.3,73.5839034340884,2018
"stress_lag","14729",2019,78.7,74.3942414295276,2018
"stress_lag","14730",2019,64.8,68.389353417163,2018
"stress_lag","15001",2019,48.5,54.6643140358653,2018
"stress_lag","15081",2019,58.4,58.3357833235,2018
"stress_lag","15082",2019,53.1,62.9973971558717,2018
"stress_lag","15083",2019,79,81.9891116837524,2018
"stress_lag","15084",2019,77.3,80.3335892448111,2018
"stress_lag","15085",2019,76,79.0926277959358,2018
"stress_lag","15086",2019,58,58.1752242173396,2018
"stress_lag","15087",2019,68.1,70.6951972578433,2018
"stress_lag","15088",2019,62.2,81.5717658905082,2018
"stress_lag","15089",2019,66.6,72.772702290035,2018
"stress_lag","15090",2019,57.3,62.6724879644658,2018
"stress_lag","15091",2019,56.2,58.4524460981678,2018
"stress_lag","16051",2019,71,77.4535742861288,2018
"stress_lag","16052",2019,96.6,86.0966488138426,2018
"stress_lag","16056",2019,68.4,62.6087989087433,2018
"stress_lag","16061",2019,83.2,75.5495050455065,2018
"stress_lag","16062",2019,81,73.3065224542393,2018
"stress_lag","16063",2019,76.2,63.87116814634,2018
"stress_lag","16064",2019,75.7,72.9381809556946,2018
"stress_lag","16065",2019,66.9,73.2577429247546,2018
"stress_lag","16066",2019,69.2,65.4011705344885,2018
"stress_lag","16067",2019,81.4,80.5655761067456,2018
"stress_lag","16068",2019,63.1,72.6365719262574,2018
"stress_lag","16069",2019,66.7,57.399705542385,2018
"stress_lag","16070",2019,62.5,68.1002040019135,2018
"stress_lag","16071",2019,76.7,76.7595128524171,2018
"stress_lag","16072",2019,65,62.9785019881627,2018
"stress_lag","16073",2019,68.5,69.4794362239851,2018
"stress_lag","16074",2019,78.9,73.0173760571165,2018
"stress_lag","16075",2019,77.7,83.1692833400241,2018
"stress_lag","16076",2019,78.5,81.6458131588762,2018
"stress_lag","16077",2019,91,84.8434407372187,2018
"stress_lag","3101",2019,79.5,79.4973418297947,2018
"stress_lag","3102",2019,91.9,86.8439313166414,2018
"stress_lag","3103",2019,77.6,72.2259074816372,2018
"stress_lag","3151",2019,73.8,72.3103675664997,2018
"stress_lag","3153",2019,84.9,82.4551884308121,2018
"stress_lag","3154",2019,77.4,76.2428662117955,2018
"stress_lag","3155",2019,82.9,82.6200041023522,2018
"stress_lag","3157",2019,86.1,84.2551860577736,2018
"stress_lag","3158",2019,86.9,85.1495413423946,2018
"stress_lag","3159",2019,79.3,77.8041584000764,2018
"stress_lag","3241",2019,72.2,74.1981417777339,2018
"stress_lag","3251",2019,70.1,74.4412589764766,2018
"stress_lag","3252",2019,82.5,79.7502033613205,2018
"stress_lag","3254",2019,75.1,83.8876202015039,2018
"stress_lag","3255",2019,75.8,76.699041190032,2018
"stress_lag","3256",2019,74.6,71.0824089689619,2018
"stress_lag","3257",2019,84.6,83.2878681279354,2018
"stress_lag","3351",2019,59.5,72.9901761202709,2018
"stress_lag","3352",2019,80.2,74.2290709069867,2018
"stress_lag","3353",2019,64.2,69.5014546410919,2018
"stress_lag","3354",2019,62.3,66.210354717188,2018
"stress_lag","3355",2019,60.8,68.1740079149257,2018
"stress_lag","3356",2019,78.2,71.0688272230411,2018
"stress_lag","3357",2019,65.7,67.1930801920554,2018
"stress_lag","3358",2019,64,68.6132997494716,2018
"stress_lag","3359",2019,81.3,72.590386470427,2018
"stress_lag","3360",2019,68.6,71.9623378606482,2018
"stress_lag","3361",2019,74.3,68.9889177665145,2018
"stress_lag","3451",2019,70.7,69.8411141488955,2018
"stress_lag","3452",2019,85.9,81.914024904353,2018
"stress_lag","3453",2019,68.6,69.5805870337315,2018
"stress_lag","3454",2019,58.7,68.0082292087821,2018
"stress_lag","3455",2019,83.8,86.9784845764908,2018
"stress_lag","3456",2019,57.1,68.1453506726059,2018
"stress_lag","3457",2019,88.9,87.2514523324648,2018
"stress_lag","3458",2019,63.6,69.492895081307,2018
"stress_lag","3459",2019,72,76.5011710825865,2018
"stress_lag","3460",2019,59.1,68.9170290333038,2018
"stress_lag","3462",2019,71.5,78.1559984826551,2018
"stress_lag","5116",2019,96.8,82.1251194145323,2018
"stress_lag","5154",2019,82.1,81.7361536719717,2018
"stress_lag","5158",2019,80.2,83.7522759237377,2018
"stress_lag","5162",2019,94.8,81.3209148052572,2018
"stress_lag","5166",2019,81.8,84.3770871447149,2018
"stress_lag","5170",2019,77.8,74.5764529513928,2018
"stress_lag","5334",2019,89.5,83.6844728586528,2018
"stress_lag","5358",2019,92.1,83.7496181778607,2018
"stress_lag","5362",2019,91.9,87.3860327038906,2018
"stress_lag","5366",2019,82.5,80.5561036686407,2018
"stress_lag","5370",2019,88.6,80.5718985901112,2018
"stress_lag","5382",2019,88.3,81.97972989479,2018
"stress_lag","5515",2019,84,81.7210128673497,2018
"stress_lag","5554",2019,71,76.0301786565358,2018
"stress_lag","5558",2019,80.5,79.1514486257282,2018
"stress_lag","5562",2019,75.8,67.9001587532207,2018
"stress_lag","5566",2019,63.6,66.2096186577641,2018
"stress_lag","5570",2019,69.1,71.8095932101686,2018
"stress_lag","5711",2019,73.5,79.750795767987,2018
"stress_lag","5754",2019,62.8,72.1070476732653,2018
"stress_lag","5758",2019,78,82.2034991857381,2018
"stress_lag","5762",2019,80.7,79.4878863984685,2018
"stress_lag","5766",2019,78.4,79.6492485076041,2018
"stress_lag","5770",2019,73.9,78.4320544291525,2018
"stress_lag","5774",2019,73.6,71.1808886347264,2018
"stress_lag","5915",2019,83.4,78.8293865546525,2018
"stress_lag","5958",2019,67.8,69.8690494789832,2018
"stress_lag","5962",2019,60.5,61.524169249236,2018
"stress_lag","5974",2019,82.2,83.6301033282983,2018
"stress_lag","5978",2019,78.1,80.9650882938358,2018
"stress_lag","6432",2019,64.8,63.068214970567,2018
"stress_lag","6433",2019,68.6,62.7242581183262,2018
"stress_lag","6435",2019,69.3,66.6807726024214,2018
"stress_lag","6439",2019,75.6,65.9994553907255,2018
"stress_lag","6440",2019,70,69.1549371375528,2018
"stress_lag","6531",2019,67.3,68.0273029703164,2018
"stress_lag","6533",2019,70.7,67.6731103580214,2018
"stress_lag","6534",2019,71,66.2531967114456,2018
"stress_lag","6535",2019,67.6,63.9543402744172,2018
"stress_lag","6631",2019,65.6,64.8520734744586,2018
"stress_lag","6632",2019,70.4,61.6475311842041,2018
"stress_lag","6633",2019,75,70.0369792728656,2018
"stress_lag","6634",2019,74.6,70.122550231595,2018
"stress_lag","6635",2019,66.4,67.1767178585653,2018
"stress_lag","6636",2019,68.7,61.4435568053905,2018
"stress_lag","7131",2019,86.7,71.9550548204171,2018
"stress_lag","7134",2019,63.8,67.1080076307901,2018
"stress_lag","7135",2019,80.4,73.7839635892222,2018
"stress_lag","7137",2019,87,80.3765255130544,2018
"stress_lag","7140",2019,86.2,78.1827390212579,2018
"stress_lag","7141",2019,79.1,74.8498901654351,2018
"stress_lag","7231",2019,80.5,70.0686390288671,2018
"stress_lag","7232",2019,72.2,69.752841308424,2018
"stress_lag","7233",2019,81.2,62.1045572555177,2018
"stress_lag","7235",2019,81.6,80.5681365394276,2018
"stress_lag","7331",2019,77.6,74.9622891090255,2018
"stress_lag","7333",2019,77.2,70.1288443009896,2018
"stress_lag","7336",2019,71.1,66.7642985071242,2018
"stress_lag","7340",2019,79.6,70.4100730155102,2018
"stress_lag","8115",2019,69.2,76.1511355910914,2018
"stress_lag","8116",2019,69.3,71.6600699799497,2018
"stress_lag","8117",2019,79.1,76.4506648751491,2018
"stress_lag","8118",2019,80.9,75.4539008634293,2018
"stress_lag","8119",2019,70.6,67.4359149088334,2018
"stress_lag","8125",2019,78.7,77.423938744164,2018
"stress_lag","8126",2019,74.9,71.2839136245345,2018
"stress_lag","8127",2019,77.3,75.6875030358432,2018
"stress_lag","8128",2019,65.9,63.1835462182906,2018
"stress_lag","8136",2019,70.6,76.7660523982741,2018
"stress_lag","8215",2019,71.9,68.7148103572244,2018
"stress_lag","8225",2019,68.9,64.539171478217,2018
"stress_lag","8226",2019,72.4,72.7140603910617,2018
"stress_lag","8236",2019,77.5,73.3469595646666,2018
"stress_lag","8237",2019,79.1,77.2398124015355,2018
"stress_lag","8315",2019,79.6,82.1331046878717,2018
"stress_lag","8317",2019,75.3,74.9860255271568,2018
"stress_lag","8325",2019,78.8,76.2933887529327,2018
"stress_lag","8326",2019,70.1,79.2942007137279,2018
"stress_lag","8327",2019,74.9,80.2862111981082,2018
"stress_lag","8337",2019,72.4,75.1334756670905,2018
"stress_lag","8415",2019,71.9,70.8146622479294,2018
"stress_lag","8416",2019,81.8,78.7963541413443,2018
"stress_lag","8417",2019,70,73.0441856378082,2018
"stress_lag","8425",2019,74.9,77.676800477009,2018
"stress_lag","8426",2019,76.4,81.5612330544846,2018
"stress_lag","8435",2019,70,76.0585399762893,2018
"stress_lag","8436",2019,69.5,78.6234568648097,2018
"stress_lag","8437",2019,80.2,81.1033095951036,2018
"stress_lag","9161",2019,71.2,72.6350770903951,2018
"stress_lag","9171",2019,78.4,78.6063495180117,2018
"stress_lag","9174",2019,78.8,81.0794827233553,2018
"stress_lag","9175",2019,73,73.8199950248714,2018
"stress_lag","9176",2019,71.9,74.7511867398276,2018
"stress_lag","9177",2019,82.6,78.0979447446827,2018
"stress_lag","9178",2019,76.5,76.8034072420035,2018
"stress_lag","9179",2019,76.2,81.9073431439034,2018
"stress_lag","9181",2019,67.3,81.3527573988222,2018
"stress_lag","9183",2019,73.5,81.5720458961057,2018
"stress_lag","9184",2019,58.4,74.6369828729809,2018
"stress_lag","9185",2019,79.3,75.8162077138467,2018
"stress_lag","9186",2019,68.2,72.9870158858307,2018
"stress_lag","9187",2019,65.9,73.106727797696,2018
"stress_lag","9189",2019,78.2,80.7999166189876,2018
"stress_lag","9190",2019,56.5,72.8675505844038,2018
"stress_lag","9271",2019,83.7,76.6835561227406,2018
"stress_lag","9272",2019,49.2,56.0830575275023,2018
"stress_lag","9273",2019,72.7,76.5895862090668,2018
"stress_lag","9274",2019,78,78.5725762925575,2018
"stress_lag","9275",2019,79.6,73.374565259599,2018
"stress_lag","9277",2019,77,74.4204695374714,2018
"stress_lag","9278",2019,76.8,75.0572190733801,2018
"stress_lag","9279",2019,84.4,81.6606050145857,2018
"stress_lag","9371",2019,56.6,66.9655366832227,2018
"stress_lag","9372",2019,58.7,71.2168184373994,2018
"stress_lag","9373",2019,61.6,67.4396798157275,2018
"stress_lag","9374",2019,60,68.9996608519771,2018
"stress_lag","9375",2019,67.4,70.8938479043656,2018
"stress_lag","9376",2019,57,70.1928725870909,2018
"stress_lag","9377",2019,71.7,74.8247153206765,2018
"stress_lag","9471",2019,60.2,57.6482865198041,2018
"stress_lag","9472",2019,60.8,65.117848074848,2018
"stress_lag","9473",2019,61.8,66.1104950589202,2018
"stress_lag","9474",2019,65.9,62.8355973118071,2018
"stress_lag","9475",2019,53.6,66.0098312638464,2018
"stress_lag","9476",2019,31.3,61.0175811963739,2018
"stress_lag","9477",2019,49.4,61.768192656003,2018
"stress_lag","9478",2019,50.5,61.3097155216111,2018
"stress_lag","9479",2019,52.9,70.0797064677161,2018
"stress_lag","9571",2019,63.9,67.8743716471287,2018
"stress_lag","9572",2019,66.7,64.0505220618467,2018
"stress_lag","9573",2019,68,68.4339226073158,2018
"stress_lag","9574",2019,52.6,54.7972160307673,2018
"stress_lag","9575",2019,70.1,71.1172372237907,2018
"stress_lag","9576",2019,50.2,57.5583275149915,2018
"stress_lag","9577",2019,65.3,75.5491297931635,2018
"stress_lag","9671",2019,63.8,66.0125670293878,2018
"stress_lag","9672",2019,64.1,61.5237464346198,2018
"stress_lag","9673",2019,66.3,64.4855738716099,2018
"stress_lag","9674",2019,63.6,57.6336842616566,2018
"stress_lag","9675",2019,68.2,69.3620583221816,2018
"stress_lag","9676",2019,80,78.5086073262198,2018
"stress_lag","9677",2019,65.3,65.9498454623022,2018
"stress_lag","9678",2019,63.3,65.1975521397466,2018
"stress_lag","9679",2019,68.1,72.6056565060131,2018
"stress_lag","9771",2019,78.4,83.7657948456193,2018
"stress_lag","9772",2019,64.2,75.6279664717014,2018
"stress_lag","9773",2019,78.4,77.5371891243063,2018
"stress_lag","9774",2019,77.9,77.7730091016632,2018
"stress_lag","9775",2019,78.2,84.7868477977708,2018
"stress_lag","9777",2019,89.8,80.1400938754586,2018
"stress_lag","9778",2019,79.4,81.9370880457532,2018
"stress_lag","9779",2019,72.4,78.1502056087115,2018
"anomaly_linear","1003",2019,100.8,83.0692333630615,2018
"anomaly_linear","1051",2019,92.2,82.6582955763518,2018
"anomaly_linear","1053",2019,86.7,77.6785562941929,2018
"anomaly_linear","1054",2019,89.7,80.783407141284,2018
"anomaly_linear","1055",2019,96.6,86.1616093546645,2018
"anomaly_linear","1056",2019,85.4,75.6298178056383,2018
"anomaly_linear","1057",2019,91.7,83.5281681961185,2018
"anomaly_linear","1058",2019,91.8,87.0735478177716,2018
"anomaly_linear","1059",2019,88.3,86.7386938141058,2018
"anomaly_linear","1060",2019,89.1,77.1305754177482,2018
"anomaly_linear","1061",2019,80.1,79.9119038189237,2018
"anomaly_linear","1062",2019,84.8,76.4092400745567,2018
"anomaly_linear","12060",2019,53.2,52.5479365623571,2018
"anomaly_linear","12061",2019,49.3,54.0998674039374,2018
"anomaly_linear","12062",2019,50.8,53.2268305844549,2018
"anomaly_linear","12063",2019,48.9,58.5553729495748,2018
"anomaly_linear","12064",2019,63.4,60.5836199642656,2018
"anomaly_linear","12065",2019,45.5,50.6704846115703,2018
"anomaly_linear","12066",2019,34.3,47.7682414140061,2018
"anomaly_linear","12067",2019,52,54.2823617006586,2018
"anomaly_linear","12068",2019,50.3,56.937526226884,2018
"anomaly_linear","12069",2019,47.4,54.6894559918082,2018
"anomaly_linear","12070",2019,49.3,63.6146945950992,2018
"anomaly_linear","12071",2019,43.4,49.7466670087832,2018
"anomaly_linear","12072",2019,50.4,55.9692532014647,2018
"anomaly_linear","12073",2019,67.3,63.3133189231528,2018
"anomaly_linear","13071",2019,73.1,66.7907174949636,2018
"anomaly_linear","13072",2019,81.2,69.0383864324893,2018
"anomaly_linear","13073",2019,93,75.7394995193936,2018
"anomaly_linear","13074",2019,88.5,75.9596138067291,2018
"anomaly_linear","13075",2019,81.1,67.8222759487476,2018
"anomaly_linear","13076",2019,60.6,61.5464716817791,2018
"anomaly_linear","14511",2019,77.8,81.0968094146088,2018
"anomaly_linear","14521",2019,67.3,65.5452517042238,2018
"anomaly_linear","14522",2019,80.7,72.585626318394,2018
"anomaly_linear","14523",2019,66.7,66.5326984015775,2018
"anomaly_linear","14524",2019,83.4,74.1994264177386,2018
"anomaly_linear","14625",2019,72.8,67.3855603982157,2018
"anomaly_linear","14626",2019,76.4,67.0238243706243,2018
"anomaly_linear","14627",2019,70.9,65.4397054832458,2018
"anomaly_linear","14628",2019,70.6,65.6232060656131,2018
"anomaly_linear","14713",2019,72.3,72.314463283285,2018
"anomaly_linear","14729",2019,78.7,72.2488791927299,2018
"anomaly_linear","14730",2019,64.8,67.4454510493339,2018
"anomaly_linear","15001",2019,48.5,56.5732945056264,2018
"anomaly_linear","15081",2019,58.4,58.2980919812524,2018
"anomaly_linear","15082",2019,53.1,63.0234263896989,2018
"anomaly_linear","15083",2019,79,77.3092078210978,2018
"anomaly_linear","15084",2019,77.3,77.8370725577467,2018
"anomaly_linear","15085",2019,76,75.2652422000021,2018
"anomaly_linear","15086",2019,58,58.848227817784,2018
"anomaly_linear","15087",2019,68.1,68.9869699651859,2018
"anomaly_linear","15088",2019,62.2,78.5344338346071,2018
"anomaly_linear","15089",2019,66.6,70.0184544798034,2018
"anomaly_linear","15090",2019,57.3,60.6450331255566,2018
"anomaly_linear","15091",2019,56.2,58.4576379570557,2018
"anomaly_linear","16051",2019,71,74.0237580508679,2018
"anomaly_linear","16052",2019,96.6,79.678958565573,2018
"anomaly_linear","16056",2019,68.4,64.1452155066588,2018
"anomaly_linear","16061",2019,83.2,72.1725972638899,2018
"anomaly_linear","16062",2019,81,71.5221469215602,2018
"anomaly_linear","16063",2019,76.2,64.288404259283,2018
"anomaly_linear","16064",2019,75.7,71.186547388964,2018
"anomaly_linear","16065",2019,66.9,72.2166661842936,2018
"anomaly_linear","16066",2019,69.2,63.8099805559677,2018
"anomaly_linear","16067",2019,81.4,76.320099366246,2018
"anomaly_linear","16068",2019,63.1,71.0961088386017,2018
"anomaly_linear","16069",2019,66.7,56.8524693379225,2018
"anomaly_linear","16070",2019,62.5,63.8481223888534,2018
"anomaly_linear","16071",2019,76.7,73.0887661857012,2018
"anomaly_linear","16072",2019,65,62.0466645398797,2018
"anomaly_linear","16073",2019,68.5,64.9440834751659,2018
"anomaly_linear","16074",2019,78.9,71.0474726822098,2018
"anomaly_linear","16075",2019,77.7,75.9330346761718,2018
"anomaly_linear","16076",2019,78.5,76.2270918993554,2018
"anomaly_linear","16077",2019,91,80.4731574718556,2018
"anomaly_linear","3101",2019,79.5,74.26054494878,2018
"anomaly_linear","3102",2019,91.9,81.4519834982559,2018
"anomaly_linear","3103",2019,77.6,68.1775602651592,2018
"anomaly_linear","3151",2019,73.8,71.543160665433,2018
"anomaly_linear","3153",2019,84.9,80.1585583002683,2018
"anomaly_linear","3154",2019,77.4,73.7337311743643,2018
"anomaly_linear","3155",2019,82.9,78.0421115295269,2018
"anomaly_linear","3157",2019,86.1,80.4999983492195,2018
"anomaly_linear","3158",2019,86.9,79.4355462138387,2018
"anomaly_linear","3159",2019,79.3,75.2904739729574,2018
"anomaly_linear","3241",2019,72.2,72.3263830911846,2018
"anomaly_linear","3251",2019,70.1,72.5672606273771,2018
"anomaly_linear","3252",2019,82.5,77.6665128101307,2018
"anomaly_linear","3254",2019,75.1,80.3331005983979,2018
"anomaly_linear","3255",2019,75.8,74.6983864621814,2018
"anomaly_linear","3256",2019,74.6,70.181205477513,2018
"anomaly_linear","3257",2019,84.6,79.7841469324177,2018
"anomaly_linear","3351",2019,59.5,71.5754240429492,2018
"anomaly_linear","3352",2019,80.2,71.3749844691576,2018
"anomaly_linear","3353",2019,64.2,67.3802730326369,2018
"anomaly_linear","3354",2019,62.3,64.8441952974185,2018
"anomaly_linear","3355",2019,60.8,65.8944167267287,2018
"anomaly_linear","3356",2019,78.2,67.1260427694081,2018
"anomaly_linear","3357",2019,65.7,64.9583515062181,2018
"anomaly_linear","3358",2019,64,66.3849327781353,2018
"anomaly_linear","3359",2019,81.3,72.9044959712815,2018
"anomaly_linear","3360",2019,68.6,70.6778568805272,2018
"anomaly_linear","3361",2019,74.3,66.4793857290628,2018
"anomaly_linear","3451",2019,70.7,69.7482692698794,2018
"anomaly_linear","3452",2019,85.9,78.3854340054661,2018
"anomaly_linear","3453",2019,68.6,69.2452294000474,2018
"anomaly_linear","3454",2019,58.7,67.4023199399611,2018
"anomaly_linear","3455",2019,83.8,83.153676637022,2018
"anomaly_linear","3456",2019,57.1,67.0455090717886,2018
"anomaly_linear","3457",2019,88.9,81.6526255224688,2018
"anomaly_linear","3458",2019,63.6,67.7757276647135,2018
"anomaly_linear","3459",2019,72,73.5672331786987,2018
"anomaly_linear","3460",2019,59.1,66.9179917813659,2018
"anomaly_linear","3462",2019,71.5,77.4390218634208,2018
"anomaly_linear","5116",2019,96.8,78.9934586335328,2018
"anomaly_linear","5154",2019,82.1,78.4268221315611,2018
"anomaly_linear","5158",2019,80.2,81.8485711825086,2018
"anomaly_linear","5162",2019,94.8,81.3024168389415,2018
"anomaly_linear","5166",2019,81.8,80.0938459283017,2018
"anomaly_linear","5170",2019,77.8,73.280234757789,2018
"anomaly_linear","5334",2019,89.5,83.6796691766221,2018
"anomaly_linear","5358",2019,92.1,81.7468217324354,2018
"anomaly_linear","5362",2019,91.9,84.4046348776386,2018
"anomaly_linear","5366",2019,82.5,77.4765098823534,2018
"anomaly_linear","5370",2019,88.6,79.2073204284952,2018
"anomaly_linear","5382",2019,88.3,78.9801140371068,2018
"anomaly_linear","5515",2019,84,77.8442502076161,2018
"anomaly_linear","5554",2019,71,74.8636653534701,2018
"anomaly_linear","5558",2019,80.5,77.6007312200543,2018
"anomaly_linear","5562",2019,75.8,70.0873660598651,2018
"anomaly_linear","5566",2019,63.6,66.2328709897282,2018
"anomaly_linear","5570",2019,69.1,70.7790071943966,2018
"anomaly_linear","5711",2019,73.5,76.3394580051894,2018
"anomaly_linear","5754",2019,62.8,69.9765913773923,2018
"anomaly_linear","5758",2019,78,78.1700784962843,2018
"anomaly_linear","5762",2019,80.7,76.6112846773105,2018
"anomaly_linear","5766",2019,78.4,77.0454059514412,2018
"anomaly_linear","5770",2019,73.9,75.1450201609484,2018
"anomaly_linear","5774",2019,73.6,69.5592919331224,2018
"anomaly_linear","5915",2019,83.4,77.7410793421222,2018
"anomaly_linear","5958",2019,67.8,69.8271973841464,2018
"anomaly_linear","5962",2019,60.5,66.4316289292608,2018
"anomaly_linear","5974",2019,82.2,80.39756975777,2018
"anomaly_linear","5978",2019,78.1,79.2699121826319,2018
"anomaly_linear","6432",2019,64.8,66.1627698768167,2018
"anomaly_linear","6433",2019,68.6,64.5074241747031,2018
"anomaly_linear","6435",2019,69.3,67.0954157241282,2018
"anomaly_linear","6439",2019,75.6,65.0022350992416,2018
"anomaly_linear","6440",2019,70,69.1139833668085,2018
"anomaly_linear","6531",2019,67.3,65.823789784737,2018
"anomaly_linear","6533",2019,70.7,67.0495473111811,2018
"anomaly_linear","6534",2019,71,64.019564353615,2018
"anomaly_linear","6535",2019,67.6,65.5189772705024,2018
"anomaly_linear","6631",2019,65.6,65.0327018815756,2018
"anomaly_linear","6632",2019,70.4,62.3826223034075,2018
"anomaly_linear","6633",2019,75,68.4581576058043,2018
"anomaly_linear","6634",2019,74.6,68.7562299507254,2018
"anomaly_linear","6635",2019,66.4,65.4414842626864,2018
"anomaly_linear","6636",2019,68.7,63.9041017091453,2018
"anomaly_linear","7131",2019,86.7,69.1017578689684,2018
"anomaly_linear","7134",2019,63.8,62.160287497223,2018
"anomaly_linear","7135",2019,80.4,68.0891043947965,2018
"anomaly_linear","7137",2019,87,76.1482276133383,2018
"anomaly_linear","7140",2019,86.2,71.7834421921415,2018
"anomaly_linear","7141",2019,79.1,70.5825997926711,2018
"anomaly_linear","7231",2019,80.5,65.5985505478661,2018
"anomaly_linear","7232",2019,72.2,67.2697602932399,2018
"anomaly_linear","7233",2019,81.2,64.8534775575476,2018
"anomaly_linear","7235",2019,81.6,74.1215806338522,2018
"anomaly_linear","7331",2019,77.6,73.0532876305953,2018
"anomaly_linear","7333",2019,77.2,68.2532439058429,2018
"anomaly_linear","7336",2019,71.1,62.6487062626781,2018
"anomaly_linear","7340",2019,79.6,66.5631197148806,2018
"anomaly_linear","8115",2019,69.2,72.4164916717837,2018
"anomaly_linear","8116",2019,69.3,68.8372524386204,2018
"anomaly_linear","8117",2019,79.1,73.3089228702898,2018
"anomaly_linear","8118",2019,80.9,72.8569794851628,2018
"anomaly_linear","8119",2019,70.6,65.4208892070969,2018
"anomaly_linear","8125",2019,78.7,73.7180310767682,2018
"anomaly_linear","8126",2019,74.9,68.2967067360528,2018
"anomaly_linear","8127",2019,77.3,70.072266663372,2018
"anomaly_linear","8128",2019,65.9,63.5324698673865,2018
"anomaly_linear","8136",2019,70.6,69.7719358621598,2018
"anomaly_linear","8215",2019,71.9,67.3866003105877,2018
"anomaly_linear","8225",2019,68.9,63.4194975353433,2018
"anomaly_linear","8226",2019,72.4,70.7414451725468,2018
"anomaly_linear","8236",2019,77.5,70.8167065754347,2018
"anomaly_linear","8237",2019,79.1,71.3995464935674,2018
"anomaly_linear","8315",2019,79.6,74.1514115270914,2018
"anomaly_linear","8317",2019,75.3,71.8082362421714,2018
"anomaly_linear","8325",2019,78.8,70.5005265515839,2018
"anomaly_linear","8326",2019,70.1,71.1458047085893,2018
"anomaly_linear","8327",2019,74.9,70.9779393833068,2018
"anomaly_linear","8337",2019,72.4,69.8450346526977,2018
"anomaly_linear","8415",2019,71.9,68.1060043119871,2018
"anomaly_linear","8416",2019,81.8,71.4905860846821,2018
"anomaly_linear","8417",2019,70,66.3115337683994,2018
"anomaly_linear","8425",2019,74.9,74.1353365424433,2018
"anomaly_linear","8426",2019,76.4,77.1806671260502,2018
"anomaly_linear","8435",2019,70,73.1098609561014,2018
"anomaly_linear","8436",2019,69.5,76.5496160109782,2018
"anomaly_linear","8437",2019,80.2,76.4589831812277,2018
"anomaly_linear","9161",2019,71.2,66.3616702003376,2018
"anomaly_linear","9171",2019,78.4,70.3991729787932,2018
"anomaly_linear","9174",2019,78.8,72.5187711867367,2018
"anomaly_linear","9175",2019,73,67.112722951711,2018
"anomaly_linear","9176",2019,71.9,67.4701225512806,2018
"anomaly_linear","9177",2019,82.6,70.8803991383635,2018
"anomaly_linear","9178",2019,76.5,70.1064511670711,2018
"anomaly_linear","9179",2019,76.2,73.4256191666215,2018
"anomaly_linear","9181",2019,67.3,74.1924974677922,2018
"anomaly_linear","9183",2019,73.5,73.2989682273015,2018
"anomaly_linear","9184",2019,58.4,66.1691427228235,2018
"anomaly_linear","9185",2019,79.3,69.9387623944311,2018
"anomaly_linear","9186",2019,68.2,67.3908525860254,2018
"anomaly_linear","9187",2019,65.9,64.1493765612829,2018
"anomaly_linear","9189",2019,78.2,70.3074764750694,2018
"anomaly_linear","9190",2019,56.5,64.8737954831986,2018
"anomaly_linear","9271",2019,83.7,71.6897981360348,2018
"anomaly_linear","9272",2019,49.2,51.8978471333322,2018
"anomaly_linear","9273",2019,72.7,69.5014660035348,2018
"anomaly_linear","9274",2019,78,72.3389753562477,2018
"anomaly_linear","9275",2019,79.6,66.2883610304004,2018
"anomaly_linear","9277",2019,77,66.5710308603384,2018
"anomaly_linear","9278",2019,76.8,69.4934475348456,2018
"anomaly_linear","9279",2019,84.4,74.9272193902323,2018
"anomaly_linear","9371",2019,56.6,60.7360572354906,2018
"anomaly_linear","9372",2019,58.7,61.9599048487678,2018
"anomaly_linear","9373",2019,61.6,62.1958497201896,2018
"anomaly_linear","9374",2019,60,62.064231709871,2018
"anomaly_linear","9375",2019,67.4,64.6343814188493,2018
"anomaly_linear","9376",2019,57,61.820076743538,2018
"anomaly_linear","9377",2019,71.7,67.2522711336263,2018
"anomaly_linear","9471",2019,60.2,58.8336827079378,2018
"anomaly_linear","9472",2019,60.8,62.7656589102221,2018
"anomaly_linear","9473",2019,61.8,62.9570392012571,2018
"anomaly_linear","9474",2019,65.9,61.6890688639535,2018
"anomaly_linear","9475",2019,53.6,62.5748982458892,2018
"anomaly_linear","9476",2019,31.3,58.1404017778198,2018
"anomaly_linear","9477",2019,49.4,59.3262233049078,2018
"anomaly_linear","9478",2019,50.5,60.3213903405998,2018
"anomaly_linear","9479",2019,52.9,66.048872989517,2018
"anomaly_linear","9571",2019,63.9,64.1098579855465,2018
"anomaly_linear","9572",2019,66.7,60.4406354628564,2018
"anomaly_linear","9573",2019,68,64.2721383259684,2018
"anomaly_linear","9574",2019,52.6,54.4695444885147,2018
"anomaly_linear","9575",2019,70.1,68.1195293591889,2018
"anomaly_linear","9576",2019,50.2,54.3386625021262,2018
"anomaly_linear","9577",2019,65.3,68.0924690839742,2018
"anomaly_linear","9671",2019,63.8,65.915883948995,2018
"anomaly_linear","9672",2019,64.1,61.392991099633,2018
"anomaly_linear","9673",2019,66.3,62.4468162682771,2018
"anomaly_linear","9674",2019,63.6,57.695010609004,2018
"anomaly_linear","9675",2019,68.2,66.1765256797643,2018
"anomaly_linear","9676",2019,80,75.0385899344021,2018
"anomaly_linear","9677",2019,65.3,65.1522783336615,2018
"anomaly_linear","9678",2019,63.3,62.4357182503558,2018
"anomaly_linear","9679",2019,68.1,70.3335634173105,2018
"anomaly_linear","9771",2019,78.4,75.701687961476,2018
"anomaly_linear","9772",2019,64.2,71.4062757040657,2018
"anomaly_linear","9773",2019,78.4,75.1295465136848,2018
"anomaly_linear","9774",2019,77.9,75.7384944750507,2018
"anomaly_linear","9775",2019,78.2,79.1996083199825,2018
"anomaly_linear","9777",2019,89.8,77.4644095027957,2018
"anomaly_linear","9778",2019,79.4,77.2327587112556,2018
"anomaly_linear","9779",2019,72.4,70.7836405102242,2018
"anomaly_tails","1003",2019,100.8,74.2432104036974,2018
"anomaly_tails","1051",2019,92.2,70.3297048689848,2018
"anomaly_tails","1053",2019,86.7,67.7797740508217,2018
"anomaly_tails","1054",2019,89.7,70.0166763704461,2018
"anomaly_tails","1055",2019,96.6,75.0217235640031,2018
"anomaly_tails","1056",2019,85.4,64.7186844645553,2018
"anomaly_tails","1057",2019,91.7,71.5302578954507,2018
"anomaly_tails","1058",2019,91.8,75.4019144107593,2018
"anomaly_tails","1059",2019,88.3,73.4327247871208,2018
"anomaly_tails","1060",2019,89.1,65.8472938088774,2018
"anomaly_tails","1061",2019,80.1,70.668181570318,2018
"anomaly_tails","1062",2019,84.8,65.6741604532433,2018
"anomaly_tails","12060",2019,53.2,52.9935642471152,2018
"anomaly_tails","12061",2019,49.3,51.5473186225755,2018
"anomaly_tails","12062",2019,50.8,50.9056171235858,2018
"anomaly_tails","12063",2019,48.9,53.2807542948746,2018
"anomaly_tails","12064",2019,63.4,58.2965405259801,2018
"anomaly_tails","12065",2019,45.5,49.2805230385272,2018
"anomaly_tails","12066",2019,34.3,43.7237532298668,2018
"anomaly_tails","12067",2019,52,51.150230156062,2018
"anomaly_tails","12068",2019,50.3,53.5844293979947,2018
"anomaly_tails","12069",2019,47.4,47.7143744064222,2018
"anomaly_tails","12070",2019,49.3,56.6997006845416,2018
"anomaly_tails","12071",2019,43.4,48.287690831634,2018
"anomaly_tails","12072",2019,50.4,51.9419670679248,2018
"anomaly_tails","12073",2019,67.3,57.8822364716667,2018
"anomaly_tails","13071",2019,73.1,60.3766591471437,2018
"anomaly_tails","13072",2019,81.2,63.0987856667037,2018
"anomaly_tails","13073",2019,93,70.5507930701085,2018
"anomaly_tails","13074",2019,88.5,67.7170283000066,2018
"anomaly_tails","13075",2019,81.1,61.2716755651227,2018
"anomaly_tails","13076",2019,60.6,55.6070973446651,2018
"anomaly_tails","14511",2019,77.8,69.4028615096109,2018
"anomaly_tails","14521",2019,67.3,58.8737723064729,2018
"anomaly_tails","14522",2019,80.7,64.9267013242141,2018
"anomaly_tails","14523",2019,66.7,59.3080033796226,2018
"anomaly_tails","14524",2019,83.4,66.3751095714865,2018
"anomaly_tails","14625",2019,72.8,60.5673539617391,2018
"anomaly_tails","14626",2019,76.4,59.5746893970269,2018
"anomaly_tails","14627",2019,70.9,60.6065604283651,2018
"anomaly_tails","14628",2019,70.6,60.1279158418699,2018
"anomaly_tails","14713",2019,72.3,64.8341203893394,2018
"anomaly_tails","14729",2019,78.7,63.9979429463462,2018
"anomaly_tails","14730",2019,64.8,60.330307329963,2018
"anomaly_tails","15001",2019,48.5,47.6065646690486,2018
"anomaly_tails","15081",2019,58.4,51.7929543059559,2018
"anomaly_tails","15082",2019,53.1,52.8398186895504,2018
"anomaly_tails","15083",2019,79,69.3803845981221,2018
"anomaly_tails","15084",2019,77.3,69.8117773516616,2018
"anomaly_tails","15085",2019,76,69.5389357377534,2018
"anomaly_tails","15086",2019,58,53.2370203916579,2018
"anomaly_tails","15087",2019,68.1,61.4846183391859,2018
"anomaly_tails","15088",2019,62.2,68.048521145995,2018
"anomaly_tails","15089",2019,66.6,62.3420103783763,2018
"anomaly_tails","15090",2019,57.3,54.0132821265488,2018
"anomaly_tails","15091",2019,56.2,52.3603908634179,2018
"anomaly_tails","16051",2019,71,66.3233600910124,2018
"anomaly_tails","16052",2019,96.6,70.3094983962666,2018
"anomaly_tails","16056",2019,68.4,61.966989855178,2018
"anomaly_tails","16061",2019,83.2,66.0226122413375,2018
"anomaly_tails","16062",2019,81,64.6099110896582,2018
"anomaly_tails","16063",2019,76.2,62.0595002274702,2018
"anomaly_tails","16064",2019,75.7,66.9577639313722,2018
"anomaly_tails","16065",2019,66.9,66.2317103653057,2018
"anomaly_tails","16066",2019,69.2,62.9184816964554,2018
"anomaly_tails","16067",2019,81.4,70.886614223509,2018
"anomaly_tails","16068",2019,63.1,64.1488165668575,2018
"anomaly_tails","16069",2019,66.7,53.7128538129441,2018
"anomaly_tails","16070",2019,62.5,59.8236115143318,2018
"anomaly_tails","16071",2019,76.7,65.9091527688825,2018
"anomaly_tails","16072",2019,65,57.5557560058768,2018
"anomaly_tails","16073",2019,68.5,60.7758901670634,2018
"anomaly_tails","16074",2019,78.9,65.903354240151,2018
"anomaly_tails","16075",2019,77.7,68.1432425457215,2018
"anomaly_tails","16076",2019,78.5,68.4928030629492,2018
"anomaly_tails","16077",2019,91,72.3594387563185,2018
"anomaly_tails","3101",2019,79.5,66.5341921362633,2018
"anomaly_tails","3102",2019,91.9,70.9740715145786,2018
"anomaly_tails","3103",2019,77.6,59.9160569839427,2018
"anomaly_tails","3151",2019,73.8,65.756778033244,2018
"anomaly_tails","3153",2019,84.9,76.1344473047805,2018
"anomaly_tails","3154",2019,77.4,66.814633973923,2018
"anomaly_tails","3155",2019,82.9,71.1006613009044,2018
"anomaly_tails","3157",2019,86.1,74.7446528738206,2018
"anomaly_tails","3158",2019,86.9,70.8707915594996,2018
"anomaly_tails","3159",2019,79.3,68.3154822115573,2018
"anomaly_tails","3241",2019,72.2,65.7977846978106,2018
"anomaly_tails","3251",2019,70.1,67.4231111847849,2018
"anomaly_tails","3252",2019,82.5,69.7094028302377,2018
"anomaly_tails","3254",2019,75.1,72.6109595578837,2018
"anomaly_tails","3255",2019,75.8,66.2745931034408,2018
"anomaly_tails","3256",2019,74.6,65.1428762579164,2018
"anomaly_tails","3257",2019,84.6,72.7153863950732,2018
"anomaly_tails","3351",2019,59.5,67.147937680533,2018
"anomaly_tails","3352",2019,80.2,67.3159983017043,2018
"anomaly_tails","3353",2019,64.2,62.0063690602588,2018
"anomaly_tails","3354",2019,62.3,55.3075522307731,2018
"anomaly_tails","3355",2019,60.8,57.9690923665217,2018
"anomaly_tails","3356",2019,78.2,65.2221935942716,2018
"anomaly_tails","3357",2019,65.7,58.0271161830534,2018
"anomaly_tails","3358",2019,64,59.2997866933105,2018
"anomaly_tails","3359",2019,81.3,67.9004014477266,2018
"anomaly_tails","3360",2019,68.6,63.1102431181045,2018
"anomaly_tails","3361",2019,74.3,57.3609383423999,2018
"anomaly_tails","3451",2019,70.7,67.7168020397306,2018
"anomaly_tails","3452",2019,85.9,70.8417456229512,2018
"anomaly_tails","3453",2019,68.6,65.2080317112695,2018
"anomaly_tails","3454",2019,58.7,64.6677708954934,2018
"anomaly_tails","3455",2019,83.8,78.5664610236575,2018
"anomaly_tails","3456",2019,57.1,64.7865046196147,2018
"anomaly_tails","3457",2019,88.9,73.1036759690997,2018
"anomaly_tails","3458",2019,63.6,62.4928065815469,2018
"anomaly_tails","3459",2019,72,68.7978809472419,2018
"anomaly_tails","3460",2019,59.1,58.460299309741,2018
"anomaly_tails","3462",2019,71.5,73.3049929817503,2018
"anomaly_tails","5116",2019,96.8,68.6725507799667,2018
"anomaly_tails","5154",2019,82.1,72.293795688978,2018
"anomaly_tails","5158",2019,80.2,73.5302992267388,2018
"anomaly_tails","5162",2019,94.8,78.091908295696,2018
"anomaly_tails","5166",2019,81.8,73.2625477174624,2018
"anomaly_tails","5170",2019,77.8,67.4541790135882,2018
"anomaly_tails","5334",2019,89.5,81.8152381826016,2018
"anomaly_tails","5358",2019,92.1,77.1129580455417,2018
"anomaly_tails","5362",2019,91.9,78.8662396255419,2018
"anomaly_tails","5366",2019,82.5,74.5856140329038,2018
"anomaly_tails","5370",2019,88.6,76.7392663871071,2018
"anomaly_tails","5382",2019,88.3,75.517356698431,2018
"anomaly_tails","5515",2019,84,73.2229977525659,2018
"anomaly_tails","5554",2019,71,70.3759916481249,2018
"anomaly_tails","5558",2019,80.5,72.0084198494903,2018
"anomaly_tails","5562",2019,75.8,65.2183647304006,2018
"anomaly_tails","5566",2019,63.6,64.5797056556938,2018
"anomaly_tails","5570",2019,69.1,62.8155246145818,2018
"anomaly_tails","5711",2019,73.5,68.4977104072851,2018
"anomaly_tails","5754",2019,62.8,62.4199218649575,2018
"anomaly_tails","5758",2019,78,70.4386980815848,2018
"anomaly_tails","5762",2019,80.7,71.2920356431674,2018
"anomaly_tails","5766",2019,78.4,69.282880041594,2018
"anomaly_tails","5770",2019,73.9,69.4894593800852,2018
"anomaly_tails","5774",2019,73.6,62.865291419972,2018
"anomaly_tails","5915",2019,83.4,73.6959981314928,2018
"anomaly_tails","5958",2019,67.8,62.7147595807894,2018
"anomaly_tails","5962",2019,60.5,60.337120540006,2018
"anomaly_tails","5974",2019,82.2,74.3925674231661,2018
"anomaly_tails","5978",2019,78.1,69.4715169094617,2018
"anomaly_tails","6432",2019,64.8,64.5082003193503,2018
"anomaly_tails","6433",2019,68.6,63.9006094571315,2018
"anomaly_tails","6435",2019,69.3,62.6613566477266,2018
"anomaly_tails","6439",2019,75.6,63.8862082449285,2018
"anomaly_tails","6440",2019,70,63.685332302244,2018
"anomaly_tails","6531",2019,67.3,61.4456776105351,2018
"anomaly_tails","6533",2019,70.7,64.9627443202814,2018
"anomaly_tails","6534",2019,71,61.1792694783939,2018
"anomaly_tails","6535",2019,67.6,62.224433563768,2018
"anomaly_tails","6631",2019,65.6,61.7691164389133,2018
"anomaly_tails","6632",2019,70.4,58.9313967046682,2018
"anomaly_tails","6633",2019,75,64.1802039488959,2018
"anomaly_tails","6634",2019,74.6,63.8259581152898,2018
"anomaly_tails","6635",2019,66.4,63.5064343401936,2018
"anomaly_tails","6636",2019,68.7,62.3012744565819,2018
"anomaly_tails","7131",2019,86.7,66.2871637649235,2018
"anomaly_tails","7134",2019,63.8,63.2121767846961,2018
"anomaly_tails","7135",2019,80.4,66.77050546585,2018
"anomaly_tails","7137",2019,87,75.1546006803153,2018
"anomaly_tails","7140",2019,86.2,70.9026086015783,2018
"anomaly_tails","7141",2019,79.1,68.319181741647,2018
"anomaly_tails","7231",2019,80.5,66.5438457085665,2018
"anomaly_tails","7232",2019,72.2,66.2472145878276,2018
"anomaly_tails","7233",2019,81.2,62.4807126586884,2018
"anomaly_tails","7235",2019,81.6,73.7980320519197,2018
"anomaly_tails","7331",2019,77.6,72.7615711813361,2018
"anomaly_tails","7333",2019,77.2,68.8591372431512,2018
"anomaly_tails","7336",2019,71.1,66.2895072888249,2018
"anomaly_tails","7340",2019,79.6,65.5111979662194,2018
"anomaly_tails","8115",2019,69.2,70.1633731251379,2018
"anomaly_tails","8116",2019,69.3,68.2843363280276,2018
"anomaly_tails","8117",2019,79.1,72.334188278263,2018
"anomaly_tails","8118",2019,80.9,70.3613941174592,2018
"anomaly_tails","8119",2019,70.6,60.8810635726861,2018
"anomaly_tails","8125",2019,78.7,69.9736621403126,2018
"anomaly_tails","8126",2019,74.9,63.1200333773683,2018
"anomaly_tails","8127",2019,77.3,63.7449556037876,2018
"anomaly_tails","8128",2019,65.9,63.2833202568036,2018
"anomaly_tails","8136",2019,70.6,68.2367303491166,2018
"anomaly_tails","8215",2019,71.9,65.2665458567936,2018
"anomaly_tails","8225",2019,68.9,61.4578625537172,2018
"anomaly_tails","8226",2019,72.4,67.3107460116209,2018
"anomaly_tails","8236",2019,77.5,70.2018095187002,2018
"anomaly_tails","8237",2019,79.1,69.8651289252278,2018
"anomaly_tails","8315",2019,79.6,70.9753691621683,2018
"anomaly_tails","8317",2019,75.3,72.5346360622997,2018
"anomaly_tails","8325",2019,78.8,71.5261071946544,2018
"anomaly_tails","8326",2019,70.1,69.7486030982321,2018
"anomaly_tails","8327",2019,74.9,69.4446689899236,2018
"anomaly_tails","8337",2019,72.4,70.2516860194971,2018
"anomaly_tails","8415",2019,71.9,70.5888272708229,2018
"anomaly_tails","8416",2019,81.8,74.6707827466573,2018
"anomaly_tails","8417",2019,70,69.4063718383617,2018
"anomaly_tails","8425",2019,74.9,73.3123533184907,2018
"anomaly_tails","8426",2019,76.4,77.3122822716242,2018
"anomaly_tails","8435",2019,70,70.2147197285875,2018
"anomaly_tails","8436",2019,69.5,77.5159393887673,2018
"anomaly_tails","8437",2019,80.2,76.7699061823838,2018
"anomaly_tails","9161",2019,71.2,65.3643173737378,2018
"anomaly_tails","9171",2019,78.4,74.5711665696736,2018
"anomaly_tails","9174",2019,78.8,74.2277970109789,2018
"anomaly_tails","9175",2019,73,67.1343429563078,2018
"anomaly_tails","9176",2019,71.9,64.4831736087566,2018
"anomaly_tails","9177",2019,82.6,71.9586882651045,2018
"anomaly_tails","9178",2019,76.5,71.3540712083429,2018
"anomaly_tails","9179",2019,76.2,75.5892911964885,2018
"anomaly_tails","9181",2019,67.3,74.8360589272801,2018
"anomaly_tails","9183",2019,73.5,78.4152626420955,2018
"anomaly_tails","9184",2019,58.4,65.1550757248973,2018
"anomaly_tails","9185",2019,79.3,72.8143738485094,2018
"anomaly_tails","9186",2019,68.2,67.3609951874888,2018
"anomaly_tails","9187",2019,65.9,65.5164931651821,2018
"anomaly_tails","9189",2019,78.2,70.8880965200689,2018
"anomaly_tails","9190",2019,56.5,67.3643616450917,2018
"anomaly_tails","9271",2019,83.7,73.1756705048608,2018
"anomaly_tails","9272",2019,49.2,54.4322563020272,2018
"anomaly_tails","9273",2019,72.7,67.3420505302261,2018
"anomaly_tails","9274",2019,78,72.2939287259475,2018
"anomaly_tails","9275",2019,79.6,67.7807863961014,2018
"anomaly_tails","9277",2019,77,68.7501778275082,2018
"anomaly_tails","9278",2019,76.8,67.7129967348547,2018
"anomaly_tails","9279",2019,84.4,75.2450459501328,2018
"anomaly_tails","9371",2019,56.6,52.9517515288597,2018
"anomaly_tails","9372",2019,58.7,57.6652220294555,2018
"anomaly_tails","9373",2019,61.6,58.4485301074149,2018
"anomaly_tails","9374",2019,60,53.6380450911997,2018
"anomaly_tails","9375",2019,67.4,62.5771002715097,2018
"anomaly_tails","9376",2019,57,54.9443212656926,2018
"anomaly_tails","9377",2019,71.7,60.1091543641672,2018
"anomaly_tails","9471",2019,60.2,52.845439424097,2018
"anomaly_tails","9472",2019,60.8,55.2806915971434,2018
"anomaly_tails","9473",2019,61.8,56.1038760007794,2018
"anomaly_tails","9474",2019,65.9,53.5036134533502,2018
"anomaly_tails","9475",2019,53.6,58.1528182108667,2018
"anomaly_tails","9476",2019,31.3,52.2443902842599,2018
"anomaly_tails","9477",2019,49.4,51.4875182709466,2018
"anomaly_tails","9478",2019,50.5,52.4300703174938,2018
"anomaly_tails","9479",2019,52.9,60.7275012250449,2018
"anomaly_tails","9571",2019,63.9,61.1284706068168,2018
"anomaly_tails","9572",2019,66.7,55.6125089907453,2018
"anomaly_tails","9573",2019,68,63.3307813252402,2018
"anomaly_tails","9574",2019,52.6,48.4907676900952,2018
"anomaly_tails","9575",2019,70.1,62.4856170692776,2018
"anomaly_tails","9576",2019,50.2,52.8952967495988,2018
"anomaly_tails","9577",2019,65.3,66.8347833904175,2018
"anomaly_tails","9671",2019,63.8,59.7096697755605,2018
"anomaly_tails","9672",2019,64.1,61.7110266617962,2018
"anomaly_tails","9673",2019,66.3,60.6427870688634,2018
"anomaly_tails","9674",2019,63.6,54.1311744431803,2018
"anomaly_tails","9675",2019,68.2,62.7097162048286,2018
"anomaly_tails","9676",2019,80,72.0977082365905,2018
"anomaly_tails","9677",2019,65.3,65.0954111043837,2018
"anomaly_tails","9678",2019,63.3,61.1508327826088,2018
"anomaly_tails","9679",2019,68.1,66.7993979542542,2018
"anomaly_tails","9771",2019,78.4,74.4635200495521,2018
"anomaly_tails","9772",2019,64.2,70.2059519969198,2018
"anomaly_tails","9773",2019,78.4,76.9142569550644,2018
"anomaly_tails","9774",2019,77.9,77.1139190008297,2018
"anomaly_tails","9775",2019,78.2,78.8411530176161,2018
"anomaly_tails","9777",2019,89.8,86.4090882164108,2018
"anomaly_tails","9778",2019,79.4,79.684034409755,2018
"anomaly_tails","9779",2019,72.4,72.31369531998,2018
"stress_unsmoothed","1003",2019,100.8,74.0914428185824,2018
"stress_unsmoothed","1051",2019,92.2,67.6042560813372,2018
"stress_unsmoothed","1053",2019,86.7,68.0659140242151,2018
"stress_unsmoothed","1054",2019,89.7,66.9466048266453,2018
"stress_unsmoothed","1055",2019,96.6,72.6392849069424,2018
"stress_unsmoothed","1056",2019,85.4,62.6698606410379,2018
"stress_unsmoothed","1057",2019,91.7,68.8295377716776,2018
"stress_unsmoothed","1058",2019,91.8,72.1718195787322,2018
"stress_unsmoothed","1059",2019,88.3,70.2554078983774,2018
"stress_unsmoothed","1060",2019,89.1,63.0690374564791,2018
"stress_unsmoothed","1061",2019,80.1,69.3189126539303,2018
"stress_unsmoothed","1062",2019,84.8,64.3078063836135,2018
"stress_unsmoothed","12060",2019,53.2,55.5877323417861,2018
"stress_unsmoothed","12061",2019,49.3,53.9844901495361,2018
"stress_unsmoothed","12062",2019,50.8,54.3048330197459,2018
"stress_unsmoothed","12063",2019,48.9,56.2360113102475,2018
"stress_unsmoothed","12064",2019,63.4,61.6152149187152,2018
"stress_unsmoothed","12065",2019,45.5,51.2837717150446,2018
"stress_unsmoothed","12066",2019,34.3,45.9443189432096,2018
"stress_unsmoothed","12067",2019,52,53.4028449332881,2018
"stress_unsmoothed","12068",2019,50.3,57.0565847104121,2018
"stress_unsmoothed","12069",2019,47.4,50.3785646262196,2018
"stress_unsmoothed","12070",2019,49.3,58.5602697488997,2018
"stress_unsmoothed","12071",2019,43.4,51.6351678468455,2018
"stress_unsmoothed","12072",2019,50.4,55.0433906808752,2018
"stress_unsmoothed","12073",2019,67.3,59.2785495148004,2018
"stress_unsmoothed","13071",2019,73.1,62.3588418252818,2018
"stress_unsmoothed","13072",2019,81.2,64.4883818208902,2018
"stress_unsmoothed","13073",2019,93,72.2661093340024,2018
"stress_unsmoothed","13074",2019,88.5,66.5284469134137,2018
"stress_unsmoothed","13075",2019,81.1,62.5425033847838,2018
"stress_unsmoothed","13076",2019,60.6,56.3089471270535,2018
"stress_unsmoothed","14511",2019,77.8,73.5557241491332,2018
"stress_unsmoothed","14521",2019,67.3,63.2120781584939,2018
"stress_unsmoothed","14522",2019,80.7,69.8406342673996,2018
"stress_unsmoothed","14523",2019,66.7,62.3436904043381,2018
"stress_unsmoothed","14524",2019,83.4,70.3603963165373,2018
"stress_unsmoothed","14625",2019,72.8,63.7258402407559,2018
"stress_unsmoothed","14626",2019,76.4,62.63728149076,2018
"stress_unsmoothed","14627",2019,70.9,65.0521999943418,2018
"stress_unsmoothed","14628",2019,70.6,65.3890245621989,2018
"stress_unsmoothed","14713",2019,72.3,69.6051544796915,2018
"stress_unsmoothed","14729",2019,78.7,68.5573010102289,2018
"stress_unsmoothed","14730",2019,64.8,64.1885937994111,2018
"stress_unsmoothed","15001",2019,48.5,50.9775346376451,2018
"stress_unsmoothed","15081",2019,58.4,52.8862357823541,2018
"stress_unsmoothed","15082",2019,53.1,55.4771838087701,2018
"stress_unsmoothed","15083",2019,79,72.1617444704539,2018
"stress_unsmoothed","15084",2019,77.3,74.9224188430523,2018
"stress_unsmoothed","15085",2019,76,72.3274405231151,2018
"stress_unsmoothed","15086",2019,58,56.7877240346901,2018
"stress_unsmoothed","15087",2019,68.1,64.4955624588191,2018
"stress_unsmoothed","15088",2019,62.2,72.3365105030176,2018
"stress_unsmoothed","15089",2019,66.6,65.9326368146663,2018
"stress_unsmoothed","15090",2019,57.3,55.5848636009339,2018
"stress_unsmoothed","15091",2019,56.2,55.4278202893673,2018
"stress_unsmoothed","16051",2019,71,70.1831370201829,2018
"stress_unsmoothed","16052",2019,96.6,74.7567085080228,2018
"stress_unsmoothed","16056",2019,68.4,61.5388845663801,2018
"stress_unsmoothed","16061",2019,83.2,66.9071200470653,2018
"stress_unsmoothed","16062",2019,81,66.4448095289476,2018
"stress_unsmoothed","16063",2019,76.2,62.5589314984173,2018
"stress_unsmoothed","16064",2019,75.7,68.6457509909921,2018
"stress_unsmoothed","16065",2019,66.9,68.4742564412087,2018
"stress_unsmoothed","16066",2019,69.2,64.3118920447034,2018
"stress_unsmoothed","16067",2019,81.4,74.2526842242029,2018
"stress_unsmoothed","16068",2019,63.1,66.8059835163169,2018
"stress_unsmoothed","16069",2019,66.7,52.4411008362581,2018
"stress_unsmoothed","16070",2019,62.5,62.9000954166403,2018
"stress_unsmoothed","16071",2019,76.7,69.6120231975412,2018
"stress_unsmoothed","16072",2019,65,60.8757951858572,2018
"stress_unsmoothed","16073",2019,68.5,63.8163304147547,2018
"stress_unsmoothed","16074",2019,78.9,70.5103142206402,2018
"stress_unsmoothed","16075",2019,77.7,71.5045221252659,2018
"stress_unsmoothed","16076",2019,78.5,73.081220853525,2018
"stress_unsmoothed","16077",2019,91,77.3264278105419,2018
"stress_unsmoothed","3101",2019,79.5,67.7882845865432,2018
"stress_unsmoothed","3102",2019,91.9,73.1501235421163,2018
"stress_unsmoothed","3103",2019,77.6,59.748565864342,2018
"stress_unsmoothed","3151",2019,73.8,67.5598509394439,2018
"stress_unsmoothed","3153",2019,84.9,77.335372436686,2018
"stress_unsmoothed","3154",2019,77.4,67.9012360236171,2018
"stress_unsmoothed","3155",2019,82.9,72.4709616661526,2018
"stress_unsmoothed","3157",2019,86.1,77.9125673130737,2018
"stress_unsmoothed","3158",2019,86.9,72.0200625979314,2018
"stress_unsmoothed","3159",2019,79.3,68.9908523963077,2018
"stress_unsmoothed","3241",2019,72.2,67.8630074948828,2018
"stress_unsmoothed","3251",2019,70.1,67.9925154550935,2018
"stress_unsmoothed","3252",2019,82.5,72.4818305564133,2018
"stress_unsmoothed","3254",2019,75.1,74.167564806664,2018
"stress_unsmoothed","3255",2019,75.8,67.1770415779418,2018
"stress_unsmoothed","3256",2019,74.6,65.7370715987966,2018
"stress_unsmoothed","3257",2019,84.6,76.2941947101676,2018
"stress_unsmoothed","3351",2019,59.5,69.2416054486757,2018
"stress_unsmoothed","3352",2019,80.2,67.6640301658244,2018
"stress_unsmoothed","3353",2019,64.2,62.97284053197,2018
"stress_unsmoothed","3354",2019,62.3,55.7425819468402,2018
"stress_unsmoothed","3355",2019,60.8,58.9211594527929,2018
"stress_unsmoothed","3356",2019,78.2,66.5054665004077,2018
"stress_unsmoothed","3357",2019,65.7,58.482966904891,2018
"stress_unsmoothed","3358",2019,64,60.8117629008122,2018
"stress_unsmoothed","3359",2019,81.3,69.0117631443972,2018
"stress_unsmoothed","3360",2019,68.6,65.1707611778034,2018
"stress_unsmoothed","3361",2019,74.3,57.2631075307532,2018
"stress_unsmoothed","3451",2019,70.7,67.4730794972999,2018
"stress_unsmoothed","3452",2019,85.9,66.426587338311,2018
"stress_unsmoothed","3453",2019,68.6,64.4873942751585,2018
"stress_unsmoothed","3454",2019,58.7,64.2418358485201,2018
"stress_unsmoothed","3455",2019,83.8,78.0771273601662,2018
"stress_unsmoothed","3456",2019,57.1,65.3240807030549,2018
"stress_unsmoothed","3457",2019,88.9,73.5091257402215,2018
"stress_unsmoothed","3458",2019,63.6,61.6246981008836,2018
"stress_unsmoothed","3459",2019,72,71.0082478921101,2018
"stress_unsmoothed","3460",2019,59.1,57.1650974020206,2018
"stress_unsmoothed","3462",2019,71.5,73.6660257246361,2018
"stress_unsmoothed","5116",2019,96.8,68.288579833813,2018
"stress_unsmoothed","5154",2019,82.1,71.3595126009004,2018
"stress_unsmoothed","5158",2019,80.2,73.2044239398198,2018
"stress_unsmoothed","5162",2019,94.8,79.9400287708002,2018
"stress_unsmoothed","5166",2019,81.8,73.2904828435393,2018
"stress_unsmoothed","5170",2019,77.8,67.1215024417888,2018
"stress_unsmoothed","5334",2019,89.5,84.5271081222989,2018
"stress_unsmoothed","5358",2019,92.1,79.2563224029025,2018
"stress_unsmoothed","5362",2019,91.9,80.7733817008502,2018
"stress_unsmoothed","5366",2019,82.5,77.0004381589059,2018
"stress_unsmoothed","5370",2019,88.6,78.0163431032003,2018
"stress_unsmoothed","5382",2019,88.3,78.1465891513968,2018
"stress_unsmoothed","5515",2019,84,75.406913194159,2018
"stress_unsmoothed","5554",2019,71,70.9159223777725,2018
"stress_unsmoothed","5558",2019,80.5,72.4797537469998,2018
"stress_unsmoothed","5562",2019,75.8,65.4667869339042,2018
"stress_unsmoothed","5566",2019,63.6,65.8582810656775,2018
"stress_unsmoothed","5570",2019,69.1,63.189986536041,2018
"stress_unsmoothed","5711",2019,73.5,71.5478772208203,2018
"stress_unsmoothed","5754",2019,62.8,64.1361755177331,2018
"stress_unsmoothed","5758",2019,78,72.4902500201001,2018
"stress_unsmoothed","5762",2019,80.7,73.2644324741748,2018
"stress_unsmoothed","5766",2019,78.4,70.4992787858697,2018
"stress_unsmoothed","5770",2019,73.9,70.8083061591657,2018
"stress_unsmoothed","5774",2019,73.6,65.0548514851484,2018
"stress_unsmoothed","5915",2019,83.4,76.055973883533,2018
"stress_unsmoothed","5958",2019,67.8,65.3630926292664,2018
"stress_unsmoothed","5962",2019,60.5,63.7317918071345,2018
"stress_unsmoothed","5974",2019,82.2,76.2048823009896,2018
"stress_unsmoothed","5978",2019,78.1,69.4889891811524,2018
"stress_unsmoothed","6432",2019,64.8,62.852029198035,2018
"stress_unsmoothed","6433",2019,68.6,63.2741696500715,2018
"stress_unsmoothed","6435",2019,69.3,60.6386174640674,2018
"stress_unsmoothed","6439",2019,75.6,64.0967205791504,2018
"stress_unsmoothed","6440",2019,70,61.7321113404363,2018
"stress_unsmoothed","6531",2019,67.3,60.6782835487822,2018
"stress_unsmoothed","6533",2019,70.7,65.7381632516882,2018
"stress_unsmoothed","6534",2019,71,60.9129524397275,2018
"stress_unsmoothed","6535",2019,67.6,61.3086875971235,2018
"stress_unsmoothed","6631",2019,65.6,61.5303754306712,2018
"stress_unsmoothed","6632",2019,70.4,59.3824994467706,2018
"stress_unsmoothed","6633",2019,75,64.9700115162255,2018
"stress_unsmoothed","6634",2019,74.6,63.7093926787374,2018
"stress_unsmoothed","6635",2019,66.4,64.2697835802502,2018
"stress_unsmoothed","6636",2019,68.7,62.216616335111,2018
"stress_unsmoothed","7131",2019,86.7,68.5233325338881,2018
"stress_unsmoothed","7134",2019,63.8,59.5717391060113,2018
"stress_unsmoothed","7135",2019,80.4,65.9424619430048,2018
"stress_unsmoothed","7137",2019,87,76.6731839134952,2018
"stress_unsmoothed","7140",2019,86.2,70.9947368222266,2018
"stress_unsmoothed","7141",2019,79.1,69.2445425292943,2018
"stress_unsmoothed","7231",2019,80.5,65.3390795850211,2018
"stress_unsmoothed","7232",2019,72.2,64.4943786264532,2018
"stress_unsmoothed","7233",2019,81.2,61.317726003282,2018
"stress_unsmoothed","7235",2019,81.6,71.9251960813666,2018
"stress_unsmoothed","7331",2019,77.6,73.9841904696384,2018
"stress_unsmoothed","7333",2019,77.2,69.4274537260891,2018
"stress_unsmoothed","7336",2019,71.1,64.8440143314965,2018
"stress_unsmoothed","7340",2019,79.6,63.9041215541618,2018
"stress_unsmoothed","8115",2019,69.2,70.9317200321682,2018
"stress_unsmoothed","8116",2019,69.3,70.1088833473172,2018
"stress_unsmoothed","8117",2019,79.1,75.9614486368435,2018
"stress_unsmoothed","8118",2019,80.9,71.087719220133,2018
"stress_unsmoothed","8119",2019,70.6,62.0677427093722,2018
"stress_unsmoothed","8125",2019,78.7,70.2855094483387,2018
"stress_unsmoothed","8126",2019,74.9,62.4570127576312,2018
"stress_unsmoothed","8127",2019,77.3,63.4054051241079,2018
"stress_unsmoothed","8128",2019,65.9,63.6586710634792,2018
"stress_unsmoothed","8136",2019,70.6,71.3938426858467,2018
"stress_unsmoothed","8215",2019,71.9,65.2695643615976,2018
"stress_unsmoothed","8225",2019,68.9,60.5035704530108,2018
"stress_unsmoothed","8226",2019,72.4,66.7554371497223,2018
"stress_unsmoothed","8236",2019,77.5,71.021832880065,2018
"stress_unsmoothed","8237",2019,79.1,72.9684088279358,2018
"stress_unsmoothed","8315",2019,79.6,71.7177776861581,2018
"stress_unsmoothed","8317",2019,75.3,75.2296587827572,2018
"stress_unsmoothed","8325",2019,78.8,75.9115255409946,2018
"stress_unsmoothed","8326",2019,70.1,71.0058314338048,2018
"stress_unsmoothed","8327",2019,74.9,72.1973825060369,2018
"stress_unsmoothed","8337",2019,72.4,72.9042982130139,2018
"stress_unsmoothed","8415",2019,71.9,72.6858108569042,2018
"stress_unsmoothed","8416",2019,81.8,77.9990794793218,2018
"stress_unsmoothed","8417",2019,70,71.8922736474664,2018
"stress_unsmoothed","8425",2019,74.9,74.5995000706099,2018
"stress_unsmoothed","8426",2019,76.4,79.0020577128032,2018
"stress_unsmoothed","8435",2019,70,70.5392296651801,2018
"stress_unsmoothed","8436",2019,69.5,79.9539657723186,2018
"stress_unsmoothed","8437",2019,80.2,79.0889888129762,2018
"stress_unsmoothed","9161",2019,71.2,69.6664136426913,2018
"stress_unsmoothed","9171",2019,78.4,80.2242991464811,2018
"stress_unsmoothed","9174",2019,78.8,78.5816126436506,2018
"stress_unsmoothed","9175",2019,73,72.7422673614124,2018
"stress_unsmoothed","9176",2019,71.9,67.4068779089488,2018
"stress_unsmoothed","9177",2019,82.6,75.5318727462156,2018
"stress_unsmoothed","9178",2019,76.5,74.5766896728819,2018
"stress_unsmoothed","9179",2019,76.2,79.2484728081514,2018
"stress_unsmoothed","9181",2019,67.3,77.9729279203742,2018
"stress_unsmoothed","9183",2019,73.5,84.6588290500355,2018
"stress_unsmoothed","9184",2019,58.4,69.4574308045043,2018
"stress_unsmoothed","9185",2019,79.3,76.9335727231021,2018
"stress_unsmoothed","9186",2019,68.2,70.2101214885858,2018
"stress_unsmoothed","9187",2019,65.9,72.3210024525126,2018
"stress_unsmoothed","9189",2019,78.2,78.6269960973138,2018
"stress_unsmoothed","9190",2019,56.5,69.7924797447474,2018
"stress_unsmoothed","9271",2019,83.7,79.8347879201728,2018
"stress_unsmoothed","9272",2019,49.2,61.686392132529,2018
"stress_unsmoothed","9273",2019,72.7,70.8900343311175,2018
"stress_unsmoothed","9274",2019,78,76.3644445420835,2018
"stress_unsmoothed","9275",2019,79.6,72.8508304910658,2018
"stress_unsmoothed","9277",2019,77,74.0111495713496,2018
"stress_unsmoothed","9278",2019,76.8,71.9965738484332,2018
"stress_unsmoothed","9279",2019,84.4,80.6671430645406,2018
"stress_unsmoothed","9371",2019,56.6,53.67467406617,2018
"stress_unsmoothed","9372",2019,58.7,60.1459562034082,2018
"stress_unsmoothed","9373",2019,61.6,62.5974206734301,2018
"stress_unsmoothed","9374",2019,60,52.730092877269,2018
"stress_unsmoothed","9375",2019,67.4,66.2654487429699,2018
"stress_unsmoothed","9376",2019,57,56.0117526629082,2018
"stress_unsmoothed","9377",2019,71.7,60.6440114089548,2018
"stress_unsmoothed","9471",2019,60.2,50.9306517876273,2018
"stress_unsmoothed","9472",2019,60.8,53.9681072542935,2018
"stress_unsmoothed","9473",2019,61.8,54.3243159974758,2018
"stress_unsmoothed","9474",2019,65.9,53.1362449944492,2018
"stress_unsmoothed","9475",2019,53.6,59.8345779414802,2018
"stress_unsmoothed","9476",2019,31.3,50.6856239652174,2018
"stress_unsmoothed","9477",2019,49.4,49.4014171245853,2018
"stress_unsmoothed","9478",2019,50.5,50.1196478109285,2018
"stress_unsmoothed","9479",2019,52.9,62.0168200089169,2018
"stress_unsmoothed","9571",2019,63.9,62.2937673963016,2018
"stress_unsmoothed","9572",2019,66.7,56.5618389658844,2018
"stress_unsmoothed","9573",2019,68,67.1587003317917,2018
"stress_unsmoothed","9574",2019,52.6,50.5676010898072,2018
"stress_unsmoothed","9575",2019,70.1,62.451857232197,2018
"stress_unsmoothed","9576",2019,50.2,55.3283201656657,2018
"stress_unsmoothed","9577",2019,65.3,69.9441477518329,2018
"stress_unsmoothed","9671",2019,63.8,57.5728786588259,2018
"stress_unsmoothed","9672",2019,64.1,60.9904958087468,2018
"stress_unsmoothed","9673",2019,66.3,59.7134067042459,2018
"stress_unsmoothed","9674",2019,63.6,52.7405313958625,2018
"stress_unsmoothed","9675",2019,68.2,61.5891656155033,2018
"stress_unsmoothed","9676",2019,80,72.9600646086128,2018
"stress_unsmoothed","9677",2019,65.3,65.4296700516657,2018
"stress_unsmoothed","9678",2019,63.3,60.7426103897167,2018
"stress_unsmoothed","9679",2019,68.1,66.358707509168,2018
"stress_unsmoothed","9771",2019,78.4,77.2643166808347,2018
"stress_unsmoothed","9772",2019,64.2,72.3967402933238,2018
"stress_unsmoothed","9773",2019,78.4,80.3373222342419,2018
"stress_unsmoothed","9774",2019,77.9,79.9109239945945,2018
"stress_unsmoothed","9775",2019,78.2,81.2881803253327,2018
"stress_unsmoothed","9777",2019,89.8,94.0720727149136,2018
"stress_unsmoothed","9778",2019,79.4,83.7877013657637,2018
"stress_unsmoothed","9779",2019,72.4,76.1908178449324,2018
"stress_no_region","1003",2019,100.8,73.945534106609,2018
"stress_no_region","1051",2019,92.2,67.3158052580227,2018
"stress_no_region","1053",2019,86.7,67.8145635065002,2018
"stress_no_region","1054",2019,89.7,66.6688333035197,2018
"stress_no_region","1055",2019,96.6,72.354599549726,2018
"stress_no_region","1056",2019,85.4,62.3686441149167,2018
"stress_no_region","1057",2019,91.7,68.5036039548663,2018
"stress_no_region","1058",2019,91.8,71.9124756469108,2018
"stress_no_region","1059",2019,88.3,69.9530744239404,2018
"stress_no_region","1060",2019,89.1,62.7172332032709,2018
"stress_no_region","1061",2019,80.1,69.13898788472,2018
"stress_no_region","1062",2019,84.8,63.9900752789055,2018
"stress_no_region","12060",2019,53.2,55.4483595998167,2018
"stress_no_region","12061",2019,49.3,53.7836479203732,2018
"stress_no_region","12062",2019,50.8,54.1229500879728,2018
"stress_no_region","12063",2019,48.9,56.0436305490944,2018
"stress_no_region","12064",2019,63.4,61.5149047024416,2018
"stress_no_region","12065",2019,45.5,51.0787737780192,2018
"stress_no_region","12066",2019,34.3,45.6504562305444,2018
"stress_no_region","12067",2019,52,53.207919797661,2018
"stress_no_region","12068",2019,50.3,56.9203447826653,2018
"stress_no_region","12069",2019,47.4,50.0868153928568,2018
"stress_no_region","12070",2019,49.3,58.3681745385813,2018
"stress_no_region","12071",2019,43.4,51.4657490763941,2018
"stress_no_region","12072",2019,50.4,54.8265998627552,2018
"stress_no_region","12073",2019,67.3,59.0327589842786,2018
"stress_no_region","13071",2019,73.1,62.1709722742429,2018
"stress_no_region","13072",2019,81.2,64.2984206537458,2018
"stress_no_region","13073",2019,93,72.1776433153225,2018
"stress_no_region","13074",2019,88.5,66.2837031391986,2018
"stress_no_region","13075",2019,81.1,62.315951240213,2018
"stress_no_region","13076",2019,60.6,56.0632887767226,2018
"stress_no_region","14511",2019,77.8,73.5028467705535,2018
"stress_no_region","14521",2019,67.3,63.1338388623411,2018
"stress_no_region","14522",2019,80.7,69.7758261040831,2018
"stress_no_region","14523",2019,66.7,62.1820307955796,2018
"stress_no_region","14524",2019,83.4,70.266696937701,2018
"stress_no_region","14625",2019,72.8,63.5788340444717,2018
"stress_no_region","14626",2019,76.4,62.4606403046954,2018
"stress_no_region","14627",2019,70.9,64.9505147123267,2018
"stress_no_region","14628",2019,70.6,65.3310077136767,2018
"stress_no_region","14713",2019,72.3,69.51137665039,2018
"stress_no_region","14729",2019,78.7,68.4416113173036,2018
"stress_no_region","14730",2019,64.8,64.0318415137688,2018
"stress_no_region","15001",2019,48.5,50.6433951051777,2018
"stress_no_region","15081",2019,58.4,52.6116506353431,2018
"stress_no_region","15082",2019,53.1,55.1487084861301,2018
"stress_no_region","15083",2019,79,72.0319204185624,2018
"stress_no_region","15084",2019,77.3,74.8746586738574,2018
"stress_no_region","15085",2019,76,72.2096222642952,2018
"stress_no_region","15086",2019,58,56.6023881612029,2018
"stress_no_region","15087",2019,68.1,64.3051941139986,2018
"stress_no_region","15088",2019,62.2,72.2069222043773,2018
"stress_no_region","15089",2019,66.6,65.7514728481558,2018
"stress_no_region","15090",2019,57.3,55.3400087931252,2018
"stress_no_region","15091",2019,56.2,55.1736140673588,2018
"stress_no_region","16051",2019,71,70.0552974191103,2018
"stress_no_region","16052",2019,96.6,74.6723096961858,2018
"stress_no_region","16056",2019,68.4,61.3517042787564,2018
"stress_no_region","16061",2019,83.2,66.7254769270855,2018
"stress_no_region","16062",2019,81,66.2849147854109,2018
"stress_no_region","16063",2019,76.2,62.4079104676815,2018
"stress_no_region","16064",2019,75.7,68.5451218070226,2018
"stress_no_region","16065",2019,66.9,68.3541666477596,2018
"stress_no_region","16066",2019,69.2,64.2464868258697,2018
"stress_no_region","16067",2019,81.4,74.1990456696428,2018
"stress_no_region","16068",2019,63.1,66.6385498007299,2018
"stress_no_region","16069",2019,66.7,52.157450217479,2018
"stress_no_region","16070",2019,62.5,62.7430212570832,2018
"stress_no_region","16071",2019,76.7,69.4838606796285,2018
"stress_no_region","16072",2019,65,60.7933655584533,2018
"stress_no_region","16073",2019,68.5,63.689553464452,2018
"stress_no_region","16074",2019,78.9,70.4680773368473,2018
"stress_no_region","16075",2019,77.7,71.4162804505206,2018
"stress_no_region","16076",2019,78.5,73.0257273474853,2018
"stress_no_region","16077",2019,91,77.3074469505741,2018
"stress_no_region","3101",2019,79.5,67.5929236232684,2018
"stress_no_region","3102",2019,91.9,72.9820383815345,2018
"stress_no_region","3103",2019,77.6,59.4422707746449,2018
"stress_no_region","3151",2019,73.8,67.4533699039985,2018
"stress_no_region","3153",2019,84.9,77.3007509491773,2018
"stress_no_region","3154",2019,77.4,67.7201958168629,2018
"stress_no_region","3155",2019,82.9,72.3329748566078,2018
"stress_no_region","3157",2019,86.1,77.9041911988475,2018
"stress_no_region","3158",2019,86.9,71.823113566605,2018
"stress_no_region","3159",2019,79.3,68.8183483069768,2018
"stress_no_region","3241",2019,72.2,67.7095780099619,2018
"stress_no_region","3251",2019,70.1,67.8748882944154,2018
"stress_no_region","3252",2019,82.5,72.3706043776207,2018
"stress_no_region","3254",2019,75.1,74.0260424890628,2018
"stress_no_region","3255",2019,75.8,66.9730835681965,2018
"stress_no_region","3256",2019,74.6,65.5944264392578,2018
"stress_no_region","3257",2019,84.6,76.2589582753328,2018
"stress_no_region","3351",2019,59.5,69.1802597845728,2018
"stress_no_region","3352",2019,80.2,67.5779234989901,2018
"stress_no_region","3353",2019,64.2,62.8072443742503,2018
"stress_no_region","3354",2019,62.3,55.441930414219,2018
"stress_no_region","3355",2019,60.8,58.6790707004551,2018
"stress_no_region","3356",2019,78.2,66.4424611074703,2018
"stress_no_region","3357",2019,65.7,58.2395729067148,2018
"stress_no_region","3358",2019,64,60.6007408827898,2018
"stress_no_region","3359",2019,81.3,68.946249265276,2018
"stress_no_region","3360",2019,68.6,65.0176680640267,2018
"stress_no_region","3361",2019,74.3,56.9254065669407,2018
"stress_no_region","3451",2019,70.7,67.4358713266761,2018
"stress_no_region","3452",2019,85.9,66.2091714208496,2018
"stress_no_region","3453",2019,68.6,64.3845999873142,2018
"stress_no_region","3454",2019,58.7,64.1827227784619,2018
"stress_no_region","3455",2019,83.8,78.1190834604201,2018
"stress_no_region","3456",2019,57.1,65.3040588523129,2018
"stress_no_region","3457",2019,88.9,73.4683855499138,2018
"stress_no_region","3458",2019,63.6,61.4374300251517,2018
"stress_no_region","3459",2019,72,70.9732587321963,2018
"stress_no_region","3460",2019,59.1,56.8482801556599,2018
"stress_no_region","3462",2019,71.5,73.7075153235101,2018
"stress_no_region","5116",2019,96.8,68.1568212721936,2018
"stress_no_region","5154",2019,82.1,71.3117898658307,2018
"stress_no_region","5158",2019,80.2,73.1713845355004,2018
"stress_no_region","5162",2019,94.8,80.0227390406558,2018
"stress_no_region","5166",2019,81.8,73.2419195138968,2018
"stress_no_region","5170",2019,77.8,67.0340950881358,2018
"stress_no_region","5334",2019,89.5,84.6540020820431,2018
"stress_no_region","5358",2019,92.1,79.2475916773463,2018
"stress_no_region","5362",2019,91.9,80.7728069847462,2018
"stress_no_region","5366",2019,82.5,76.9918649386065,2018
"stress_no_region","5370",2019,88.6,78.0709151507309,2018
"stress_no_region","5382",2019,88.3,78.172285666038,2018
"stress_no_region","5515",2019,84,75.4347208033923,2018
"stress_no_region","5554",2019,71,70.8969614849661,2018
"stress_no_region","5558",2019,80.5,72.4340233125997,2018
"stress_no_region","5562",2019,75.8,65.3547498087525,2018
"stress_no_region","5566",2019,63.6,65.8211163420074,2018
"stress_no_region","5570",2019,69.1,62.9714232639717,2018
"stress_no_region","5711",2019,73.5,71.4746440404787,2018
"stress_no_region","5754",2019,62.8,63.9512285576083,2018
"stress_no_region","5758",2019,78,72.4052563780907,2018
"stress_no_region","5762",2019,80.7,73.1820201940152,2018
"stress_no_region","5766",2019,78.4,70.3486508309919,2018
"stress_no_region","5770",2019,73.9,70.7222069167775,2018
"stress_no_region","5774",2019,73.6,64.8938632027043,2018
"stress_no_region","5915",2019,83.4,76.1099311309225,2018
"stress_no_region","5958",2019,67.8,65.2395412551882,2018
"stress_no_region","5962",2019,60.5,63.6109314841817,2018
"stress_no_region","5974",2019,82.2,76.1782811017863,2018
"stress_no_region","5978",2019,78.1,69.3148613773262,2018
"stress_no_region","6432",2019,64.8,62.6695947972735,2018
"stress_no_region","6433",2019,68.6,63.1708259368235,2018
"stress_no_region","6435",2019,69.3,60.3930248804344,2018
"stress_no_region","6439",2019,75.6,63.9751300530589,2018
"stress_no_region","6440",2019,70,61.4708008547795,2018
"stress_no_region","6531",2019,67.3,60.4564123534394,2018
"stress_no_region","6533",2019,70.7,65.6361289183118,2018
"stress_no_region","6534",2019,71,60.6981360467423,2018
"stress_no_region","6535",2019,67.6,61.0969265618417,2018
"stress_no_region","6631",2019,65.6,61.3337794282587,2018
"stress_no_region","6632",2019,70.4,59.1891941375539,2018
"stress_no_region","6633",2019,75,64.7906376189048,2018
"stress_no_region","6634",2019,74.6,63.5056126854393,2018
"stress_no_region","6635",2019,66.4,64.1469846008575,2018
"stress_no_region","6636",2019,68.7,62.058867864832,2018
"stress_no_region","7131",2019,86.7,68.5147879155195,2018
"stress_no_region","7134",2019,63.8,59.4203110749725,2018
"stress_no_region","7135",2019,80.4,65.8301719117782,2018
"stress_no_region","7137",2019,87,76.7297008610519,2018
"stress_no_region","7140",2019,86.2,70.9798563526196,2018
"stress_no_region","7141",2019,79.1,69.1742046480251,2018
"stress_no_region","7231",2019,80.5,65.2846399468861,2018
"stress_no_region","7232",2019,72.2,64.4097956084693,2018
"stress_no_region","7233",2019,81.2,61.1747933387453,2018
"stress_no_region","7235",2019,81.6,71.9563259148334,2018
"stress_no_region","7331",2019,77.6,74.0159138741761,2018
"stress_no_region","7333",2019,77.2,69.4262468889704,2018
"stress_no_region","7336",2019,71.1,64.8231669858961,2018
"stress_no_region","7340",2019,79.6,63.7907519954051,2018
"stress_no_region","8115",2019,69.2,70.8221871675174,2018
"stress_no_region","8116",2019,69.3,70.0835340769077,2018
"stress_no_region","8117",2019,79.1,76.0176713159823,2018
"stress_no_region","8118",2019,80.9,70.992634982236,2018
"stress_no_region","8119",2019,70.6,61.8833304711199,2018
"stress_no_region","8125",2019,78.7,70.1709300825386,2018
"stress_no_region","8126",2019,74.9,62.2057086114531,2018
"stress_no_region","8127",2019,77.3,63.154374863604,2018
"stress_no_region","8128",2019,65.9,63.5402206332507,2018
"stress_no_region","8136",2019,70.6,71.3710681803236,2018
"stress_no_region","8215",2019,71.9,65.1424814676496,2018
"stress_no_region","8225",2019,68.9,60.2973958232291,2018
"stress_no_region","8226",2019,72.4,66.6236664249292,2018
"stress_no_region","8236",2019,77.5,70.9664783630288,2018
"stress_no_region","8237",2019,79.1,72.9293419544383,2018
"stress_no_region","8315",2019,79.6,71.6727579298249,2018
"stress_no_region","8317",2019,75.3,75.3235219066151,2018
"stress_no_region","8325",2019,78.8,75.9461608719784,2018
"stress_no_region","8326",2019,70.1,70.9132908062009,2018
"stress_no_region","8327",2019,74.9,72.1684670185808,2018
"stress_no_region","8337",2019,72.4,72.9241957065668,2018
"stress_no_region","8415",2019,71.9,72.7424301684628,2018
"stress_no_region","8416",2019,81.8,78.1293161843811,2018
"stress_no_region","8417",2019,70,71.9202258365293,2018
"stress_no_region","8425",2019,74.9,74.5928197353148,2018
"stress_no_region","8426",2019,76.4,79.0890825811165,2018
"stress_no_region","8435",2019,70,70.4627916234237,2018
"stress_no_region","8436",2019,69.5,80.0757357777344,2018
"stress_no_region","8437",2019,80.2,79.1942290921709,2018
"stress_no_region","9161",2019,71.2,69.686592580054,2018
"stress_no_region","9171",2019,78.4,80.4734455949351,2018
"stress_no_region","9174",2019,78.8,78.724672960876,2018
"stress_no_region","9175",2019,73,72.8209031029575,2018
"stress_no_region","9176",2019,71.9,67.3192477669139,2018
"stress_no_region","9177",2019,82.6,75.6279116970382,2018
"stress_no_region","9178",2019,76.5,74.6678355328787,2018
"stress_no_region","9179",2019,76.2,79.4102946616057,2018
"stress_no_region","9181",2019,67.3,78.0856955355923,2018
"stress_no_region","9183",2019,73.5,84.9964438729609,2018
"stress_no_region","9184",2019,58.4,69.4565343059114,2018
"stress_no_region","9185",2019,79.3,77.088275484886,2018
"stress_no_region","9186",2019,68.2,70.2266298114097,2018
"stress_no_region","9187",2019,65.9,72.4565696218502,2018
"stress_no_region","9189",2019,78.2,78.8568914606979,2018
"stress_no_region","9190",2019,56.5,69.8597041187862,2018
"stress_no_region","9271",2019,83.7,80.0621248167468,2018
"stress_no_region","9272",2019,49.2,61.803332916719,2018
"stress_no_region","9273",2019,72.7,70.8996053423291,2018
"stress_no_region","9274",2019,78,76.4807089946683,2018
"stress_no_region","9275",2019,79.6,72.929420218476,2018
"stress_no_region","9277",2019,77,74.1407246261088,2018
"stress_no_region","9278",2019,76.8,72.0305783521313,2018
"stress_no_region","9279",2019,84.4,80.8747579628311,2018
"stress_no_region","9371",2019,56.6,53.3697004429783,2018
"stress_no_region","9372",2019,58.7,59.9699312161565,2018
"stress_no_region","9373",2019,61.6,62.4864602337783,2018
"stress_no_region","9374",2019,60,52.3865852393638,2018
"stress_no_region","9375",2019,67.4,66.217828496871,2018
"stress_no_region","9376",2019,57,55.7435953992147,2018
"stress_no_region","9377",2019,71.7,60.4332160417,2018
"stress_no_region","9471",2019,60.2,50.6012142878159,2018
"stress_no_region","9472",2019,60.8,53.6778687706164,2018
"stress_no_region","9473",2019,61.8,54.0186354053898,2018
"stress_no_region","9474",2019,65.9,52.8231852971351,2018
"stress_no_region","9475",2019,53.6,59.6749789875718,2018
"stress_no_region","9476",2019,31.3,50.37338633258,2018
"stress_no_region","9477",2019,49.4,49.0248372765155,2018
"stress_no_region","9478",2019,50.5,49.7404952476183,2018
"stress_no_region","9479",2019,52.9,61.8756741842638,2018
"stress_no_region","9571",2019,63.9,62.1296140969984,2018
"stress_no_region","9572",2019,66.7,56.3376682418895,2018
"stress_no_region","9573",2019,68,67.1520994563411,2018
"stress_no_region","9574",2019,52.6,50.2788672462715,2018
"stress_no_region","9575",2019,70.1,62.2518082829193,2018
"stress_no_region","9576",2019,50.2,55.1373560939967,2018
"stress_no_region","9577",2019,65.3,69.9316068565545,2018
"stress_no_region","9671",2019,63.8,57.2561382118977,2018
"stress_no_region","9672",2019,64.1,60.851364033325,2018
"stress_no_region","9673",2019,66.3,59.5225537231337,2018
"stress_no_region","9674",2019,63.6,52.439670946563,2018
"stress_no_region","9675",2019,68.2,61.3782857640103,2018
"stress_no_region","9676",2019,80,72.9313635878296,2018
"stress_no_region","9677",2019,65.3,65.3560294214505,2018
"stress_no_region","9678",2019,63.3,60.5648533412306,2018
"stress_no_region","9679",2019,68.1,66.1906038161378,2018
"stress_no_region","9771",2019,78.4,77.3197726767357,2018
"stress_no_region","9772",2019,64.2,72.3771058443994,2018
"stress_no_region","9773",2019,78.4,80.5028826320397,2018
"stress_no_region","9774",2019,77.9,80.0609181187493,2018
"stress_no_region","9775",2019,78.2,81.4031860265845,2018
"stress_no_region","9777",2019,89.8,94.5884948321145,2018
"stress_no_region","9778",2019,79.4,84.0171489296407,2018
"stress_no_region","9779",2019,72.4,76.2799613596798,2018
"gam","1003",2019,100.8,97.395022089073,2018
"gam","1051",2019,92.2,87.6165130060764,2018
"gam","1053",2019,86.7,86.4279709018459,2018
"gam","1054",2019,89.7,82.4290346224535,2018
"gam","1055",2019,96.6,98.1870568571724,2018
"gam","1056",2019,85.4,81.9303789101005,2018
"gam","1057",2019,91.7,92.9565054820307,2018
"gam","1058",2019,91.8,93.3553425986182,2018
"gam","1059",2019,88.3,92.0054280337896,2018
"gam","1060",2019,89.1,83.052734839273,2018
"gam","1061",2019,80.1,84.4892126874017,2018
"gam","1062",2019,84.8,83.7115072202754,2018
"gam","12060",2019,53.2,52.0457841467352,2018
"gam","12061",2019,49.3,48.7270533907457,2018
"gam","12062",2019,50.8,45.5455180378652,2018
"gam","12063",2019,48.9,56.8433953068065,2018
"gam","12064",2019,63.4,61.9478602181291,2018
"gam","12065",2019,45.5,50.67530431038,2018
"gam","12066",2019,34.3,41.2629566702579,2018
"gam","12067",2019,52,51.8720748221232,2018
"gam","12068",2019,50.3,59.5427148464033,2018
"gam","12069",2019,47.4,50.4747844611949,2018
"gam","12070",2019,49.3,69.6919355888301,2018
"gam","12071",2019,43.4,40.9485875142128,2018
"gam","12072",2019,50.4,54.9498509378255,2018
"gam","12073",2019,67.3,68.0515892950035,2018
"gam","13071",2019,73.1,74.0853584513226,2018
"gam","13072",2019,81.2,76.815672238757,2018
"gam","13073",2019,93,84.2467383394417,2018
"gam","13074",2019,88.5,86.8847948899453,2018
"gam","13075",2019,81.1,73.1355684257246,2018
"gam","13076",2019,60.6,66.6807050909766,2018
"gam","14511",2019,77.8,87.8373828356474,2018
"gam","14521",2019,67.3,68.1825773978395,2018
"gam","14522",2019,80.7,73.8141095223162,2018
"gam","14523",2019,66.7,67.9322343736032,2018
"gam","14524",2019,83.4,73.9528057218692,2018
"gam","14625",2019,72.8,65.6066454464495,2018
"gam","14626",2019,76.4,66.6712991241234,2018
"gam","14627",2019,70.9,59.7323630595355,2018
"gam","14628",2019,70.6,67.2878303201735,2018
"gam","14713",2019,72.3,71.697113816072,2018
"gam","14729",2019,78.7,71.8990492598069,2018
"gam","14730",2019,64.8,65.4533841496354,2018
"gam","15001",2019,48.5,50.7871885958958,2018
"gam","15081",2019,58.4,59.9592973934079,2018
"gam","15082",2019,53.1,58.4309882823137,2018
"gam","15083",2019,79,80.9039141720296,2018
"gam","15084",2019,77.3,80.253901687532,2018
"gam","15085",2019,76,76.5680559531063,2018
"gam","15086",2019,58,54.0091927959373,2018
"gam","15087",2019,68.1,70.0603723503483,2018
"gam","15088",2019,62.2,80.4533564219037,2018
"gam","15089",2019,66.6,67.6038922212724,2018
"gam","15090",2019,57.3,61.1254332099944,2018
"gam","15091",2019,56.2,55.7771140064508,2018
"gam","16051",2019,71,75.7775727321001,2018
"gam","16052",2019,96.6,85.253214880775,2018
"gam","16056",2019,68.4,65.2748135717779,2018
"gam","16061",2019,83.2,78.5070711099814,2018
"gam","16062",2019,81,76.3195374339849,2018
"gam","16063",2019,76.2,65.299255631004,2018
"gam","16064",2019,75.7,75.8328609832062,2018
"gam","16065",2019,66.9,75.1635286587641,2018
"gam","16066",2019,69.2,67.1876462278668,2018
"gam","16067",2019,81.4,81.0655910345071,2018
"gam","16068",2019,63.1,69.1556396239705,2018
"gam","16069",2019,66.7,53.3840692409919,2018
"gam","16070",2019,62.5,65.3072439376265,2018
"gam","16071",2019,76.7,74.1365002779665,2018
"gam","16072",2019,65,61.4099621588971,2018
"gam","16073",2019,68.5,66.8801292931615,2018
"gam","16074",2019,78.9,71.5117626432445,2018
"gam","16075",2019,77.7,82.2513764313897,2018
"gam","16076",2019,78.5,79.3650848522088,2018
"gam","16077",2019,91,82.3837873618733,2018
"gam","3101",2019,79.5,77.2020125047978,2018
"gam","3102",2019,91.9,83.6648983026636,2018
"gam","3103",2019,77.6,69.6338205329897,2018
"gam","3151",2019,73.8,73.5092140573819,2018
"gam","3153",2019,84.9,81.2272693162256,2018
"gam","3154",2019,77.4,76.0116528350196,2018
"gam","3155",2019,82.9,80.2617592092712,2018
"gam","3157",2019,86.1,82.7456957591031,2018
"gam","3158",2019,86.9,82.9535347983376,2018
"gam","3159",2019,79.3,78.331944136954,2018
"gam","3241",2019,72.2,71.5962274407465,2018
"gam","3251",2019,70.1,73.13970702106,2018
"gam","3252",2019,82.5,77.1418238918517,2018
"gam","3254",2019,75.1,81.4837334672445,2018
"gam","3255",2019,75.8,75.4247654195158,2018
"gam","3256",2019,74.6,69.94637749241,2018
"gam","3257",2019,84.6,79.6909684327144,2018
"gam","3351",2019,59.5,72.6767711368714,2018
"gam","3352",2019,80.2,75.2668255782046,2018
"gam","3353",2019,64.2,71.6325962415843,2018
"gam","3354",2019,62.3,69.3599554373738,2018
"gam","3355",2019,60.8,71.3084386396818,2018
"gam","3356",2019,78.2,70.5098533913826,2018
"gam","3357",2019,65.7,67.2297376565332,2018
"gam","3358",2019,64,69.0988738187316,2018
"gam","3359",2019,81.3,75.2406343623297,2018
"gam","3360",2019,68.6,74.8381822927102,2018
"gam","3361",2019,74.3,66.5567267390157,2018
"gam","3451",2019,70.7,72.7080294237172,2018
"gam","3452",2019,85.9,84.2440332869017,2018
"gam","3453",2019,68.6,70.0338933144921,2018
"gam","3454",2019,58.7,67.0438472382367,2018
"gam","3455",2019,83.8,91.0920034077294,2018
"gam","3456",2019,57.1,64.5940811750482,2018
"gam","3457",2019,88.9,92.5190070836933,2018
"gam","3458",2019,63.6,69.1665077525822,2018
"gam","3459",2019,72,75.3082400800853,2018
"gam","3460",2019,59.1,66.7234026600359,2018
"gam","3462",2019,71.5,82.7753464680941,2018
"gam","5116",2019,96.8,82.1005393097057,2018
"gam","5154",2019,82.1,76.9103726661019,2018
"gam","5158",2019,80.2,82.6816253818401,2018
"gam","5162",2019,94.8,78.1559552836277,2018
"gam","5166",2019,81.8,80.0769564301172,2018
"gam","5170",2019,77.8,69.3353741184491,2018
"gam","5334",2019,89.5,83.2447704985389,2018
"gam","5358",2019,92.1,79.7516874294807,2018
"gam","5362",2019,91.9,81.8754169762592,2018
"gam","5366",2019,82.5,75.4131197869792,2018
"gam","5370",2019,88.6,77.5155613568277,2018
"gam","5382",2019,88.3,73.1172951303532,2018
"gam","5515",2019,84,77.778947488612,2018
"gam","5554",2019,71,71.9689774388653,2018
"gam","5558",2019,80.5,75.5276776877435,2018
"gam","5562",2019,75.8,62.3937758336166,2018
"gam","5566",2019,63.6,62.1785012439401,2018
"gam","5570",2019,69.1,67.8317996172134,2018
"gam","5711",2019,73.5,76.7156990358349,2018
"gam","5754",2019,62.8,67.1205968316547,2018
"gam","5758",2019,78,78.9652411224824,2018
"gam","5762",2019,80.7,78.7244187280943,2018
"gam","5766",2019,78.4,76.9489338070461,2018
"gam","5770",2019,73.9,76.3239604087384,2018
"gam","5774",2019,73.6,68.831827679715,2018
"gam","5915",2019,83.4,75.6247326530987,2018
"gam","5958",2019,67.8,72.9939684424223,2018
"gam","5962",2019,60.5,62.4872598160165,2018
"gam","5974",2019,82.2,80.4739642446256,2018
"gam","5978",2019,78.1,78.6938652801838,2018
"gam","6432",2019,64.8,57.6501996589292,2018
"gam","6433",2019,68.6,55.2100024175319,2018
"gam","6435",2019,69.3,61.6464558239633,2018
"gam","6439",2019,75.6,63.3977335178825,2018
"gam","6440",2019,70,63.7306939469091,2018
"gam","6531",2019,67.3,64.3485586993028,2018
"gam","6533",2019,70.7,61.9479635521387,2018
"gam","6534",2019,71,61.4073356546032,2018
"gam","6535",2019,67.6,64.5043413520675,2018
"gam","6631",2019,65.6,65.5950359116471,2018
"gam","6632",2019,70.4,62.2938255549938,2018
"gam","6633",2019,75,69.0857321210828,2018
"gam","6634",2019,74.6,69.9343141496202,2018
"gam","6635",2019,66.4,66.6025772783898,2018
"gam","6636",2019,68.7,62.5002909298019,2018
"gam","7131",2019,86.7,65.613506059815,2018
"gam","7134",2019,63.8,61.5285840705407,2018
"gam","7135",2019,80.4,70.7872442671967,2018
"gam","7137",2019,87,75.275967927252,2018
"gam","7140",2019,86.2,75.2589063693242,2018
"gam","7141",2019,79.1,69.0003721926308,2018
"gam","7231",2019,80.5,64.8971111010325,2018
"gam","7232",2019,72.2,69.007786688537,2018
"gam","7233",2019,81.2,63.7166357937417,2018
"gam","7235",2019,81.6,77.1262797065932,2018
"gam","7331",2019,77.6,67.5063329214411,2018
"gam","7333",2019,77.2,62.8564800622681,2018
"gam","7336",2019,71.1,57.9153261731139,2018
"gam","7340",2019,79.6,63.8813988156624,2018
"gam","8115",2019,69.2,72.1357092102318,2018
"gam","8116",2019,69.3,65.2904706172611,2018
"gam","8117",2019,79.1,72.4622142506868,2018
"gam","8118",2019,80.9,68.8150591735042,2018
"gam","8119",2019,70.6,60.3812911734311,2018
"gam","8125",2019,78.7,70.3710027029414,2018
"gam","8126",2019,74.9,63.8962853605223,2018
"gam","8127",2019,77.3,70.1473256436741,2018
"gam","8128",2019,65.9,57.3545673159764,2018
"gam","8136",2019,70.6,70.9525242516696,2018
"gam","8215",2019,71.9,61.6221485819568,2018
"gam","8225",2019,68.9,57.1248316886702,2018
"gam","8226",2019,72.4,65.4604692660869,2018
"gam","8236",2019,77.5,67.8792224917924,2018
"gam","8237",2019,79.1,68.5400907151099,2018
"gam","8315",2019,79.6,75.0234379790981,2018
"gam","8317",2019,75.3,66.7849461286815,2018
"gam","8325",2019,78.8,67.5147834983675,2018
"gam","8326",2019,70.1,72.2353979429719,2018
"gam","8327",2019,74.9,76.7444758450865,2018
"gam","8337",2019,72.4,65.8092339791801,2018
"gam","8415",2019,71.9,68.2336579232624,2018
"gam","8416",2019,81.8,72.2270218319932,2018
"gam","8417",2019,70,65.9448317744547,2018
"gam","8425",2019,74.9,75.8451333065249,2018
"gam","8426",2019,76.4,79.0104371369754,2018
"gam","8435",2019,70,72.9408788459044,2018
"gam","8436",2019,69.5,76.0907194709196,2018
"gam","8437",2019,80.2,82.1712545715764,2018
"gam","9161",2019,71.2,60.6836621133754,2018
"gam","9171",2019,78.4,64.31269471335,2018
"gam","9174",2019,78.8,72.2675176388873,2018
"gam","9175",2019,73,63.0900709416428,2018
"gam","9176",2019,71.9,64.5290990734522,2018
"gam","9177",2019,82.6,68.2523635730096,2018
"gam","9178",2019,76.5,69.4506787758918,2018
"gam","9179",2019,76.2,73.2933409513248,2018
"gam","9181",2019,67.3,74.8595239507054,2018
"gam","9183",2019,73.5,68.3291749811247,2018
"gam","9184",2019,58.4,63.0920541072962,2018
"gam","9185",2019,79.3,68.7648704409734,2018
"gam","9186",2019,68.2,64.22887155636,2018
"gam","9187",2019,65.9,55.46883386873,2018
"gam","9189",2019,78.2,67.1667925733012,2018
"gam","9190",2019,56.5,59.5033295820637,2018
"gam","9271",2019,83.7,65.7041299023122,2018
"gam","9272",2019,49.2,45.7424088402255,2018
"gam","9273",2019,72.7,66.0683262442088,2018
"gam","9274",2019,78,68.6037570710304,2018
"gam","9275",2019,79.6,61.1168566090703,2018
"gam","9277",2019,77,61.0345382664035,2018
"gam","9278",2019,76.8,64.3933786794307,2018
"gam","9279",2019,84.4,72.1543171606763,2018
"gam","9371",2019,56.6,57.3163846599078,2018
"gam","9372",2019,58.7,58.1938341621712,2018
"gam","9373",2019,61.6,60.3714030019782,2018
"gam","9374",2019,60,62.3422177829381,2018
"gam","9375",2019,67.4,59.629223392153,2018
"gam","9376",2019,57,58.7780524646397,2018
"gam","9377",2019,71.7,70.9995827506304,2018
"gam","9471",2019,60.2,54.2590337268016,2018
"gam","9472",2019,60.8,62.6048678324721,2018
"gam","9473",2019,61.8,61.8459341312281,2018
"gam","9474",2019,65.9,58.5170361327067,2018
"gam","9475",2019,53.6,64.2657735528202,2018
"gam","9476",2019,31.3,56.8083042547256,2018
"gam","9477",2019,49.4,58.0346017641562,2018
"gam","9478",2019,50.5,58.9120611359805,2018
"gam","9479",2019,52.9,69.1991103468245,2018
"gam","9571",2019,63.9,62.3875402192383,2018
"gam","9572",2019,66.7,54.7118856504891,2018
"gam","9573",2019,68,59.9642127600266,2018
"gam","9574",2019,52.6,49.8695002826269,2018
"gam","9575",2019,70.1,65.767093226041,2018
"gam","9576",2019,50.2,47.4494015522132,2018
"gam","9577",2019,65.3,68.3510428587991,2018
"gam","9671",2019,63.8,61.0696621010093,2018
"gam","9672",2019,64.1,58.8365294963297,2018
"gam","9673",2019,66.3,61.546482645218,2018
"gam","9674",2019,63.6,54.1616001344779,2018
"gam","9675",2019,68.2,61.546386086951,2018
"gam","9676",2019,80,75.1700145171078,2018
"gam","9677",2019,65.3,61.4433379213521,2018
"gam","9678",2019,63.3,58.9450621013414,2018
"gam","9679",2019,68.1,67.0244831235461,2018
"gam","9771",2019,78.4,78.4939309053518,2018
"gam","9772",2019,64.2,70.7217534361574,2018
"gam","9773",2019,78.4,74.6478751451556,2018
"gam","9774",2019,77.9,75.8496989897668,2018
"gam","9775",2019,78.2,82.2548319166833,2018
"gam","9777",2019,89.8,74.7984108346639,2018
"gam","9778",2019,79.4,77.0297036701891,2018
"gam","9779",2019,72.4,70.9659175302557,2018
"random_forest","1003",2019,100.8,70.6644289373849,2018
"random_forest","1051",2019,92.2,76.0940780206183,2018
"random_forest","1053",2019,86.7,68.7095916133201,2018
"random_forest","1054",2019,89.7,77.6168733197635,2018
"random_forest","1055",2019,96.6,76.5475082378456,2018
"random_forest","1056",2019,85.4,69.7409288329449,2018
"random_forest","1057",2019,91.7,76.2722214809358,2018
"random_forest","1058",2019,91.8,75.9277395732879,2018
"random_forest","1059",2019,88.3,76.6977218732102,2018
"random_forest","1060",2019,89.1,70.7416100954324,2018
"random_forest","1061",2019,80.1,71.4135126963038,2018
"random_forest","1062",2019,84.8,69.6996562879233,2018
"random_forest","12060",2019,53.2,65.0683394579865,2018
"random_forest","12061",2019,49.3,64.4059926320346,2018
"random_forest","12062",2019,50.8,65.0127567353757,2018
"random_forest","12063",2019,48.9,63.3678942244422,2018
"random_forest","12064",2019,63.4,64.138666984238,2018
"random_forest","12065",2019,45.5,63.5618822595405,2018
"random_forest","12066",2019,34.3,63.4178339677545,2018
"random_forest","12067",2019,52,63.1334096436896,2018
"random_forest","12068",2019,50.3,62.9122733722056,2018
"random_forest","12069",2019,47.4,63.2768552899046,2018
"random_forest","12070",2019,49.3,63.7739957553225,2018
"random_forest","12071",2019,43.4,63.8414241641692,2018
"random_forest","12072",2019,50.4,64.1270128980187,2018
"random_forest","12073",2019,67.3,65.9754107437784,2018
"random_forest","13071",2019,73.1,66.9485734515596,2018
"random_forest","13072",2019,81.2,67.2722393115663,2018
"random_forest","13073",2019,93,69.4820985504496,2018
"random_forest","13074",2019,88.5,68.4305899267289,2018
"random_forest","13075",2019,81.1,68.5069209638251,2018
"random_forest","13076",2019,60.6,67.050695346831,2018
"random_forest","14511",2019,77.8,69.9421992817183,2018
"random_forest","14521",2019,67.3,70.7198893662449,2018
"random_forest","14522",2019,80.7,69.9759298043734,2018
"random_forest","14523",2019,66.7,70.4362613721279,2018
"random_forest","14524",2019,83.4,70.0026463252858,2018
"random_forest","14625",2019,72.8,69.5957458927184,2018
"random_forest","14626",2019,76.4,69.2003619315573,2018
"random_forest","14627",2019,70.9,70.9572282651682,2018
"random_forest","14628",2019,70.6,70.7965707348651,2018
"random_forest","14713",2019,72.3,69.2410180975025,2018
"random_forest","14729",2019,78.7,70.5833473918748,2018
"random_forest","14730",2019,64.8,69.383515044278,2018
"random_forest","15001",2019,48.5,68.8653939018205,2018
"random_forest","15081",2019,58.4,70.5503898181264,2018
"random_forest","15082",2019,53.1,69.5013692511822,2018
"random_forest","15083",2019,79,71.6307642684538,2018
"random_forest","15084",2019,77.3,72.0649857073926,2018
"random_forest","15085",2019,76,71.5863988101343,2018
"random_forest","15086",2019,58,69.4829645002221,2018
"random_forest","15087",2019,68.1,71.7412569503275,2018
"random_forest","15088",2019,62.2,70.8266759965479,2018
"random_forest","15089",2019,66.6,71.6634441267511,2018
"random_forest","15090",2019,57.3,70.010951452492,2018
"random_forest","15091",2019,56.2,69.079250387002,2018
"random_forest","16051",2019,71,72.0472412171051,2018
"random_forest","16052",2019,96.6,71.2475618788434,2018
"random_forest","16056",2019,68.4,71.0398354961261,2018
"random_forest","16061",2019,83.2,71.7805207136974,2018
"random_forest","16062",2019,81,71.4139759916639,2018
"random_forest","16063",2019,76.2,71.122707620868,2018
"random_forest","16064",2019,75.7,72.025712538617,2018
"random_forest","16065",2019,66.9,71.8092923816184,2018
"random_forest","16066",2019,69.2,71.5334130903985,2018
"random_forest","16067",2019,81.4,71.7037309373405,2018
"random_forest","16068",2019,63.1,71.677973126085,2018
"random_forest","16069",2019,66.7,70.694780009657,2018
"random_forest","16070",2019,62.5,71.9675746171606,2018
"random_forest","16071",2019,76.7,71.9131490516817,2018
"random_forest","16072",2019,65,71.9858627994228,2018
"random_forest","16073",2019,68.5,72.3628712802198,2018
"random_forest","16074",2019,78.9,71.2417872462648,2018
"random_forest","16075",2019,77.7,72.2672944575425,2018
"random_forest","16076",2019,78.5,71.8120316090909,2018
"random_forest","16077",2019,91,71.6234297063492,2018
"random_forest","3101",2019,79.5,72.0123648119547,2018
"random_forest","3102",2019,91.9,71.9686130069264,2018
"random_forest","3103",2019,77.6,71.8099143972139,2018
"random_forest","3151",2019,73.8,71.5551193755578,2018
"random_forest","3153",2019,84.9,72.4744241089799,2018
"random_forest","3154",2019,77.4,71.7795307006216,2018
"random_forest","3155",2019,82.9,72.570407285581,2018
"random_forest","3157",2019,86.1,71.8563080689755,2018
"random_forest","3158",2019,86.9,71.7783165003774,2018
"random_forest","3159",2019,79.3,72.3189816836275,2018
"random_forest","3241",2019,72.2,71.8402741093129,2018
"random_forest","3251",2019,70.1,72.0938173534688,2018
"random_forest","3252",2019,82.5,72.5171387706515,2018
"random_forest","3254",2019,75.1,72.0437459088467,2018
"random_forest","3255",2019,75.8,72.4196869526363,2018
"random_forest","3256",2019,74.6,72.039697200111,2018
"random_forest","3257",2019,84.6,71.5553524863359,2018
"random_forest","3351",2019,59.5,71.1908163460317,2018
"random_forest","3352",2019,80.2,76.2215177227218,2018
"random_forest","3353",2019,64.2,74.1840326811856,2018
"random_forest","3354",2019,62.3,70.6643429827118,2018
"random_forest","3355",2019,60.8,71.2973643781053,2018
"random_forest","3356",2019,78.2,74.6978720666223,2018
"random_forest","3357",2019,65.7,74.9639893179931,2018
"random_forest","3358",2019,64,73.5460746677767,2018
"random_forest","3359",2019,81.3,74.7452758217338,2018
"random_forest","3360",2019,68.6,70.9436571163948,2018
"random_forest","3361",2019,74.3,73.526285146942,2018
"random_forest","3451",2019,70.7,75.3267854535465,2018
"random_forest","3452",2019,85.9,79.2932672160062,2018
"random_forest","3453",2019,68.6,72.8018878432013,2018
"random_forest","3454",2019,58.7,71.3245839946054,2018
"random_forest","3455",2019,83.8,78.2519086456877,2018
"random_forest","3456",2019,57.1,71.4720146050616,2018
"random_forest","3457",2019,88.9,77.2285034619825,2018
"random_forest","3458",2019,63.6,72.8354920407815,2018
"random_forest","3459",2019,72,70.9685477574648,2018
"random_forest","3460",2019,59.1,71.1885611024532,2018
"random_forest","3462",2019,71.5,78.915036511433,2018
"random_forest","5116",2019,96.8,73.0750816887002,2018
"random_forest","5154",2019,82.1,72.1420528315018,2018
"random_forest","5158",2019,80.2,72.9579255872461,2018
"random_forest","5162",2019,94.8,72.5468642594628,2018
"random_forest","5166",2019,81.8,72.3259944962815,2018
"random_forest","5170",2019,77.8,71.8642075240315,2018
"random_forest","5334",2019,89.5,72.7838587075148,2018
"random_forest","5358",2019,92.1,73.1154905682651,2018
"random_forest","5362",2019,91.9,73.2995688485404,2018
"random_forest","5366",2019,82.5,73.46108449001,2018
"random_forest","5370",2019,88.6,72.8913770848596,2018
"random_forest","5382",2019,88.3,73.1428275772006,2018
"random_forest","5515",2019,84,72.0857112346543,2018
"random_forest","5554",2019,71,72.3749110288601,2018
"random_forest","5558",2019,80.5,72.2283295810856,2018
"random_forest","5562",2019,75.8,72.779144524198,2018
"random_forest","5566",2019,63.6,71.2742510450661,2018
"random_forest","5570",2019,69.1,72.4507170868021,2018
"random_forest","5711",2019,73.5,72.6023556671106,2018
"random_forest","5754",2019,62.8,72.387765987679,2018
"random_forest","5758",2019,78,72.2151191026751,2018
"random_forest","5762",2019,80.7,73.0691366368076,2018
"random_forest","5766",2019,78.4,73.183780529082,2018
"random_forest","5770",2019,73.9,72.1997871855922,2018
"random_forest","5774",2019,73.6,73.5510521843712,2018
"random_forest","5915",2019,83.4,72.4961496070596,2018
"random_forest","5958",2019,67.8,70.4856224706405,2018
"random_forest","5962",2019,60.5,67.0814897518593,2018
"random_forest","5974",2019,82.2,68.58905991564,2018
"random_forest","5978",2019,78.1,69.0161216939727,2018
"random_forest","6432",2019,64.8,67.7964687724498,2018
"random_forest","6433",2019,68.6,67.4514487236097,2018
"random_forest","6435",2019,69.3,66.0334579582639,2018
"random_forest","6439",2019,75.6,67.3035076678877,2018
"random_forest","6440",2019,70,67.4565688490399,2018
"random_forest","6531",2019,67.3,67.0591170352981,2018
"random_forest","6533",2019,70.7,66.0675836392496,2018
"random_forest","6534",2019,71,66.7652064292374,2018
"random_forest","6535",2019,67.6,66.7544113020314,2018
"random_forest","6631",2019,65.6,66.4686688597514,2018
"random_forest","6632",2019,70.4,66.7941144118104,2018
"random_forest","6633",2019,75,67.1096016594517,2018
"random_forest","6634",2019,74.6,67.0162012000222,2018
"random_forest","6635",2019,66.4,67.108573923299,2018
"random_forest","6636",2019,68.7,66.9506165823066,2018
"random_forest","7131",2019,86.7,66.3397233694084,2018
"random_forest","7134",2019,63.8,66.0055274564325,2018
"random_forest","7135",2019,80.4,66.6574545587746,2018
"random_forest","7137",2019,87,67.7452296843157,2018
"random_forest","7140",2019,86.2,67.6396492879343,2018
"random_forest","7141",2019,79.1,67.6398666638917,2018
"random_forest","7231",2019,80.5,66.5795797602398,2018
"random_forest","7232",2019,72.2,65.9033692171717,2018
"random_forest","7233",2019,81.2,65.5854710422911,2018
"random_forest","7235",2019,81.6,66.9308115545566,2018
"random_forest","7331",2019,77.6,68.8594842614052,2018
"random_forest","7333",2019,77.2,68.3549720391831,2018
"random_forest","7336",2019,71.1,66.9690628306139,2018
"random_forest","7340",2019,79.6,66.6969433949384,2018
"random_forest","8115",2019,69.2,67.6708477120102,2018
"random_forest","8116",2019,69.3,67.4644903092464,2018
"random_forest","8117",2019,79.1,64.6064274569875,2018
"random_forest","8118",2019,80.9,67.7778527196138,2018
"random_forest","8119",2019,70.6,66.5758302665113,2018
"random_forest","8125",2019,78.7,68.4785936059497,2018
"random_forest","8126",2019,74.9,65.8210163448774,2018
"random_forest","8127",2019,77.3,65.9280341508492,2018
"random_forest","8128",2019,65.9,67.1757738579199,2018
"random_forest","8136",2019,70.6,65.0225662304363,2018
"random_forest","8215",2019,71.9,68.7619058381619,2018
"random_forest","8225",2019,68.9,65.0666282157842,2018
"random_forest","8226",2019,72.4,68.0952787779998,2018
"random_forest","8236",2019,77.5,67.8472038351649,2018
"random_forest","8237",2019,79.1,65.4627719227994,2018
"random_forest","8315",2019,79.6,70.3082934100344,2018
"random_forest","8317",2019,75.3,69.0771775891886,2018
"random_forest","8325",2019,78.8,64.8525307520257,2018
"random_forest","8326",2019,70.1,65.4105705652681,2018
"random_forest","8327",2019,74.9,66.8106313797314,2018
"random_forest","8337",2019,72.4,65.4412839019314,2018
"random_forest","8415",2019,71.9,66.4709667019093,2018
"random_forest","8416",2019,81.8,67.9118786320347,2018
"random_forest","8417",2019,70,65.8519564380064,2018
"random_forest","8425",2019,74.9,67.7739577486403,2018
"random_forest","8426",2019,76.4,68.4429052777778,2018
"random_forest","8435",2019,70,67.7017233345544,2018
"random_forest","8436",2019,69.5,66.8802621209346,2018
"random_forest","8437",2019,80.2,68.1726765606616,2018
"random_forest","9161",2019,71.2,66.9955287530248,2018
"random_forest","9171",2019,78.4,65.6791560246421,2018
"random_forest","9174",2019,78.8,66.0394255694306,2018
"random_forest","9175",2019,73,65.2991326025086,2018
"random_forest","9176",2019,71.9,65.9921387402598,2018
"random_forest","9177",2019,82.6,66.0020279327339,2018
"random_forest","9178",2019,76.5,66.5339177440338,2018
"random_forest","9179",2019,76.2,65.6700764897325,2018
"random_forest","9181",2019,67.3,67.0013116107227,2018
"random_forest","9183",2019,73.5,65.7981165091576,2018
"random_forest","9184",2019,58.4,65.1833641875902,2018
"random_forest","9185",2019,79.3,66.4867190704851,2018
"random_forest","9186",2019,68.2,66.2616542125652,2018
"random_forest","9187",2019,65.9,65.495917939394,2018
"random_forest","9189",2019,78.2,64.6095240794761,2018
"random_forest","9190",2019,56.5,66.209295002997,2018
"random_forest","9271",2019,83.7,66.1464224648685,2018
"random_forest","9272",2019,49.2,63.4482026632257,2018
"random_forest","9273",2019,72.7,66.6256487829949,2018
"random_forest","9274",2019,78,65.827951949384,2018
"random_forest","9275",2019,79.6,65.8298361239872,2018
"random_forest","9277",2019,77,65.6728728822289,2018
"random_forest","9278",2019,76.8,65.7338048846709,2018
"random_forest","9279",2019,84.4,66.1605360768121,2018
"random_forest","9371",2019,56.6,64.1830962738373,2018
"random_forest","9372",2019,58.7,65.0620052920414,2018
"random_forest","9373",2019,61.6,65.4616756797093,2018
"random_forest","9374",2019,60,64.9007542758353,2018
"random_forest","9375",2019,67.4,66.2843884461095,2018
"random_forest","9376",2019,57,65.9930973799534,2018
"random_forest","9377",2019,71.7,64.2444245039405,2018
"random_forest","9471",2019,60.2,66.1341900950161,2018
"random_forest","9472",2019,60.8,64.576988979465,2018
"random_forest","9473",2019,61.8,65.9951118216229,2018
"random_forest","9474",2019,65.9,65.1651081131091,2018
"random_forest","9475",2019,53.6,63.4868786158286,2018
"random_forest","9476",2019,31.3,64.5168158747919,2018
"random_forest","9477",2019,49.4,64.8870273716284,2018
"random_forest","9478",2019,50.5,66.8203060412921,2018
"random_forest","9479",2019,52.9,64.2084930796981,2018
"random_forest","9571",2019,63.9,65.9423176100012,2018
"random_forest","9572",2019,66.7,66.6943785571096,2018
"random_forest","9573",2019,68,66.3549464804085,2018
"random_forest","9574",2019,52.6,63.7249764414475,2018
"random_forest","9575",2019,70.1,66.7227844001555,2018
"random_forest","9576",2019,50.2,65.6892305462316,2018
"random_forest","9577",2019,65.3,65.7769013132424,2018
"random_forest","9671",2019,63.8,66.849043923965,2018
"random_forest","9672",2019,64.1,66.4701027740038,2018
"random_forest","9673",2019,66.3,66.8364132035743,2018
"random_forest","9674",2019,63.6,67.1153352742813,2018
"random_forest","9675",2019,68.2,68.0868275264735,2018
"random_forest","9676",2019,80,68.5296447253858,2018
"random_forest","9677",2019,65.3,67.9532013276723,2018
"random_forest","9678",2019,63.3,68.4662207987569,2018
"random_forest","9679",2019,68.1,69.7005492602953,2018
"random_forest","9771",2019,78.4,68.8957292175602,2018
"random_forest","9772",2019,64.2,68.8595085260296,2018
"random_forest","9773",2019,78.4,69.5291603952713,2018
"random_forest","9774",2019,77.9,69.6588926853702,2018
"random_forest","9775",2019,78.2,69.9617705000555,2018
"random_forest","9777",2019,89.8,69.5157375653236,2018
"random_forest","9778",2019,79.4,69.3270278672439,2018
"random_forest","9779",2019,72.4,69.4422436758797,2018
"ensemble","1003",2019,100.8,84.7117311602948,2018
"ensemble","1051",2019,92.2,77.9414548149698,2018
"ensemble","1053",2019,86.7,76.8355777208679,2018
"ensemble","1054",2019,89.7,76.2594580089086,2018
"ensemble","1055",2019,96.6,86.513520641175,2018
"ensemble","1056",2019,85.4,71.3523523144509,2018
"ensemble","1057",2019,91.7,81.8318973072229,2018
"ensemble","1058",2019,91.8,84.2349687258461,2018
"ensemble","1059",2019,88.3,83.535113593923,2018
"ensemble","1060",2019,89.1,73.8739347323164,2018
"ensemble","1061",2019,80.1,75.6838713113121,2018
"ensemble","1062",2019,84.8,73.8539255510807,2018
"ensemble","12060",2019,53.2,51.2083388060809,2018
"ensemble","12061",2019,49.3,51.7802958281832,2018
"ensemble","12062",2019,50.8,50.3366360802654,2018
"ensemble","12063",2019,48.9,56.4114680555509,2018
"ensemble","12064",2019,63.4,60.8612585964808,2018
"ensemble","12065",2019,45.5,47.7523377267484,2018
"ensemble","12066",2019,34.3,43.7654416612777,2018
"ensemble","12067",2019,52,52.1883331719185,2018
"ensemble","12068",2019,50.3,55.3391305176094,2018
"ensemble","12069",2019,47.4,50.9879474917879,2018
"ensemble","12070",2019,49.3,61.3408281711927,2018
"ensemble","12071",2019,43.4,46.3077131639704,2018
"ensemble","12072",2019,50.4,54.6628341577309,2018
"ensemble","12073",2019,67.3,63.9461435191728,2018
"ensemble","13071",2019,73.1,66.2916887422659,2018
"ensemble","13072",2019,81.2,68.7670675157106,2018
"ensemble","13073",2019,93,76.8304051363151,2018
"ensemble","13074",2019,88.5,75.1883939611332,2018
"ensemble","13075",2019,81.1,67.7203494984229,2018
"ensemble","13076",2019,60.6,58.3870367536713,2018
"ensemble","14511",2019,77.8,82.0589053861896,2018
"ensemble","14521",2019,67.3,63.3746041052825,2018
"ensemble","14522",2019,80.7,71.5488671703865,2018
"ensemble","14523",2019,66.7,64.5183510144066,2018
"ensemble","14524",2019,83.4,74.0708387903273,2018
"ensemble","14625",2019,72.8,66.0871262687658,2018
"ensemble","14626",2019,76.4,65.1114925887,2018
"ensemble","14627",2019,70.9,63.8685616501824,2018
"ensemble","14628",2019,70.6,63.6015180047652,2018
"ensemble","14713",2019,72.3,72.1123644982208,2018
"ensemble","14729",2019,78.7,71.6330773879901,2018
"ensemble","14730",2019,64.8,66.1514778617382,2018
"ensemble","15001",2019,48.5,51.8976552324087,2018
"ensemble","15081",2019,58.4,54.3599110057763,2018
"ensemble","15082",2019,53.1,60.3704694263427,2018
"ensemble","15083",2019,79,78.3494347147291,2018
"ensemble","15084",2019,77.3,78.2287261729281,2018
"ensemble","15085",2019,76,76.2836322739322,2018
"ensemble","15086",2019,58,56.0376974655346,2018
"ensemble","15087",2019,68.1,67.9789824261629,2018
"ensemble","15088",2019,62.2,78.7681022369489,2018
"ensemble","15089",2019,66.6,70.2257974077162,2018
"ensemble","15090",2019,57.3,58.3071637463308,2018
"ensemble","15091",2019,56.2,56.2717958594823,2018
"ensemble","16051",2019,71,74.3071833415178,2018
"ensemble","16052",2019,96.6,81.1275294354614,2018
"ensemble","16056",2019,68.4,61.2947940475417,2018
"ensemble","16061",2019,83.2,71.401133124287,2018
"ensemble","16062",2019,81,70.1953807166908,2018
"ensemble","16063",2019,76.2,62.0267150662708,2018
"ensemble","16064",2019,75.7,70.1901681167596,2018
"ensemble","16065",2019,66.9,71.0544034870064,2018
"ensemble","16066",2019,69.2,61.5907277322898,2018
"ensemble","16067",2019,81.4,76.9831316055703,2018
"ensemble","16068",2019,63.1,70.2726205582706,2018
"ensemble","16069",2019,66.7,52.9988776376942,2018
"ensemble","16070",2019,62.5,63.1258357074972,2018
"ensemble","16071",2019,76.7,73.1916694308505,2018
"ensemble","16072",2019,65,59.8085294699517,2018
"ensemble","16073",2019,68.5,63.8755999250777,2018
"ensemble","16074",2019,78.9,70.3013708914112,2018
"ensemble","16075",2019,77.7,76.1169802035586,2018
"ensemble","16076",2019,78.5,76.6482729446216,2018
"ensemble","16077",2019,91,81.5191869154328,2018
"ensemble","3101",2019,79.5,74.1315600859681,2018
"ensemble","3102",2019,91.9,86.7542892299955,2018
"ensemble","3103",2019,77.6,66.0943364295169,2018
"ensemble","3151",2019,73.8,69.1358042108301,2018
"ensemble","3153",2019,84.9,80.5735012334867,2018
"ensemble","3154",2019,77.4,73.0811481599102,2018
"ensemble","3155",2019,82.9,78.1609987436536,2018
"ensemble","3157",2019,86.1,80.7407104007402,2018
"ensemble","3158",2019,86.9,80.5456941841678,2018
"ensemble","3159",2019,79.3,74.3870425630556,2018
"ensemble","3241",2019,72.2,70.5045621847688,2018
"ensemble","3251",2019,70.1,69.9929785633572,2018
"ensemble","3252",2019,82.5,76.3882913137915,2018
"ensemble","3254",2019,75.1,80.6004542377887,2018
"ensemble","3255",2019,75.8,72.8132124843761,2018
"ensemble","3256",2019,74.6,67.2124188076247,2018
"ensemble","3257",2019,84.6,78.8680285688633,2018
"ensemble","3351",2019,59.5,69.3242370186956,2018
"ensemble","3352",2019,80.2,67.094384472616,2018
"ensemble","3353",2019,64.2,63.6649529907542,2018
"ensemble","3354",2019,62.3,61.4092539385047,2018
"ensemble","3355",2019,60.8,62.7864965859012,2018
"ensemble","3356",2019,78.2,64.4825123188012,2018
"ensemble","3357",2019,65.7,60.1600185244151,2018
"ensemble","3358",2019,64,62.4617306125848,2018
"ensemble","3359",2019,81.3,68.3099027020685,2018
"ensemble","3360",2019,68.6,68.7246563997543,2018
"ensemble","3361",2019,74.3,62.5284140789604,2018
"ensemble","3451",2019,70.7,65.1378610437708,2018
"ensemble","3452",2019,85.9,74.0613884193641,2018
"ensemble","3453",2019,68.6,65.0357623235777,2018
"ensemble","3454",2019,58.7,63.8493376944387,2018
"ensemble","3455",2019,83.8,79.6982620138147,2018
"ensemble","3456",2019,57.1,64.220835578779,2018
"ensemble","3457",2019,88.9,80.3014637250802,2018
"ensemble","3458",2019,63.6,63.7952574809957,2018
"ensemble","3459",2019,72,71.9641306501851,2018
"ensemble","3460",2019,59.1,63.0212885268147,2018
"ensemble","3462",2019,71.5,74.0666283382192,2018
"ensemble","5116",2019,96.8,81.999999954841,2018
"ensemble","5154",2019,82.1,76.6194135981876,2018
"ensemble","5158",2019,80.2,79.052830344724,2018
"ensemble","5162",2019,94.8,81.0727301433896,2018
"ensemble","5166",2019,81.8,79.716063479928,2018
"ensemble","5170",2019,77.8,70.4582393173271,2018
"ensemble","5334",2019,89.5,83.9015198999835,2018
"ensemble","5358",2019,92.1,82.4587543141399,2018
"ensemble","5362",2019,91.9,85.3164625403519,2018
"ensemble","5366",2019,82.5,78.0256961618305,2018
"ensemble","5370",2019,88.6,79.9853819063151,2018
"ensemble","5382",2019,88.3,79.131074790583,2018
"ensemble","5515",2019,84,77.057554053635,2018
"ensemble","5554",2019,71,72.4167006072475,2018
"ensemble","5558",2019,80.5,75.8592808123926,2018
"ensemble","5562",2019,75.8,65.875431995798,2018
"ensemble","5566",2019,63.6,63.524240873892,2018
"ensemble","5570",2019,69.1,67.9193142985777,2018
"ensemble","5711",2019,73.5,74.7194547073955,2018
"ensemble","5754",2019,62.8,67.4404539222383,2018
"ensemble","5758",2019,78,76.7288740208461,2018
"ensemble","5762",2019,80.7,76.4558385801086,2018
"ensemble","5766",2019,78.4,75.653436835554,2018
"ensemble","5770",2019,73.9,73.4190703230164,2018
"ensemble","5774",2019,73.6,67.8817787463116,2018
"ensemble","5915",2019,83.4,76.0989684812721,2018
"ensemble","5958",2019,67.8,67.5637225008246,2018
"ensemble","5962",2019,60.5,62.7398926174977,2018
"ensemble","5974",2019,82.2,79.8364957438004,2018
"ensemble","5978",2019,78.1,77.1658256848905,2018
"ensemble","6432",2019,64.8,63.1918184727167,2018
"ensemble","6433",2019,68.6,61.0587606542789,2018
"ensemble","6435",2019,69.3,64.3576874895579,2018
"ensemble","6439",2019,75.6,62.8800233181952,2018
"ensemble","6440",2019,70,66.9246527995765,2018
"ensemble","6531",2019,67.3,63.6440202159799,2018
"ensemble","6533",2019,70.7,64.5393995227219,2018
"ensemble","6534",2019,71,62.6493928014932,2018
"ensemble","6535",2019,67.6,62.6463556246707,2018
"ensemble","6631",2019,65.6,62.9331473898875,2018
"ensemble","6632",2019,70.4,59.5687448666329,2018
"ensemble","6633",2019,75,67.3061990486465,2018
"ensemble","6634",2019,74.6,67.061894052857,2018
"ensemble","6635",2019,66.4,63.9828326518204,2018
"ensemble","6636",2019,68.7,61.1061687526847,2018
"ensemble","7131",2019,86.7,67.1463749437819,2018
"ensemble","7134",2019,63.8,59.1452152806878,2018
"ensemble","7135",2019,80.4,67.4283481558966,2018
"ensemble","7137",2019,87,75.5575697468563,2018
"ensemble","7140",2019,86.2,70.9216907243837,2018
"ensemble","7141",2019,79.1,69.2569361195957,2018
"ensemble","7231",2019,80.5,63.7728808029309,2018
"ensemble","7232",2019,72.2,64.6297728665601,2018
"ensemble","7233",2019,81.2,58.3485854407961,2018
"ensemble","7235",2019,81.6,73.3452849174576,2018
"ensemble","7331",2019,77.6,72.4544820825072,2018
"ensemble","7333",2019,77.2,67.0592528752631,2018
"ensemble","7336",2019,71.1,61.0701600328077,2018
"ensemble","7340",2019,79.6,64.3042291357745,2018
"ensemble","8115",2019,69.2,71.2556627935616,2018
"ensemble","8116",2019,69.3,66.5240273570773,2018
"ensemble","8117",2019,79.1,71.9753118950806,2018
"ensemble","8118",2019,80.9,71.7181788010149,2018
"ensemble","8119",2019,70.6,62.7738831908387,2018
"ensemble","8125",2019,78.7,73.2317561271463,2018
"ensemble","8126",2019,74.9,67.5268978861089,2018
"ensemble","8127",2019,77.3,69.5930857279087,2018
"ensemble","8128",2019,65.9,61.6797816504762,2018
"ensemble","8136",2019,70.6,70.0014842289465,2018
"ensemble","8215",2019,71.9,65.0788377504543,2018
"ensemble","8225",2019,68.9,61.401412624421,2018
"ensemble","8226",2019,72.4,68.4620595055643,2018
"ensemble","8236",2019,77.5,69.7764124878637,2018
"ensemble","8237",2019,79.1,71.0826927058154,2018
"ensemble","8315",2019,79.6,71.990471059106,2018
"ensemble","8317",2019,75.3,69.9002376230417,2018
"ensemble","8325",2019,78.8,70.7815621728414,2018
"ensemble","8326",2019,70.1,70.9180416362948,2018
"ensemble","8327",2019,74.9,70.4207263991862,2018
"ensemble","8337",2019,72.4,67.9907386255782,2018
"ensemble","8415",2019,71.9,65.7773198908852,2018
"ensemble","8416",2019,81.8,71.7039815818687,2018
"ensemble","8417",2019,70,65.9286849265909,2018
"ensemble","8425",2019,74.9,71.7968357090437,2018
"ensemble","8426",2019,76.4,75.0749763771614,2018
"ensemble","8435",2019,70,69.5670050682966,2018
"ensemble","8436",2019,69.5,73.9081521127389,2018
"ensemble","8437",2019,80.2,74.4588113370233,2018
"ensemble","9161",2019,71.2,67.535577992076,2018
"ensemble","9171",2019,78.4,71.7142520441913,2018
"ensemble","9174",2019,78.8,74.4133545406565,2018
"ensemble","9175",2019,73,67.7761615335526,2018
"ensemble","9176",2019,71.9,67.8122293874228,2018
"ensemble","9177",2019,82.6,71.3127391368901,2018
"ensemble","9178",2019,76.5,70.3232459573499,2018
"ensemble","9179",2019,76.2,74.2814175264224,2018
"ensemble","9181",2019,67.3,73.6985824332397,2018
"ensemble","9183",2019,73.5,74.610105916159,2018
"ensemble","9184",2019,58.4,66.832294154438,2018
"ensemble","9185",2019,79.3,70.5519593256515,2018
"ensemble","9186",2019,68.2,66.7697542185006,2018
"ensemble","9187",2019,65.9,64.5087485178123,2018
"ensemble","9189",2019,78.2,71.8183148833184,2018
"ensemble","9190",2019,56.5,63.0519950505003,2018
"ensemble","9271",2019,83.7,72.5767570697146,2018
"ensemble","9272",2019,49.2,51.5113440912335,2018
"ensemble","9273",2019,72.7,69.7524313310515,2018
"ensemble","9274",2019,78,72.284636460121,2018
"ensemble","9275",2019,79.6,67.4146758037139,2018
"ensemble","9277",2019,77,67.4608431779964,2018
"ensemble","9278",2019,76.8,69.7546819192804,2018
"ensemble","9279",2019,84.4,75.4977489377708,2018
"ensemble","9371",2019,56.6,58.4205292365466,2018
"ensemble","9372",2019,58.7,61.3650829068653,2018
"ensemble","9373",2019,61.6,61.3709808774082,2018
"ensemble","9374",2019,60,59.2905349300043,2018
"ensemble","9375",2019,67.4,64.9219262383467,2018
"ensemble","9376",2019,57,60.390301352202,2018
"ensemble","9377",2019,71.7,66.1686155353222,2018
"ensemble","9471",2019,60.2,53.7411955338405,2018
"ensemble","9472",2019,60.8,58.6181343070711,2018
"ensemble","9473",2019,61.8,59.5342833685995,2018
"ensemble","9474",2019,65.9,57.6041986537753,2018
"ensemble","9475",2019,53.6,59.8127807032006,2018
"ensemble","9476",2019,31.3,54.2189399722804,2018
"ensemble","9477",2019,49.4,54.8543173593404,2018
"ensemble","9478",2019,50.5,55.8392259371944,2018
"ensemble","9479",2019,52.9,63.8567941633498,2018
"ensemble","9571",2019,63.9,62.229455263314,2018
"ensemble","9572",2019,66.7,57.7072601141172,2018
"ensemble","9573",2019,68,63.0912207406468,2018
"ensemble","9574",2019,52.6,49.5822716535366,2018
"ensemble","9575",2019,70.1,65.7128075053558,2018
"ensemble","9576",2019,50.2,51.7996051570885,2018
"ensemble","9577",2019,65.3,67.9727920541946,2018
"ensemble","9671",2019,63.8,62.588719800239,2018
"ensemble","9672",2019,64.1,58.2175849027293,2018
"ensemble","9673",2019,66.3,59.7837293574874,2018
"ensemble","9674",2019,63.6,54.0189360162294,2018
"ensemble","9675",2019,68.2,64.2217680395507,2018
"ensemble","9676",2019,80,74.7731902418431,2018
"ensemble","9677",2019,65.3,63.1917328841492,2018
"ensemble","9678",2019,63.3,60.8232644247544,2018
"ensemble","9679",2019,68.1,69.3963956153233,2018
"ensemble","9771",2019,78.4,76.3560864497814,2018
"ensemble","9772",2019,64.2,70.4539267276396,2018
"ensemble","9773",2019,78.4,73.9756315486504,2018
"ensemble","9774",2019,77.9,73.5401778239706,2018
"ensemble","9775",2019,78.2,78.2218955381371,2018
"ensemble","9777",2019,89.8,77.9490720387467,2018
"ensemble","9778",2019,79.4,76.1500122444082,2018
"ensemble","9779",2019,72.4,72.2729148937573,2018
