"Method","RS","Year","Observed","Predicted","TrainEnd"
"trend","1003",2019,85.7,88.8103675831146,2018
"trend","10042",2019,68.3,68.4908559967851,2018
"trend","10044",2019,64.8,67.2457875010603,2018
"trend","1051",2019,88.9,88.8464114733461,2018
"trend","1053",2019,84.9,86.5105273420733,2018
"trend","1054",2019,90.2,87.482251935633,2018
"trend","1055",2019,95.9,94.6748315529898,2018
"trend","1056",2019,79.7,86.6356288039159,2018
"trend","1057",2019,89.9,89.5738716729953,2018
"trend","1058",2019,90.8,89.8927248259085,2018
"trend","1059",2019,87.4,90.9864032118307,2018
"trend","1060",2019,82.8,83.4466105850233,2018
"trend","1061",2019,78.6,87.7369659702572,2018
"trend","1062",2019,87,85.7316154166534,2018
"trend","12060",2019,50.5,52.3073490367949,2018
"trend","12061",2019,46,54.2244538112381,2018
"trend","12062",2019,53.2,59.325920105181,2018
"trend","12063",2019,48.6,66.3984322508762,2018
"trend","12064",2019,62.1,64.9844135077383,2018
"trend","12065",2019,47.2,59.0186721125752,2018
"trend","12066",2019,43,44.8084336970342,2018
"trend","12067",2019,51.9,61.2467950397017,2018
"trend","12068",2019,47.5,65.2149888705957,2018
"trend","12069",2019,44.4,67.2296024141444,2018
"trend","12070",2019,49.7,64.6966022924185,2018
"trend","12071",2019,39,41.5184574908273,2018
"trend","12072",2019,55.2,68.4453792567499,2018
"trend","12073",2019,62.3,73.8331564929919,2018
"trend","13071",2019,71.9,73.6488208798784,2018
"trend","13072",2019,78.8,74.2432213067018,2018
"trend","13073",2019,88.9,82.3406882259809,2018
"trend","13074",2019,86.2,81.61578662134,2018
"trend","13075",2019,74.5,77.4058344808363,2018
"trend","13076",2019,59.9,66.4653916379199,2018
"trend","14511",2019,68.9,85.2045259584207,2018
"trend","14521",2019,67.1,78.1280923579482,2018
"trend","14522",2019,80.2,85.8773242611314,2018
"trend","14523",2019,55.1,69.4246125616781,2018
"trend","14524",2019,77.1,79.6885079840534,2018
"trend","14612",2019,77,79.3066449234524,2018
"trend","14625",2019,70.7,72.3884259442194,2018
"trend","14626",2019,75.3,76.0663503039001,2018
"trend","14627",2019,71.4,77.1838027063209,2018
"trend","14628",2019,72.9,75.9938056208436,2018
"trend","14713",2019,66.4,78.5362123971996,2018
"trend","14729",2019,68.8,76.8955215019245,2018
"trend","14730",2019,61.4,73.7315692752254,2018
"trend","15003",2019,67.5,87.1926133054915,2018
"trend","15081",2019,57.5,64.7299631596953,2018
"trend","15082",2019,47.7,68.5680212337893,2018
"trend","15083",2019,73.1,84.1857215421765,2018
"trend","15084",2019,63.5,85.7303058652011,2018
"trend","15085",2019,73.4,78.8388544693169,2018
"trend","15086",2019,53.8,67.0451340449491,2018
"trend","15087",2019,62.3,75.5984755768568,2018
"trend","15088",2019,51.5,82.3100287053666,2018
"trend","15089",2019,56.1,75.2833905397519,2018
"trend","15090",2019,52.6,67.3932807823016,2018
"trend","15091",2019,53.5,65.5995452577273,2018
"trend","16051",2019,59.2,74.1648077547552,2018
"trend","16052",2019,88.7,93.0799398168657,2018
"trend","16056",2019,70.6,71.635598699025,2018
"trend","16061",2019,82.2,79.4792047439042,2018
"trend","16062",2019,78,77.6736755113715,2018
"trend","16063",2019,72.8,71.4033380597956,2018
"trend","16064",2019,75.9,79.1425738282832,2018
"trend","16065",2019,62.4,74.360135496437,2018
"trend","16066",2019,64.8,68.4206064451776,2018
"trend","16067",2019,71.2,76.4482394813864,2018
"trend","16068",2019,50.8,68.6629341006637,2018
"trend","16069",2019,54.2,55.5907564920217,2018
"trend","16070",2019,56,66.3948699016308,2018
"trend","16071",2019,65.6,79.1961405559746,2018
"trend","16072",2019,58.5,64.6813643744749,2018
"trend","16073",2019,55.3,66.6475155666977,2018
"trend","16074",2019,68,77.6694606066095,2018
"trend","16075",2019,66.5,81.6025330338479,2018
"trend","16076",2019,74.3,83.3881006283458,2018
"trend","16077",2019,83.4,90.1822126006797,2018
"trend","3101",2019,83.8,80.4732220408841,2018
"trend","3102",2019,84.8,88.8648300890664,2018
"trend","3103",2019,76.3,75.7846538603726,2018
"trend","3151",2019,75.5,80.2048432199631,2018
"trend","3153",2019,90.5,84.4419455530536,2018
"trend","3154",2019,82.4,80.3487177453026,2018
"trend","3155",2019,88.6,85.237325716172,2018
"trend","3157",2019,81,87.3336653083212,2018
"trend","3158",2019,90.1,83.3584230252555,2018
"trend","3159",2019,85.6,83.0922763264401,2018
"trend","3241",2019,84,84.2143052327589,2018
"trend","3251",2019,76.7,79.6680083943447,2018
"trend","3252",2019,87.4,84.4147475449733,2018
"trend","3254",2019,85,87.2027029736501,2018
"trend","3255",2019,86.9,83.8784662343953,2018
"trend","3256",2019,82.5,78.5878583563835,2018
"trend","3257",2019,87.3,87.1177015208301,2018
"trend","3351",2019,68.3,78.0174524601582,2018
"trend","3352",2019,89,79.2658424393521,2018
"trend","3353",2019,74.9,72.0701826152942,2018
"trend","3354",2019,69.4,76.2129151940174,2018
"trend","3355",2019,71.3,73.6140867723546,2018
"trend","3356",2019,81.9,74.4025296594792,2018
"trend","3357",2019,71.9,70.713008432096,2018
"trend","3358",2019,68.4,75.2216392104464,2018
"trend","3359",2019,84.9,79.0188357368381,2018
"trend","3360",2019,72,81.3528243662024,2018
"trend","3361",2019,82.6,75.167373830224,2018
"trend","3452",2019,96.2,85.9377398916781,2018
"trend","3453",2019,70.9,75.3549990514392,2018
"trend","3454",2019,65.4,74.4110361351959,2018
"trend","3455",2019,92.4,83.3316018170279,2018
"trend","3456",2019,72.8,77.3097111223223,2018
"trend","3457",2019,103.8,93.1794673642297,2018
"trend","3458",2019,75.6,76.0482424225571,2018
"trend","3459",2019,83.4,83.4421499362211,2018
"trend","3460",2019,69.3,77.0464517901699,2018
"trend","3461",2019,89.3,84.2419675247634,2018
"trend","3462",2019,82.7,76.5703651728511,2018
"trend","5154",2019,89.5,86.2563518454157,2018
"trend","5158",2019,83.3,82.553632240053,2018
"trend","5162",2019,89.3,84.20138861479,2018
"trend","5166",2019,85.3,84.5365692374743,2018
"trend","5170",2019,77.7,79.454047463074,2018
"trend","5334",2019,100.6,94.9645677708861,2018
"trend","5358",2019,86.9,85.3121334108674,2018
"trend","5362",2019,88.9,85.9559125231405,2018
"trend","5366",2019,78.6,78.0024232953754,2018
"trend","5370",2019,90,85.2408744391439,2018
"trend","5382",2019,86.3,76.1884773526963,2018
"trend","5515",2019,85.1,83.1754131170412,2018
"trend","5554",2019,80.7,81.0678932330663,2018
"trend","5558",2019,75.8,84.3434822420636,2018
"trend","5562",2019,78.8,80.5428154830763,2018
"trend","5566",2019,71.1,70.1307151113568,2018
"trend","5570",2019,72.5,80.1397368576499,2018
"trend","5711",2019,77.4,79.9819193386155,2018
"trend","5754",2019,64.7,76.7787983523024,2018
"trend","5758",2019,86.3,87.9121919441041,2018
"trend","5762",2019,82.7,83.5857812388167,2018
"trend","5766",2019,83.1,83.0416221787149,2018
"trend","5770",2019,81.6,82.4433677259183,2018
"trend","5774",2019,73,75.6537026154814,2018
"trend","5915",2019,88.8,88.9961351778925,2018
"trend","5958",2019,80.5,78.9607639358235,2018
"trend","5962",2019,68.1,75.2576540354322,2018
"trend","5974",2019,84.7,88.7122630716991,2018
"trend","5978",2019,78,85.2797527359437,2018
"trend","6412",2019,81.7,85.4627552594126,2018
"trend","6432",2019,71.7,71.334413976467,2018
"trend","6433",2019,74.2,74.116982922045,2018
"trend","6434",2019,78.7,78.0089692295621,2018
"trend","6435",2019,78.6,77.8161517053648,2018
"trend","6437",2019,76.9,78.2180331255952,2018
"trend","6439",2019,77.4,72.4851607252848,2018
"trend","6440",2019,82.6,83.8694314658239,2018
"trend","6531",2019,76,77.086682395159,2018
"trend","6533",2019,76.3,75.3968926073717,2018
"trend","6534",2019,76.8,75.758304547226,2018
"trend","6535",2019,75.9,71.8559812657446,2018
"trend","6631",2019,79.4,74.7756069250098,2018
"trend","6632",2019,72.9,68.3822329801321,2018
"trend","6633",2019,78.2,79.2955025508651,2018
"trend","6634",2019,80.8,76.340256871224,2018
"trend","6635",2019,78.7,76.9442770649613,2018
"trend","6636",2019,75.8,72.3016950062518,2018
"trend","7132",2019,47.2,73.5394346299412,2018
"trend","7133",2019,70.4,71.9556836134094,2018
"trend","7135",2019,81.4,75.6609820064435,2018
"trend","7137",2019,75.4,72.6816770059737,2018
"trend","7140",2019,85.8,78.4911608932345,2018
"trend","7141",2019,81.4,73.642654395311,2018
"trend","7143",2019,72.3,65.1147619976468,2018
"trend","7231",2019,77.3,67.6570329110117,2018
"trend","7232",2019,74.8,67.1828466694242,2018
"trend","7233",2019,65.7,65.0657728847326,2018
"trend","7235",2019,71.6,76.0078786914225,2018
"trend","7331",2019,68,74.4170591239505,2018
"trend","7332",2019,69.7,69.7067187622936,2018
"trend","7333",2019,72.8,70.7984875557465,2018
"trend","7334",2019,74.4,69.2495639988835,2018
"trend","7336",2019,69.8,62.0320999072826,2018
"trend","7337",2019,82.6,78.0876000123536,2018
"trend","7338",2019,76.5,71.7949092010534,2018
"trend","7339",2019,70.7,73.9567440244511,2018
"trend","7340",2019,57.2,69.3255156195831,2018
"trend","8115",2019,83.3,87.2918639553007,2018
"trend","8116",2019,79.4,72.6522111056672,2018
"trend","8117",2019,79,76.9779704700191,2018
"trend","8118",2019,76,76.1663177487737,2018
"trend","8119",2019,75.5,72.2163522099043,2018
"trend","8125",2019,79.1,80.690973019774,2018
"trend","8126",2019,74.9,75.8638886381069,2018
"trend","8127",2019,82.5,82.6774684611644,2018
"trend","8128",2019,68.5,67.6983647348015,2018
"trend","8135",2019,63.3,67.9431326236967,2018
"trend","8136",2019,77.7,83.2347815196097,2018
"trend","8215",2019,71.7,71.1529908827813,2018
"trend","8216",2019,72.4,67.0305864806986,2018
"trend","8225",2019,70.1,70.1850072996307,2018
"trend","8226",2019,77.8,73.9048048091435,2018
"trend","8236",2019,76.7,78.5601082660966,2018
"trend","8237",2019,85.5,84.6171319648117,2018
"trend","8315",2019,87.6,87.1366901435322,2018
"trend","8316",2019,80.7,80.3519476203963,2018
"trend","8317",2019,80.4,80.6311822723229,2018
"trend","8325",2019,73.7,77.2837191492682,2018
"trend","8326",2019,73.1,79.7422582067591,2018
"trend","8327",2019,81.7,69.8923931767302,2018
"trend","8335",2019,62.4,63.0096833968186,2018
"trend","8337",2019,82.2,75.0215420360026,2018
"trend","8415",2019,63.8,63.5799791029645,2018
"trend","8416",2019,73.6,76.0505389113376,2018
"trend","8417",2019,59.4,66.3559836671255,2018
"trend","8425",2019,76.4,81.1615401033507,2018
"trend","8426",2019,83.2,84.8640269868882,2018
"trend","8435",2019,85,79.7664505878936,2018
"trend","8436",2019,77.2,83.3083598698614,2018
"trend","8437",2019,82.9,83.2037623717319,2018
"trend","9171",2019,85.1,76.6585715770868,2018
"trend","9172",2019,74,67.0050854985268,2018
"trend","9174",2019,86.1,83.3909846556582,2018
"trend","9175",2019,89.6,80.0594469714533,2018
"trend","9176",2019,76.5,81.1715037051268,2018
"trend","9177",2019,86.2,82.9115876776124,2018
"trend","9178",2019,78.5,78.1575218644717,2018
"trend","9179",2019,89.1,82.6050242647425,2018
"trend","9181",2019,86,85.9940823406125,2018
"trend","9183",2019,83.3,78.0094591160383,2018
"trend","9184",2019,69.5,66.7274971065736,2018
"trend","9185",2019,79.9,80.671043879128,2018
"trend","9186",2019,69.7,77.7220547876971,2018
"trend","9187",2019,56,65.1213250128738,2018
"trend","9188",2019,47.3,72.1962786166416,2018
"trend","9189",2019,81.1,78.3435672053026,2018
"trend","9190",2019,54.8,68.8384222613716,2018
"trend","9271",2019,88.1,86.0797913389061,2018
"trend","9273",2019,81.8,84.7648218231095,2018
"trend","9274",2019,83.2,80.899027979862,2018
"trend","9275",2019,87.2,77.1920067047348,2018
"trend","9277",2019,81.7,76.6523708601848,2018
"trend","9278",2019,87.8,85.4670412036162,2018
"trend","9279",2019,85.2,82.7571907417595,2018
"trend","9371",2019,64.1,71.8842076251168,2018
"trend","9372",2019,67.1,70.4238969085049,2018
"trend","9373",2019,71.7,74.4585992583904,2018
"trend","9374",2019,71,71.2265119866279,2018
"trend","9375",2019,79.9,82.1442294818164,2018
"trend","9376",2019,65.8,72.1029394476564,2018
"trend","9377",2019,72.9,77.5147786095282,2018
"trend","9471",2019,61.1,63.1202447444044,2018
"trend","9472",2019,64,69.329161503675,2018
"trend","9473",2019,61.7,70.5402102521845,2018
"trend","9474",2019,59.4,71.5159691211599,2018
"trend","9475",2019,41.1,65.0811614330243,2018
"trend","9476",2019,47.2,67.2555938562914,2018
"trend","9477",2019,57.4,66.9997830079604,2018
"trend","9478",2019,60.1,67.3785303450122,2018
"trend","9479",2019,43.1,73.2134958283652,2018
"trend","9563",2019,66.2,74.6669518708137,2018
"trend","9571",2019,71.4,73.1469586373165,2018
"trend","9572",2019,65.3,66.0576957051086,2018
"trend","9573",2019,65.8,69.8152918388342,2018
"trend","9574",2019,55.9,60.9193455518034,2018
"trend","9575",2019,70.7,73.6431816974125,2018
"trend","9576",2019,61.9,63.7302044186979,2018
"trend","9577",2019,74.3,79.293095256926,2018
"trend","9671",2019,65.9,71.6182948173458,2018
"trend","9672",2019,65.9,67.3046742265011,2018
"trend","9673",2019,65.2,66.7903772863468,2018
"trend","9674",2019,61.9,60.8215702393309,2018
"trend","9675",2019,66.3,69.8214702214256,2018
"trend","9676",2019,87.7,87.4385429227953,2018
"trend","9677",2019,63.6,71.7154413547711,2018
"trend","9678",2019,68.2,69.2216343144169,2018
"trend","9679",2019,73.5,76.5262876438826,2018
"trend","9771",2019,89.4,89.7143188101777,2018
"trend","9772",2019,83,83.1105841019841,2018
"trend","9773",2019,82.4,83.7592309168714,2018
"trend","9774",2019,84.1,81.7958181102103,2018
"trend","9775",2019,81.4,85.8729798720889,2018
"trend","9777",2019,91,83.4352092325625,2018
"trend","9778",2019,89.5,84.9423115745356,2018
"trend","9779",2019,82.8,83.8291542062647,2018
"persistence","1003",2019,85.7,75.7,2018
"persistence","10042",2019,68.3,66.4,2018
"persistence","10044",2019,64.8,78.4,2018
"persistence","1051",2019,88.9,76.5,2018
"persistence","1053",2019,84.9,66.5,2018
"persistence","1054",2019,90.2,72.2,2018
"persistence","1055",2019,95.9,83.1,2018
"persistence","1056",2019,79.7,71.6,2018
"persistence","1057",2019,89.9,72.4,2018
"persistence","1058",2019,90.8,80.8,2018
"persistence","1059",2019,87.4,81.2,2018
"persistence","1060",2019,82.8,55,2018
"persistence","1061",2019,78.6,67.6,2018
"persistence","1062",2019,87,65.8,2018
"persistence","12060",2019,50.5,38.6,2018
"persistence","12061",2019,46,41.7,2018
"persistence","12062",2019,53.2,50.5,2018
"persistence","12063",2019,48.6,54.4,2018
"persistence","12064",2019,62.1,53.8,2018
"persistence","12065",2019,47.2,43.7,2018
"persistence","12066",2019,43,37.1,2018
"persistence","12067",2019,51.9,49.5,2018
"persistence","12068",2019,47.5,51,2018
"persistence","12069",2019,44.4,43,2018
"persistence","12070",2019,49.7,50,2018
"persistence","12071",2019,39,33.1,2018
"persistence","12072",2019,55.2,47.1,2018
"persistence","12073",2019,62.3,53.5,2018
"persistence","13071",2019,71.9,58.5,2018
"persistence","13072",2019,78.8,56,2018
"persistence","13073",2019,88.9,69.6,2018
"persistence","13074",2019,86.2,59.4,2018
"persistence","13075",2019,74.5,59.9,2018
"persistence","13076",2019,59.9,45.6,2018
"persistence","14511",2019,68.9,77.7,2018
"persistence","14521",2019,67.1,73.5,2018
"persistence","14522",2019,80.2,76.5,2018
"persistence","14523",2019,55.1,63.2,2018
"persistence","14524",2019,77.1,71.3,2018
"persistence","14612",2019,77,70.8,2018
"persistence","14625",2019,70.7,58.6,2018
"persistence","14626",2019,75.3,60.2,2018
"persistence","14627",2019,71.4,67.2,2018
"persistence","14628",2019,72.9,65.2,2018
"persistence","14713",2019,66.4,68.5,2018
"persistence","14729",2019,68.8,61.2,2018
"persistence","14730",2019,61.4,59.3,2018
"persistence","15003",2019,67.5,69,2018
"persistence","15081",2019,57.5,42.4,2018
"persistence","15082",2019,47.7,45.1,2018
"persistence","15083",2019,73.1,68.3,2018
"persistence","15084",2019,63.5,74.5,2018
"persistence","15085",2019,73.4,67.4,2018
"persistence","15086",2019,53.8,52.8,2018
"persistence","15087",2019,62.3,58.3,2018
"persistence","15088",2019,51.5,60.4,2018
"persistence","15089",2019,56.1,53,2018
"persistence","15090",2019,52.6,49.4,2018
"persistence","15091",2019,53.5,45.5,2018
"persistence","16051",2019,59.2,64.6,2018
"persistence","16052",2019,88.7,83.5,2018
"persistence","16056",2019,70.6,57.2,2018
"persistence","16061",2019,82.2,63.2,2018
"persistence","16062",2019,78,62.4,2018
"persistence","16063",2019,72.8,59,2018
"persistence","16064",2019,75.9,68.7,2018
"persistence","16065",2019,62.4,62,2018
"persistence","16066",2019,64.8,61.8,2018
"persistence","16067",2019,71.2,69.9,2018
"persistence","16068",2019,50.8,55.4,2018
"persistence","16069",2019,54.2,43.1,2018
"persistence","16070",2019,56,57.5,2018
"persistence","16071",2019,65.6,63.1,2018
"persistence","16072",2019,58.5,52.9,2018
"persistence","16073",2019,55.3,55.6,2018
"persistence","16074",2019,68,65.5,2018
"persistence","16075",2019,66.5,74.4,2018
"persistence","16076",2019,74.3,73,2018
"persistence","16077",2019,83.4,76.5,2018
"persistence","3101",2019,83.8,60.1,2018
"persistence","3102",2019,84.8,79.9,2018
"persistence","3103",2019,76.3,59.5,2018
"persistence","3151",2019,75.5,63,2018
"persistence","3153",2019,90.5,73.6,2018
"persistence","3154",2019,82.4,68.3,2018
"persistence","3155",2019,88.6,77.2,2018
"persistence","3157",2019,81,75,2018
"persistence","3158",2019,90.1,72.4,2018
"persistence","3159",2019,85.6,70.3,2018
"persistence","3241",2019,84,74.2,2018
"persistence","3251",2019,76.7,64,2018
"persistence","3252",2019,87.4,76.7,2018
"persistence","3254",2019,85,79.4,2018
"persistence","3255",2019,86.9,73.8,2018
"persistence","3256",2019,82.5,66.2,2018
"persistence","3257",2019,87.3,77.7,2018
"persistence","3351",2019,68.3,62.4,2018
"persistence","3352",2019,89,63.8,2018
"persistence","3353",2019,74.9,51.9,2018
"persistence","3354",2019,69.4,52.2,2018
"persistence","3355",2019,71.3,52.9,2018
"persistence","3356",2019,81.9,59,2018
"persistence","3357",2019,71.9,41.1,2018
"persistence","3358",2019,68.4,54,2018
"persistence","3359",2019,84.9,64.4,2018
"persistence","3360",2019,72,69.7,2018
"persistence","3361",2019,82.6,50.6,2018
"persistence","3452",2019,96.2,71.2,2018
"persistence","3453",2019,70.9,67,2018
"persistence","3454",2019,65.4,69.8,2018
"persistence","3455",2019,92.4,65.2,2018
"persistence","3456",2019,72.8,71.9,2018
"persistence","3457",2019,103.8,95.8,2018
"persistence","3458",2019,75.6,59.4,2018
"persistence","3459",2019,83.4,81.7,2018
"persistence","3460",2019,69.3,58.1,2018
"persistence","3461",2019,89.3,67.5,2018
"persistence","3462",2019,82.7,57.5,2018
"persistence","5154",2019,89.5,80.6,2018
"persistence","5158",2019,83.3,89.4,2018
"persistence","5162",2019,89.3,86.1,2018
"persistence","5166",2019,85.3,84.3,2018
"persistence","5170",2019,77.7,77.6,2018
"persistence","5334",2019,100.6,98,2018
"persistence","5358",2019,86.9,84.1,2018
"persistence","5362",2019,88.9,84.8,2018
"persistence","5366",2019,78.6,81.2,2018
"persistence","5370",2019,90,86.4,2018
"persistence","5382",2019,86.3,84.4,2018
"persistence","5515",2019,85.1,83.9,2018
"persistence","5554",2019,80.7,81.5,2018
"persistence","5558",2019,75.8,79.8,2018
"persistence","5562",2019,78.8,73,2018
"persistence","5566",2019,71.1,70.9,2018
"persistence","5570",2019,72.5,74.5,2018
"persistence","5711",2019,77.4,77.9,2018
"persistence","5754",2019,64.7,62,2018
"persistence","5758",2019,86.3,84.4,2018
"persistence","5762",2019,82.7,76.6,2018
"persistence","5766",2019,83.1,76.2,2018
"persistence","5770",2019,81.6,77.6,2018
"persistence","5774",2019,73,65.7,2018
"persistence","5915",2019,88.8,86.2,2018
"persistence","5958",2019,80.5,76.4,2018
"persistence","5962",2019,68.1,69.9,2018
"persistence","5974",2019,84.7,84.6,2018
"persistence","5978",2019,78,79.6,2018
"persistence","6412",2019,81.7,83.2,2018
"persistence","6432",2019,71.7,67,2018
"persistence","6433",2019,74.2,69.1,2018
"persistence","6434",2019,78.7,73.5,2018
"persistence","6435",2019,78.6,68.6,2018
"persistence","6437",2019,76.9,73,2018
"persistence","6439",2019,77.4,67.4,2018
"persistence","6440",2019,82.6,75.4,2018
"persistence","6531",2019,76,66,2018
"persistence","6533",2019,76.3,72.7,2018
"persistence","6534",2019,76.8,67.7,2018
"persistence","6535",2019,75.9,69.5,2018
"persistence","6631",2019,79.4,70.6,2018
"persistence","6632",2019,72.9,60.3,2018
"persistence","6633",2019,78.2,69.8,2018
"persistence","6634",2019,80.8,67.5,2018
"persistence","6635",2019,78.7,69.1,2018
"persistence","6636",2019,75.8,66.3,2018
"persistence","7132",2019,47.2,84.5,2018
"persistence","7133",2019,70.4,76.8,2018
"persistence","7135",2019,81.4,71.8,2018
"persistence","7137",2019,75.4,79.4,2018
"persistence","7140",2019,85.8,82.4,2018
"persistence","7141",2019,81.4,74.9,2018
"persistence","7143",2019,72.3,63.3,2018
"persistence","7231",2019,77.3,70.5,2018
"persistence","7232",2019,74.8,66.9,2018
"persistence","7233",2019,65.7,62.8,2018
"persistence","7235",2019,71.6,83.7,2018
"persistence","7331",2019,68,79.2,2018
"persistence","7332",2019,69.7,76.2,2018
"persistence","7333",2019,72.8,76,2018
"persistence","7334",2019,74.4,66.8,2018
"persistence","7336",2019,69.8,67.4,2018
"persistence","7337",2019,82.6,80.2,2018
"persistence","7338",2019,76.5,73.2,2018
"persistence","7339",2019,70.7,75.1,2018
"persistence","7340",2019,57.2,74.1,2018
"persistence","8115",2019,83.3,86,2018
"persistence","8116",2019,79.4,73.4,2018
"persistence","8117",2019,79,79.8,2018
"persistence","8118",2019,76,69.7,2018
"persistence","8119",2019,75.5,69.6,2018
"persistence","8125",2019,79.1,74.5,2018
"persistence","8126",2019,74.9,68.7,2018
"persistence","8127",2019,82.5,74.4,2018
"persistence","8128",2019,68.5,66.4,2018
"persistence","8135",2019,63.3,76.5,2018
"persistence","8136",2019,77.7,79,2018
"persistence","8215",2019,71.7,66.9,2018
"persistence","8216",2019,72.4,67,2018
"persistence","8225",2019,70.1,63.8,2018
"persistence","8226",2019,77.8,76.1,2018
"persistence","8236",2019,76.7,80.4,2018
"persistence","8237",2019,85.5,84.5,2018
"persistence","8315",2019,87.6,82.2,2018
"persistence","8316",2019,80.7,86.3,2018
"persistence","8317",2019,80.4,78.2,2018
"persistence","8325",2019,73.7,83.9,2018
"persistence","8326",2019,73.1,78.7,2018
"persistence","8327",2019,81.7,71.9,2018
"persistence","8335",2019,62.4,69,2018
"persistence","8337",2019,82.2,78.2,2018
"persistence","8415",2019,63.8,70.6,2018
"persistence","8416",2019,73.6,85.7,2018
"persistence","8417",2019,59.4,73.1,2018
"persistence","8425",2019,76.4,81.3,2018
"persistence","8426",2019,83.2,87.3,2018
"persistence","8435",2019,85,81.2,2018
"persistence","8436",2019,77.2,84.7,2018
"persistence","8437",2019,82.9,85.9,2018
"persistence","9171",2019,85.1,72.5,2018
"persistence","9172",2019,74,64.1,2018
"persistence","9174",2019,86.1,83.3,2018
"persistence","9175",2019,89.6,82.4,2018
"persistence","9176",2019,76.5,75.1,2018
"persistence","9177",2019,86.2,85.6,2018
"persistence","9178",2019,78.5,71.9,2018
"persistence","9179",2019,89.1,86.1,2018
"persistence","9181",2019,86,87,2018
"persistence","9183",2019,83.3,78.1,2018
"persistence","9184",2019,69.5,59.4,2018
"persistence","9185",2019,79.9,84.6,2018
"persistence","9186",2019,69.7,70,2018
"persistence","9187",2019,56,65.4,2018
"persistence","9188",2019,47.3,73,2018
"persistence","9189",2019,81.1,74.6,2018
"persistence","9190",2019,54.8,66.1,2018
"persistence","9271",2019,88.1,79.8,2018
"persistence","9273",2019,81.8,79.2,2018
"persistence","9274",2019,83.2,75.6,2018
"persistence","9275",2019,87.2,75,2018
"persistence","9277",2019,81.7,71.8,2018
"persistence","9278",2019,87.8,73.7,2018
"persistence","9279",2019,85.2,72.9,2018
"persistence","9371",2019,64.1,66.9,2018
"persistence","9372",2019,67.1,57.2,2018
"persistence","9373",2019,71.7,68.1,2018
"persistence","9374",2019,71,55.2,2018
"persistence","9375",2019,79.9,74.3,2018
"persistence","9376",2019,65.8,56.3,2018
"persistence","9377",2019,72.9,72.6,2018
"persistence","9471",2019,61.1,49.6,2018
"persistence","9472",2019,64,62.9,2018
"persistence","9473",2019,61.7,63.7,2018
"persistence","9474",2019,59.4,70.5,2018
"persistence","9475",2019,41.1,49.7,2018
"persistence","9476",2019,47.2,47.9,2018
"persistence","9477",2019,57.4,51.9,2018
"persistence","9478",2019,60.1,49.7,2018
"persistence","9479",2019,43.1,71.1,2018
"persistence","9563",2019,66.2,60.8,2018
"persistence","9571",2019,71.4,70.8,2018
"persistence","9572",2019,65.3,52.4,2018
"persistence","9573",2019,65.8,56.4,2018
"persistence","9574",2019,55.9,43.4,2018
"persistence","9575",2019,70.7,69,2018
"persistence","9576",2019,61.9,59.9,2018
"persistence","9577",2019,74.3,80.1,2018
"persistence","9671",2019,65.9,70.2,2018
"persistence","9672",2019,65.9,60.4,2018
"persistence","9673",2019,65.2,56.3,2018
"persistence","9674",2019,61.9,49.4,2018
"persistence","9675",2019,66.3,57.7,2018
"persistence","9676",2019,87.7,85.8,2018
"persistence","9677",2019,63.6,69,2018
"persistence","9678",2019,68.2,62.9,2018
"persistence","9679",2019,73.5,70.9,2018
"persistence","9771",2019,89.4,84.9,2018
"persistence","9772",2019,83,79.6,2018
"persistence","9773",2019,82.4,83.5,2018
"persistence","9774",2019,84.1,84.7,2018
"persistence","9775",2019,81.4,84.3,2018
"persistence","9777",2019,91,94,2018
"persistence","9778",2019,89.5,98.2,2018
"persistence","9779",2019,82.8,82.5,2018
"panel_ridge","1003",2019,85.7,92.091531023581,2018
"panel_ridge","10042",2019,68.3,67.6493368407535,2018
"panel_ridge","10044",2019,64.8,67.2032835342046,2018
"panel_ridge","1051",2019,88.9,96.4198189114448,2018
"panel_ridge","1053",2019,84.9,90.1609709433908,2018
"panel_ridge","1054",2019,90.2,95.79726861784,2018
"panel_ridge","1055",2019,95.9,99.1601587557215,2018
"panel_ridge","1056",2019,79.7,91.8450024592941,2018
"panel_ridge","1057",2019,89.9,95.1167067873401,2018
"panel_ridge","1058",2019,90.8,97.2825398969079,2018
"panel_ridge","1059",2019,87.4,99.4638851698631,2018
"panel_ridge","1060",2019,82.8,89.1439000550766,2018
"panel_ridge","1061",2019,78.6,94.8052745011826,2018
"panel_ridge","1062",2019,87,89.984144878056,2018
"panel_ridge","12060",2019,50.5,54.8842913029156,2018
"panel_ridge","12061",2019,46,55.7746863456263,2018
"panel_ridge","12062",2019,53.2,59.7885100045137,2018
"panel_ridge","12063",2019,48.6,67.911586085665,2018
"panel_ridge","12064",2019,62.1,66.3845965244375,2018
"panel_ridge","12065",2019,47.2,60.876396909951,2018
"panel_ridge","12066",2019,43,45.9627653455478,2018
"panel_ridge","12067",2019,51.9,62.9091488266971,2018
"panel_ridge","12068",2019,47.5,66.5345862801735,2018
"panel_ridge","12069",2019,44.4,68.9314294500578,2018
"panel_ridge","12070",2019,49.7,67.495052648697,2018
"panel_ridge","12071",2019,39,44.1475123383265,2018
"panel_ridge","12072",2019,55.2,69.1597482012143,2018
"panel_ridge","12073",2019,62.3,76.2926575615465,2018
"panel_ridge","13071",2019,71.9,75.9204524339836,2018
"panel_ridge","13072",2019,78.8,77.2324418109863,2018
"panel_ridge","13073",2019,88.9,84.6492000382392,2018
"panel_ridge","13074",2019,86.2,85.4340518183818,2018
"panel_ridge","13075",2019,74.5,80.1640557590432,2018
"panel_ridge","13076",2019,59.9,70.1446340475857,2018
"panel_ridge","14511",2019,68.9,84.3057435417855,2018
"panel_ridge","14521",2019,67.1,76.6167207126473,2018
"panel_ridge","14522",2019,80.2,85.4165777049068,2018
"panel_ridge","14523",2019,55.1,69.2793468384004,2018
"panel_ridge","14524",2019,77.1,78.980992611554,2018
"panel_ridge","14612",2019,77,79.3202505113412,2018
"panel_ridge","14625",2019,70.7,73.3010191303681,2018
"panel_ridge","14626",2019,75.3,76.5827812432608,2018
"panel_ridge","14627",2019,71.4,77.9026198547036,2018
"panel_ridge","14628",2019,72.9,75.8985959771751,2018
"panel_ridge","14713",2019,66.4,78.609908193831,2018
"panel_ridge","14729",2019,68.8,77.6321956885294,2018
"panel_ridge","14730",2019,61.4,74.8753151964286,2018
"panel_ridge","15003",2019,67.5,89.4402723954129,2018
"panel_ridge","15081",2019,57.5,68.2637620374948,2018
"panel_ridge","15082",2019,47.7,71.3167765217587,2018
"panel_ridge","15083",2019,73.1,86.1336891217128,2018
"panel_ridge","15084",2019,63.5,86.9026456655348,2018
"panel_ridge","15085",2019,73.4,80.5224397638054,2018
"panel_ridge","15086",2019,53.8,69.3771869240368,2018
"panel_ridge","15087",2019,62.3,77.9553480184134,2018
"panel_ridge","15088",2019,51.5,84.4070382013639,2018
"panel_ridge","15089",2019,56.1,77.5591739775899,2018
"panel_ridge","15090",2019,52.6,69.7824773949236,2018
"panel_ridge","15091",2019,53.5,67.1446855159009,2018
"panel_ridge","16051",2019,59.2,76.4172799264996,2018
"panel_ridge","16052",2019,88.7,92.5127476207613,2018
"panel_ridge","16056",2019,70.6,73.0640631034224,2018
"panel_ridge","16061",2019,82.2,80.7381314698675,2018
"panel_ridge","16062",2019,78,78.9547445387612,2018
"panel_ridge","16063",2019,72.8,72.1769465100576,2018
"panel_ridge","16064",2019,75.9,80.860507209337,2018
"panel_ridge","16065",2019,62.4,76.542920844148,2018
"panel_ridge","16066",2019,64.8,69.5171414328498,2018
"panel_ridge","16067",2019,71.2,78.0860598891236,2018
"panel_ridge","16068",2019,50.8,71.6937661331037,2018
"panel_ridge","16069",2019,54.2,57.6254835270978,2018
"panel_ridge","16070",2019,56,68.4469967022692,2018
"panel_ridge","16071",2019,65.6,81.4258487361048,2018
"panel_ridge","16072",2019,58.5,65.7662706035804,2018
"panel_ridge","16073",2019,55.3,68.5450172868627,2018
"panel_ridge","16074",2019,68,79.674341033664,2018
"panel_ridge","16075",2019,66.5,81.6929057666525,2018
"panel_ridge","16076",2019,74.3,83.8663407194016,2018
"panel_ridge","16077",2019,83.4,90.3651069699322,2018
"panel_ridge","3101",2019,83.8,82.9292384606336,2018
"panel_ridge","3102",2019,84.8,90.6457702942471,2018
"panel_ridge","3103",2019,76.3,78.0764463961902,2018
"panel_ridge","3151",2019,75.5,83.8537123318561,2018
"panel_ridge","3153",2019,90.5,85.5871106875575,2018
"panel_ridge","3154",2019,82.4,82.4776753568488,2018
"panel_ridge","3155",2019,88.6,86.3795914355168,2018
"panel_ridge","3157",2019,81,89.674466027165,2018
"panel_ridge","3158",2019,90.1,84.8676187495058,2018
"panel_ridge","3159",2019,85.6,84.2052334080761,2018
"panel_ridge","3241",2019,84,87.7154468307874,2018
"panel_ridge","3251",2019,76.7,83.5170751420844,2018
"panel_ridge","3252",2019,87.4,85.7744719447285,2018
"panel_ridge","3254",2019,85,88.9150183064135,2018
"panel_ridge","3255",2019,86.9,84.2880900072257,2018
"panel_ridge","3256",2019,82.5,82.5382455578825,2018
"panel_ridge","3257",2019,87.3,90.3339894317963,2018
"panel_ridge","3351",2019,68.3,82.2358433000224,2018
"panel_ridge","3352",2019,89,85.4977080748662,2018
"panel_ridge","3353",2019,74.9,78.1208152335737,2018
"panel_ridge","3354",2019,69.4,79.6490542940759,2018
"panel_ridge","3355",2019,71.3,77.8668788596401,2018
"panel_ridge","3356",2019,81.9,78.7162588291031,2018
"panel_ridge","3357",2019,71.9,76.0028215334115,2018
"panel_ridge","3358",2019,68.4,79.0803297005714,2018
"panel_ridge","3359",2019,84.9,85.2774790254121,2018
"panel_ridge","3360",2019,72,84.1423102036431,2018
"panel_ridge","3361",2019,82.6,79.6537981806557,2018
"panel_ridge","3452",2019,96.2,90.5809579721968,2018
"panel_ridge","3453",2019,70.9,78.9456606598778,2018
"panel_ridge","3454",2019,65.4,75.952817859597,2018
"panel_ridge","3455",2019,92.4,89.7650822062395,2018
"panel_ridge","3456",2019,72.8,77.2121583757227,2018
"panel_ridge","3457",2019,103.8,96.2112945135086,2018
"panel_ridge","3458",2019,75.6,80.2007427171478,2018
"panel_ridge","3459",2019,83.4,84.8585700292847,2018
"panel_ridge","3460",2019,69.3,80.8504921542364,2018
"panel_ridge","3461",2019,89.3,87.6821793863554,2018
"panel_ridge","3462",2019,82.7,83.8217441267623,2018
"panel_ridge","5154",2019,89.5,89.4579895040894,2018
"panel_ridge","5158",2019,83.3,83.9127788822337,2018
"panel_ridge","5162",2019,89.3,84.7251351105615,2018
"panel_ridge","5166",2019,85.3,85.5293714438109,2018
"panel_ridge","5170",2019,77.7,82.3345534915491,2018
"panel_ridge","5334",2019,100.6,94.056601904241,2018
"panel_ridge","5358",2019,86.9,85.071560829042,2018
"panel_ridge","5362",2019,88.9,86.8120640672536,2018
"panel_ridge","5366",2019,78.6,77.7290494952628,2018
"panel_ridge","5370",2019,90,85.7671718053887,2018
"panel_ridge","5382",2019,86.3,77.7380193725783,2018
"panel_ridge","5515",2019,85.1,84.7165726278608,2018
"panel_ridge","5554",2019,80.7,84.1904751310104,2018
"panel_ridge","5558",2019,75.8,85.9476719687652,2018
"panel_ridge","5562",2019,78.8,83.4141893896351,2018
"panel_ridge","5566",2019,71.1,72.8847699559183,2018
"panel_ridge","5570",2019,72.5,81.2772008568299,2018
"panel_ridge","5711",2019,77.4,82.5048145457113,2018
"panel_ridge","5754",2019,64.7,78.8190190871481,2018
"panel_ridge","5758",2019,86.3,90.3938655494418,2018
"panel_ridge","5762",2019,82.7,83.9406364060968,2018
"panel_ridge","5766",2019,83.1,84.2323991944398,2018
"panel_ridge","5770",2019,81.6,86.1381690574174,2018
"panel_ridge","5774",2019,73,76.6686062536386,2018
"panel_ridge","5915",2019,88.8,89.5799571678137,2018
"panel_ridge","5958",2019,80.5,78.748757127438,2018
"panel_ridge","5962",2019,68.1,76.9833608323084,2018
"panel_ridge","5974",2019,84.7,88.9888296851089,2018
"panel_ridge","5978",2019,78,87.6807492333334,2018
"panel_ridge","6412",2019,81.7,84.6852189339867,2018
"panel_ridge","6432",2019,71.7,72.302450100452,2018
"panel_ridge","6433",2019,74.2,73.6867013528401,2018
"panel_ridge","6434",2019,78.7,78.683218478937,2018
"panel_ridge","6435",2019,78.6,79.2173746895851,2018
"panel_ridge","6437",2019,76.9,77.2894712877744,2018
"panel_ridge","6439",2019,77.4,73.2198069684382,2018
"panel_ridge","6440",2019,82.6,84.9269441267134,2018
"panel_ridge","6531",2019,76,76.9692180992824,2018
"panel_ridge","6533",2019,76.3,76.7787308427732,2018
"panel_ridge","6534",2019,76.8,75.7019289061714,2018
"panel_ridge","6535",2019,75.9,73.1702055069528,2018
"panel_ridge","6631",2019,79.4,75.0398177498831,2018
"panel_ridge","6632",2019,72.9,69.6710480068221,2018
"panel_ridge","6633",2019,78.2,80.1664808810344,2018
"panel_ridge","6634",2019,80.8,78.0387070173044,2018
"panel_ridge","6635",2019,78.7,77.5759584534775,2018
"panel_ridge","6636",2019,75.8,73.8966450786921,2018
"panel_ridge","7132",2019,47.2,75.2732298648643,2018
"panel_ridge","7133",2019,70.4,70.8255671194044,2018
"panel_ridge","7135",2019,81.4,74.614716526102,2018
"panel_ridge","7137",2019,75.4,73.4860754182498,2018
"panel_ridge","7140",2019,85.8,78.4219244155674,2018
"panel_ridge","7141",2019,81.4,74.9674775819778,2018
"panel_ridge","7143",2019,72.3,67.7217255279774,2018
"panel_ridge","7231",2019,77.3,66.6375986997898,2018
"panel_ridge","7232",2019,74.8,66.5582590595549,2018
"panel_ridge","7233",2019,65.7,64.7742639103617,2018
"panel_ridge","7235",2019,71.6,74.2647865935811,2018
"panel_ridge","7331",2019,68,73.9191500890113,2018
"panel_ridge","7332",2019,69.7,70.1173204643052,2018
"panel_ridge","7333",2019,72.8,70.5811762572218,2018
"panel_ridge","7334",2019,74.4,70.6288644856799,2018
"panel_ridge","7336",2019,69.8,61.6105227367985,2018
"panel_ridge","7337",2019,82.6,78.8768646513807,2018
"panel_ridge","7338",2019,76.5,72.2737180491474,2018
"panel_ridge","7339",2019,70.7,72.9479324814353,2018
"panel_ridge","7340",2019,57.2,69.0494529202997,2018
"panel_ridge","8115",2019,83.3,86.1829299826562,2018
"panel_ridge","8116",2019,79.4,72.2934946574099,2018
"panel_ridge","8117",2019,79,75.9711021308912,2018
"panel_ridge","8118",2019,76,76.7656921519666,2018
"panel_ridge","8119",2019,75.5,71.0649128139048,2018
"panel_ridge","8125",2019,79.1,79.2604659279176,2018
"panel_ridge","8126",2019,74.9,74.098396565764,2018
"panel_ridge","8127",2019,82.5,80.298756941671,2018
"panel_ridge","8128",2019,68.5,67.1414520559087,2018
"panel_ridge","8135",2019,63.3,66.7053515665808,2018
"panel_ridge","8136",2019,77.7,79.5990783360994,2018
"panel_ridge","8215",2019,71.7,70.7471185479749,2018
"panel_ridge","8216",2019,72.4,70.7196925121941,2018
"panel_ridge","8225",2019,70.1,68.791194339147,2018
"panel_ridge","8226",2019,77.8,74.193121154252,2018
"panel_ridge","8236",2019,76.7,77.6470587096333,2018
"panel_ridge","8237",2019,85.5,83.3869665610757,2018
"panel_ridge","8315",2019,87.6,87.6656098765246,2018
"panel_ridge","8316",2019,80.7,82.1539005326176,2018
"panel_ridge","8317",2019,80.4,82.9202321984839,2018
"panel_ridge","8325",2019,73.7,76.9118177545321,2018
"panel_ridge","8326",2019,73.1,79.7838550014088,2018
"panel_ridge","8327",2019,81.7,71.621082048031,2018
"panel_ridge","8335",2019,62.4,65.1139068063506,2018
"panel_ridge","8337",2019,82.2,75.3527290151738,2018
"panel_ridge","8415",2019,63.8,63.5014449863135,2018
"panel_ridge","8416",2019,73.6,75.1538207421414,2018
"panel_ridge","8417",2019,59.4,66.8553316551304,2018
"panel_ridge","8425",2019,76.4,80.9221093388915,2018
"panel_ridge","8426",2019,83.2,85.3243488473523,2018
"panel_ridge","8435",2019,85,82.0724833307109,2018
"panel_ridge","8436",2019,77.2,83.5721556463056,2018
"panel_ridge","8437",2019,82.9,84.8585358659805,2018
"panel_ridge","9171",2019,85.1,73.0009455207039,2018
"panel_ridge","9172",2019,74,58.8943801148471,2018
"panel_ridge","9174",2019,86.1,80.4916573774582,2018
"panel_ridge","9175",2019,89.6,74.6874754928138,2018
"panel_ridge","9176",2019,76.5,77.089493343782,2018
"panel_ridge","9177",2019,86.2,79.6181377193942,2018
"panel_ridge","9178",2019,78.5,75.391336763615,2018
"panel_ridge","9179",2019,89.1,79.7308373303722,2018
"panel_ridge","9181",2019,86,83.3661736420065,2018
"panel_ridge","9183",2019,83.3,74.2499879446173,2018
"panel_ridge","9184",2019,69.5,63.103466005059,2018
"panel_ridge","9185",2019,79.9,77.2784132990398,2018
"panel_ridge","9186",2019,69.7,76.216155943315,2018
"panel_ridge","9187",2019,56,61.3113690911863,2018
"panel_ridge","9188",2019,47.3,67.6967876693227,2018
"panel_ridge","9189",2019,81.1,72.2154549618496,2018
"panel_ridge","9190",2019,54.8,68.550958313891,2018
"panel_ridge","9271",2019,88.1,80.1167711443499,2018
"panel_ridge","9273",2019,81.8,80.187654047261,2018
"panel_ridge","9274",2019,83.2,77.7326145692719,2018
"panel_ridge","9275",2019,87.2,71.4091020135558,2018
"panel_ridge","9277",2019,81.7,72.3464703909542,2018
"panel_ridge","9278",2019,87.8,80.4228974392267,2018
"panel_ridge","9279",2019,85.2,78.2695126030775,2018
"panel_ridge","9371",2019,64.1,68.9021264326155,2018
"panel_ridge","9372",2019,67.1,67.6961716545316,2018
"panel_ridge","9373",2019,71.7,70.3439195981882,2018
"panel_ridge","9374",2019,71,70.2854815610675,2018
"panel_ridge","9375",2019,79.9,77.0370367448153,2018
"panel_ridge","9376",2019,65.8,69.5236071637316,2018
"panel_ridge","9377",2019,72.9,76.3158030098886,2018
"panel_ridge","9471",2019,61.1,64.3619039763122,2018
"panel_ridge","9472",2019,64,68.8460596123279,2018
"panel_ridge","9473",2019,61.7,71.2193226842241,2018
"panel_ridge","9474",2019,59.4,70.0751755602585,2018
"panel_ridge","9475",2019,41.1,66.4219096788021,2018
"panel_ridge","9476",2019,47.2,68.0723965920871,2018
"panel_ridge","9477",2019,57.4,68.0352203188645,2018
"panel_ridge","9478",2019,60.1,68.7920826029176,2018
"panel_ridge","9479",2019,43.1,72.3915720586258,2018
"panel_ridge","9563",2019,66.2,72.3987734629405,2018
"panel_ridge","9571",2019,71.4,70.9351794745531,2018
"panel_ridge","9572",2019,65.3,65.1005583307001,2018
"panel_ridge","9573",2019,65.8,67.9021836282732,2018
"panel_ridge","9574",2019,55.9,59.4186022508823,2018
"panel_ridge","9575",2019,70.7,73.0687085504128,2018
"panel_ridge","9576",2019,61.9,61.4054067024242,2018
"panel_ridge","9577",2019,74.3,75.3480615999424,2018
"panel_ridge","9671",2019,65.9,71.7536461322145,2018
"panel_ridge","9672",2019,65.9,67.5733423526616,2018
"panel_ridge","9673",2019,65.2,68.2428925569751,2018
"panel_ridge","9674",2019,61.9,61.8765614004728,2018
"panel_ridge","9675",2019,66.3,70.7081891509835,2018
"panel_ridge","9676",2019,87.7,85.6971333680653,2018
"panel_ridge","9677",2019,63.6,71.7737359463692,2018
"panel_ridge","9678",2019,68.2,69.0180631844106,2018
"panel_ridge","9679",2019,73.5,76.3951150171114,2018
"panel_ridge","9771",2019,89.4,87.0221438431443,2018
"panel_ridge","9772",2019,83,80.5165294328261,2018
"panel_ridge","9773",2019,82.4,81.5322484596499,2018
"panel_ridge","9774",2019,84.1,81.3221205539589,2018
"panel_ridge","9775",2019,81.4,86.1997510568136,2018
"panel_ridge","9777",2019,91,81.5875264517441,2018
"panel_ridge","9778",2019,89.5,83.4917512737813,2018
"panel_ridge","9779",2019,82.8,79.8081548567835,2018
"local_ridge","1003",2019,85.7,88.9699391624307,2018
"local_ridge","10042",2019,68.3,69.2132839715997,2018
"local_ridge","10044",2019,64.8,68.7963998935409,2018
"local_ridge","1051",2019,88.9,90.8980934007686,2018
"local_ridge","1053",2019,84.9,87.2707644177537,2018
"local_ridge","1054",2019,90.2,89.0258755767551,2018
"local_ridge","1055",2019,95.9,95.971827173459,2018
"local_ridge","1056",2019,79.7,88.0448842420348,2018
"local_ridge","1057",2019,89.9,91.2118465242574,2018
"local_ridge","1058",2019,90.8,92.1652375458049,2018
"local_ridge","1059",2019,87.4,93.1585943976162,2018
"local_ridge","1060",2019,82.8,84.5795417137653,2018
"local_ridge","1061",2019,78.6,89.193043416118,2018
"local_ridge","1062",2019,87,86.2171543291246,2018
"local_ridge","12060",2019,50.5,51.3649365479129,2018
"local_ridge","12061",2019,46,54.0171195315921,2018
"local_ridge","12062",2019,53.2,59.6857954110277,2018
"local_ridge","12063",2019,48.6,63.5025971743995,2018
"local_ridge","12064",2019,62.1,64.3050536551925,2018
"local_ridge","12065",2019,47.2,56.6194798902838,2018
"local_ridge","12066",2019,43,44.8596594499456,2018
"local_ridge","12067",2019,51.9,62.0818202127639,2018
"local_ridge","12068",2019,47.5,62.7527159344435,2018
"local_ridge","12069",2019,44.4,64.6177099238826,2018
"local_ridge","12070",2019,49.7,62.8615050968196,2018
"local_ridge","12071",2019,39,41.1197619027677,2018
"local_ridge","12072",2019,55.2,66.5456996442649,2018
"local_ridge","12073",2019,62.3,71.960529995221,2018
"local_ridge","13071",2019,71.9,71.6026089618275,2018
"local_ridge","13072",2019,78.8,74.1592682716494,2018
"local_ridge","13073",2019,88.9,82.1534223899819,2018
"local_ridge","13074",2019,86.2,82.0037256040233,2018
"local_ridge","13075",2019,74.5,75.0937477163396,2018
"local_ridge","13076",2019,59.9,65.7715741845943,2018
"local_ridge","14511",2019,68.9,83.7026607894218,2018
"local_ridge","14521",2019,67.1,76.0158380144946,2018
"local_ridge","14522",2019,80.2,84.6543803481256,2018
"local_ridge","14523",2019,55.1,67.9833298900688,2018
"local_ridge","14524",2019,77.1,78.4386315487648,2018
"local_ridge","14612",2019,77,77.3355074791781,2018
"local_ridge","14625",2019,70.7,71.3502075877308,2018
"local_ridge","14626",2019,75.3,75.7428007352659,2018
"local_ridge","14627",2019,71.4,77.268989134436,2018
"local_ridge","14628",2019,72.9,75.2667132348831,2018
"local_ridge","14713",2019,66.4,77.4168749761181,2018
"local_ridge","14729",2019,68.8,75.337869647419,2018
"local_ridge","14730",2019,61.4,72.4823342748475,2018
"local_ridge","15003",2019,67.5,83.1119569821692,2018
"local_ridge","15081",2019,57.5,63.3338069390781,2018
"local_ridge","15082",2019,47.7,67.391888169928,2018
"local_ridge","15083",2019,73.1,82.5857143177402,2018
"local_ridge","15084",2019,63.5,84.7855797910469,2018
"local_ridge","15085",2019,73.4,78.0123451126415,2018
"local_ridge","15086",2019,53.8,64.2502313554254,2018
"local_ridge","15087",2019,62.3,74.8207200779308,2018
"local_ridge","15088",2019,51.5,80.1190880599948,2018
"local_ridge","15089",2019,56.1,72.8875798101013,2018
"local_ridge","15090",2019,52.6,65.3849514492453,2018
"local_ridge","15091",2019,53.5,64.1560749926176,2018
"local_ridge","16051",2019,59.2,73.1536860891261,2018
"local_ridge","16052",2019,88.7,89.842872338388,2018
"local_ridge","16056",2019,70.6,71.3129987488141,2018
"local_ridge","16061",2019,82.2,78.242778473206,2018
"local_ridge","16062",2019,78,75.4372150793526,2018
"local_ridge","16063",2019,72.8,70.1351928663248,2018
"local_ridge","16064",2019,75.9,77.8916407522844,2018
"local_ridge","16065",2019,62.4,73.3956466523569,2018
"local_ridge","16066",2019,64.8,67.0985006690106,2018
"local_ridge","16067",2019,71.2,75.552101197994,2018
"local_ridge","16068",2019,50.8,67.4948357905776,2018
"local_ridge","16069",2019,54.2,55.9201845060809,2018
"local_ridge","16070",2019,56,65.381617805428,2018
"local_ridge","16071",2019,65.6,77.9405115317057,2018
"local_ridge","16072",2019,58.5,65.3122915003206,2018
"local_ridge","16073",2019,55.3,64.8300736830791,2018
"local_ridge","16074",2019,68,76.2039720669065,2018
"local_ridge","16075",2019,66.5,79.9632839511333,2018
"local_ridge","16076",2019,74.3,81.8908433948527,2018
"local_ridge","16077",2019,83.4,88.0581547420791,2018
"local_ridge","3101",2019,83.8,79.7661662744936,2018
"local_ridge","3102",2019,84.8,88.3968787864603,2018
"local_ridge","3103",2019,76.3,74.2739234536332,2018
"local_ridge","3151",2019,75.5,78.8253344690754,2018
"local_ridge","3153",2019,90.5,83.634842774971,2018
"local_ridge","3154",2019,82.4,79.5136394948254,2018
"local_ridge","3155",2019,88.6,84.0238071186683,2018
"local_ridge","3157",2019,81,86.1280160677607,2018
"local_ridge","3158",2019,90.1,82.773288806322,2018
"local_ridge","3159",2019,85.6,81.706528976887,2018
"local_ridge","3241",2019,84,84.1662670070218,2018
"local_ridge","3251",2019,76.7,79.3752041081428,2018
"local_ridge","3252",2019,87.4,83.9881826078818,2018
"local_ridge","3254",2019,85,86.4005646916774,2018
"local_ridge","3255",2019,86.9,82.5794465928439,2018
"local_ridge","3256",2019,82.5,78.689131236597,2018
"local_ridge","3257",2019,87.3,86.54374250417,2018
"local_ridge","3351",2019,68.3,76.8862499559263,2018
"local_ridge","3352",2019,89,80.5082999566608,2018
"local_ridge","3353",2019,74.9,73.0125818330393,2018
"local_ridge","3354",2019,69.4,74.9592934260861,2018
"local_ridge","3355",2019,71.3,73.1348235990402,2018
"local_ridge","3356",2019,81.9,74.3219187335596,2018
"local_ridge","3357",2019,71.9,70.346893004724,2018
"local_ridge","3358",2019,68.4,73.9962904437003,2018
"local_ridge","3359",2019,84.9,80.7338816140072,2018
"local_ridge","3360",2019,72,80.7196156684605,2018
"local_ridge","3361",2019,82.6,75.6355935110013,2018
"local_ridge","3452",2019,96.2,85.1745538540303,2018
"local_ridge","3453",2019,70.9,74.3026528970288,2018
"local_ridge","3454",2019,65.4,73.0838252082358,2018
"local_ridge","3455",2019,92.4,83.7067944555426,2018
"local_ridge","3456",2019,72.8,75.5951534633856,2018
"local_ridge","3457",2019,103.8,92.677029247484,2018
"local_ridge","3458",2019,75.6,75.2573897666374,2018
"local_ridge","3459",2019,83.4,82.9105433905766,2018
"local_ridge","3460",2019,69.3,76.3157708319392,2018
"local_ridge","3461",2019,89.3,83.1675147433555,2018
"local_ridge","3462",2019,82.7,78.0283445777174,2018
"local_ridge","5154",2019,89.5,85.1774025173351,2018
"local_ridge","5158",2019,83.3,83.6064963664959,2018
"local_ridge","5162",2019,89.3,84.3402853245153,2018
"local_ridge","5166",2019,85.3,84.1146900978064,2018
"local_ridge","5170",2019,77.7,78.8338398167415,2018
"local_ridge","5334",2019,100.6,94.1786577812552,2018
"local_ridge","5358",2019,86.9,85.0415816389593,2018
"local_ridge","5362",2019,88.9,85.9133759292186,2018
"local_ridge","5366",2019,78.6,77.5196203970403,2018
"local_ridge","5370",2019,90,85.4738754755943,2018
"local_ridge","5382",2019,86.3,77.1407295644828,2018
"local_ridge","5515",2019,85.1,83.9073504718256,2018
"local_ridge","5554",2019,80.7,81.1427313899469,2018
"local_ridge","5558",2019,75.8,83.8125121202752,2018
"local_ridge","5562",2019,78.8,80.1344000459112,2018
"local_ridge","5566",2019,71.1,71.0355007357917,2018
"local_ridge","5570",2019,72.5,79.9973261643852,2018
"local_ridge","5711",2019,77.4,79.7700662848482,2018
"local_ridge","5754",2019,64.7,76.7913064881005,2018
"local_ridge","5758",2019,86.3,86.5124770625653,2018
"local_ridge","5762",2019,82.7,82.5325484097035,2018
"local_ridge","5766",2019,83.1,82.0630720407128,2018
"local_ridge","5770",2019,81.6,82.1711146066853,2018
"local_ridge","5774",2019,73,74.9832282827722,2018
"local_ridge","5915",2019,88.8,87.3236059628886,2018
"local_ridge","5958",2019,80.5,76.9603892220619,2018
"local_ridge","5962",2019,68.1,72.378576984538,2018
"local_ridge","5974",2019,84.7,87.8036263332703,2018
"local_ridge","5978",2019,78,85.2047400717277,2018
"local_ridge","6412",2019,81.7,84.6795566165153,2018
"local_ridge","6432",2019,71.7,72.3400779090393,2018
"local_ridge","6433",2019,74.2,73.4302173008551,2018
"local_ridge","6434",2019,78.7,79.6718033175376,2018
"local_ridge","6435",2019,78.6,78.0320201963327,2018
"local_ridge","6437",2019,76.9,76.4423393061509,2018
"local_ridge","6439",2019,77.4,73.8430507495471,2018
"local_ridge","6440",2019,82.6,83.8403614911204,2018
"local_ridge","6531",2019,76,75.773086089816,2018
"local_ridge","6533",2019,76.3,74.9569564387737,2018
"local_ridge","6534",2019,76.8,75.4677398540457,2018
"local_ridge","6535",2019,75.9,72.9590745019775,2018
"local_ridge","6631",2019,79.4,74.6597104504399,2018
"local_ridge","6632",2019,72.9,67.7460570533021,2018
"local_ridge","6633",2019,78.2,78.4505496445852,2018
"local_ridge","6634",2019,80.8,76.954907466801,2018
"local_ridge","6635",2019,78.7,76.5028070962275,2018
"local_ridge","6636",2019,75.8,72.0779015976829,2018
"local_ridge","7132",2019,47.2,71.1427138304375,2018
"local_ridge","7133",2019,70.4,71.5702564430854,2018
"local_ridge","7135",2019,81.4,75.0735724915872,2018
"local_ridge","7137",2019,75.4,72.5819907591134,2018
"local_ridge","7140",2019,85.8,78.0405769325791,2018
"local_ridge","7141",2019,81.4,74.623156598376,2018
"local_ridge","7143",2019,72.3,65.1267769089384,2018
"local_ridge","7231",2019,77.3,68.5618703827896,2018
"local_ridge","7232",2019,74.8,66.738190240546,2018
"local_ridge","7233",2019,65.7,63.0060577465913,2018
"local_ridge","7235",2019,71.6,74.9577284331916,2018
"local_ridge","7331",2019,68,74.6629618338403,2018
"local_ridge","7332",2019,69.7,70.6236925130585,2018
"local_ridge","7333",2019,72.8,72.035262441979,2018
"local_ridge","7334",2019,74.4,68.7481078857883,2018
"local_ridge","7336",2019,69.8,62.8442102721104,2018
"local_ridge","7337",2019,82.6,77.3876460112597,2018
"local_ridge","7338",2019,76.5,72.5865569138833,2018
"local_ridge","7339",2019,70.7,74.0803375443361,2018
"local_ridge","7340",2019,57.2,69.2710164755601,2018
"local_ridge","8115",2019,83.3,86.2259999825251,2018
"local_ridge","8116",2019,79.4,72.9556342967677,2018
"local_ridge","8117",2019,79,76.0936944761889,2018
"local_ridge","8118",2019,76,75.4436211753672,2018
"local_ridge","8119",2019,75.5,72.0358935179465,2018
"local_ridge","8125",2019,79.1,80.060671547034,2018
"local_ridge","8126",2019,74.9,76.0384696186071,2018
"local_ridge","8127",2019,82.5,81.2074486283987,2018
"local_ridge","8128",2019,68.5,68.2955148355286,2018
"local_ridge","8135",2019,63.3,69.4261339868783,2018
"local_ridge","8136",2019,77.7,82.4101174220465,2018
"local_ridge","8215",2019,71.7,71.1182834208825,2018
"local_ridge","8216",2019,72.4,66.8029479073093,2018
"local_ridge","8225",2019,70.1,69.5329445086246,2018
"local_ridge","8226",2019,77.8,74.0229899065401,2018
"local_ridge","8236",2019,76.7,77.0764994280379,2018
"local_ridge","8237",2019,85.5,82.5588156973385,2018
"local_ridge","8315",2019,87.6,84.077997256266,2018
"local_ridge","8316",2019,80.7,76.8902900452439,2018
"local_ridge","8317",2019,80.4,77.9801601362236,2018
"local_ridge","8325",2019,73.7,76.7729043416339,2018
"local_ridge","8326",2019,73.1,79.2624917595693,2018
"local_ridge","8327",2019,81.7,70.046655715515,2018
"local_ridge","8335",2019,62.4,65.5734486948872,2018
"local_ridge","8337",2019,82.2,75.4040841228694,2018
"local_ridge","8415",2019,63.8,64.0741234240215,2018
"local_ridge","8416",2019,73.6,75.8316647064629,2018
"local_ridge","8417",2019,59.4,67.0149597327471,2018
"local_ridge","8425",2019,76.4,80.9316011368436,2018
"local_ridge","8426",2019,83.2,84.9398125564511,2018
"local_ridge","8435",2019,85,79.2064194442717,2018
"local_ridge","8436",2019,77.2,82.9667021613992,2018
"local_ridge","8437",2019,82.9,83.0350017042116,2018
"local_ridge","9171",2019,85.1,77.0945678119509,2018
"local_ridge","9172",2019,74,68.501298387759,2018
"local_ridge","9174",2019,86.1,82.2865544477029,2018
"local_ridge","9175",2019,89.6,79.2131276067407,2018
"local_ridge","9176",2019,76.5,80.1510473349055,2018
"local_ridge","9177",2019,86.2,83.0063693759217,2018
"local_ridge","9178",2019,78.5,77.7853512020461,2018
"local_ridge","9179",2019,89.1,81.8277334461572,2018
"local_ridge","9181",2019,86,84.4262444360627,2018
"local_ridge","9183",2019,83.3,77.6719956814569,2018
"local_ridge","9184",2019,69.5,67.1694749973322,2018
"local_ridge","9185",2019,79.9,79.5880841730201,2018
"local_ridge","9186",2019,69.7,77.13910312196,2018
"local_ridge","9187",2019,56,63.9091049220049,2018
"local_ridge","9188",2019,47.3,73.2640331555625,2018
"local_ridge","9189",2019,81.1,78.7923580467886,2018
"local_ridge","9190",2019,54.8,66.7171282285547,2018
"local_ridge","9271",2019,88.1,85.2204538856808,2018
"local_ridge","9273",2019,81.8,83.9092687006404,2018
"local_ridge","9274",2019,83.2,80.8595708602463,2018
"local_ridge","9275",2019,87.2,77.4087391873536,2018
"local_ridge","9277",2019,81.7,76.3826224130918,2018
"local_ridge","9278",2019,87.8,84.8486583213496,2018
"local_ridge","9279",2019,85.2,82.0247958741618,2018
"local_ridge","9371",2019,64.1,70.1459951212839,2018
"local_ridge","9372",2019,67.1,70.3951376977209,2018
"local_ridge","9373",2019,71.7,73.3248036191198,2018
"local_ridge","9374",2019,71,70.8926508629282,2018
"local_ridge","9375",2019,79.9,80.6415084561199,2018
"local_ridge","9376",2019,65.8,71.5543153533162,2018
"local_ridge","9377",2019,72.9,76.6164145277966,2018
"local_ridge","9471",2019,61.1,63.7544522580514,2018
"local_ridge","9472",2019,64,68.6362568192451,2018
"local_ridge","9473",2019,61.7,70.631835844776,2018
"local_ridge","9474",2019,59.4,72.204107322679,2018
"local_ridge","9475",2019,41.1,66.207368481659,2018
"local_ridge","9476",2019,47.2,66.2372757553007,2018
"local_ridge","9477",2019,57.4,67.5722906431747,2018
"local_ridge","9478",2019,60.1,66.9855461011267,2018
"local_ridge","9479",2019,43.1,72.9390884172614,2018
"local_ridge","9563",2019,66.2,72.42949856535,2018
"local_ridge","9571",2019,71.4,72.7273626202661,2018
"local_ridge","9572",2019,65.3,65.9906250662955,2018
"local_ridge","9573",2019,65.8,69.1141566539848,2018
"local_ridge","9574",2019,55.9,61.0965760925486,2018
"local_ridge","9575",2019,70.7,73.2909478141839,2018
"local_ridge","9576",2019,61.9,64.0296548619261,2018
"local_ridge","9577",2019,74.3,78.3600332394868,2018
"local_ridge","9671",2019,65.9,72.1774888291641,2018
"local_ridge","9672",2019,65.9,68.1215091271074,2018
"local_ridge","9673",2019,65.2,67.9924345625144,2018
"local_ridge","9674",2019,61.9,62.4612762178417,2018
"local_ridge","9675",2019,66.3,70.9802026528291,2018
"local_ridge","9676",2019,87.7,86.213217166873,2018
"local_ridge","9677",2019,63.6,72.6482443447621,2018
"local_ridge","9678",2019,68.2,69.6383528220239,2018
"local_ridge","9679",2019,73.5,76.9715151092113,2018
"local_ridge","9771",2019,89.4,87.0154379445824,2018
"local_ridge","9772",2019,83,82.155654979508,2018
"local_ridge","9773",2019,82.4,82.2365265948,2018
"local_ridge","9774",2019,84.1,80.7536070372245,2018
"local_ridge","9775",2019,81.4,84.890836740191,2018
"local_ridge","9777",2019,91,82.8184338477997,2018
"local_ridge","9778",2019,89.5,83.241291346167,2018
"local_ridge","9779",2019,82.8,83.0469428263324,2018
"pcr","1003",2019,85.7,90.7291980031945,2018
"pcr","10042",2019,68.3,70.6635359072196,2018
"pcr","10044",2019,64.8,69.4151950272844,2018
"pcr","1051",2019,88.9,90.923800039448,2018
"pcr","1053",2019,84.9,88.2969044373619,2018
"pcr","1054",2019,90.2,89.7082300577027,2018
"pcr","1055",2019,95.9,96.2465068282559,2018
"pcr","1056",2019,79.7,88.4806484033528,2018
"pcr","1057",2019,89.9,91.7353634413941,2018
"pcr","1058",2019,90.8,92.1038668003579,2018
"pcr","1059",2019,87.4,93.4587847674133,2018
"pcr","1060",2019,82.8,85.6741969717993,2018
"pcr","1061",2019,78.6,89.7042465621385,2018
"pcr","1062",2019,87,87.6563238200021,2018
"pcr","12060",2019,50.5,54.033348019644,2018
"pcr","12061",2019,46,55.7985302984348,2018
"pcr","12062",2019,53.2,61.0570521334317,2018
"pcr","12063",2019,48.6,67.5836538682028,2018
"pcr","12064",2019,62.1,66.65141627737,2018
"pcr","12065",2019,47.2,60.4270459140213,2018
"pcr","12066",2019,43,46.3880737489339,2018
"pcr","12067",2019,51.9,62.7604431568241,2018
"pcr","12068",2019,47.5,66.0724500396756,2018
"pcr","12069",2019,44.4,68.7635412775535,2018
"pcr","12070",2019,49.7,65.9593040688163,2018
"pcr","12071",2019,39,43.0012073551223,2018
"pcr","12072",2019,55.2,70.0557056618097,2018
"pcr","12073",2019,62.3,75.0320343064354,2018
"pcr","13071",2019,71.9,74.4638246019572,2018
"pcr","13072",2019,78.8,74.9877958779935,2018
"pcr","13073",2019,88.9,83.2559005344289,2018
"pcr","13074",2019,86.2,83.0295931892415,2018
"pcr","13075",2019,74.5,78.2752199715274,2018
"pcr","13076",2019,59.9,67.7595455377495,2018
"pcr","14511",2019,68.9,86.0575264747576,2018
"pcr","14521",2019,67.1,79.3331055937172,2018
"pcr","14522",2019,80.2,87.3762261567451,2018
"pcr","14523",2019,55.1,71.5298966398122,2018
"pcr","14524",2019,77.1,81.3016969994166,2018
"pcr","14612",2019,77,81.3066366354805,2018
"pcr","14625",2019,70.7,74.0185533493438,2018
"pcr","14626",2019,75.3,77.6989871002749,2018
"pcr","14627",2019,71.4,78.8794537389203,2018
"pcr","14628",2019,72.9,77.58604902836,2018
"pcr","14713",2019,66.4,80.0468933531613,2018
"pcr","14729",2019,68.8,78.5013588065758,2018
"pcr","14730",2019,61.4,75.4757808724894,2018
"pcr","15003",2019,67.5,90.624877006242,2018
"pcr","15081",2019,57.5,66.6486223151138,2018
"pcr","15082",2019,47.7,70.3829264316586,2018
"pcr","15083",2019,73.1,86.0866230262201,2018
"pcr","15084",2019,63.5,87.5191761863484,2018
"pcr","15085",2019,73.4,80.9881195699529,2018
"pcr","15086",2019,53.8,68.430090345777,2018
"pcr","15087",2019,62.3,77.4427084207523,2018
"pcr","15088",2019,51.5,84.086983515821,2018
"pcr","15089",2019,56.1,76.7998284561549,2018
"pcr","15090",2019,52.6,68.9477063077505,2018
"pcr","15091",2019,53.5,67.3969147025599,2018
"pcr","16051",2019,59.2,75.8781856667354,2018
"pcr","16052",2019,88.7,94.5544474232855,2018
"pcr","16056",2019,70.6,74.588788863088,2018
"pcr","16061",2019,82.2,82.0450957065141,2018
"pcr","16062",2019,78,79.5439061752082,2018
"pcr","16063",2019,72.8,74.1448893339088,2018
"pcr","16064",2019,75.9,81.4417244640054,2018
"pcr","16065",2019,62.4,76.3332527111116,2018
"pcr","16066",2019,64.8,70.871980486033,2018
"pcr","16067",2019,71.2,78.6659852920035,2018
"pcr","16068",2019,50.8,70.4706400194759,2018
"pcr","16069",2019,54.2,57.8346763909466,2018
"pcr","16070",2019,56,68.3120129591018,2018
"pcr","16071",2019,65.6,80.944025298019,2018
"pcr","16072",2019,58.5,67.0043714514169,2018
"pcr","16073",2019,55.3,68.5183389924715,2018
"pcr","16074",2019,68,79.5013813652255,2018
"pcr","16075",2019,66.5,83.593652143272,2018
"pcr","16076",2019,74.3,85.0295308842305,2018
"pcr","16077",2019,83.4,91.7309022074233,2018
"pcr","3101",2019,83.8,82.4830586562328,2018
"pcr","3102",2019,84.8,90.9657534292611,2018
"pcr","3103",2019,76.3,77.9277719083308,2018
"pcr","3151",2019,75.5,82.203780364721,2018
"pcr","3153",2019,90.5,86.9071931662045,2018
"pcr","3154",2019,82.4,82.5255864710221,2018
"pcr","3155",2019,88.6,87.5062606416122,2018
"pcr","3157",2019,81,89.3851527844633,2018
"pcr","3158",2019,90.1,85.5398469069371,2018
"pcr","3159",2019,85.6,85.5347992695509,2018
"pcr","3241",2019,84,86.3318167662613,2018
"pcr","3251",2019,76.7,81.6522921452229,2018
"pcr","3252",2019,87.4,86.8588305590427,2018
"pcr","3254",2019,85,89.5530853665177,2018
"pcr","3255",2019,86.9,86.1937106650797,2018
"pcr","3256",2019,82.5,80.7927944601503,2018
"pcr","3257",2019,87.3,89.6012291802881,2018
"pcr","3351",2019,68.3,79.9065743511287,2018
"pcr","3352",2019,89,80.8387716103656,2018
"pcr","3353",2019,74.9,73.6999963477538,2018
"pcr","3354",2019,69.4,77.8483099561695,2018
"pcr","3355",2019,71.3,75.1676991661431,2018
"pcr","3356",2019,81.9,76.0579820510596,2018
"pcr","3357",2019,71.9,72.5243012200031,2018
"pcr","3358",2019,68.4,77.0022230764079,2018
"pcr","3359",2019,84.9,80.6554630562188,2018
"pcr","3360",2019,72,82.8699442225504,2018
"pcr","3361",2019,82.6,77.0712665849403,2018
"pcr","3452",2019,96.2,87.3581297113995,2018
"pcr","3453",2019,70.9,77.0982136988527,2018
"pcr","3454",2019,65.4,76.026322340187,2018
"pcr","3455",2019,92.4,84.6599874305598,2018
"pcr","3456",2019,72.8,78.9476947702981,2018
"pcr","3457",2019,103.8,94.6883965259656,2018
"pcr","3458",2019,75.6,77.6483725023049,2018
"pcr","3459",2019,83.4,85.450023541237,2018
"pcr","3460",2019,69.3,79.0076609052696,2018
"pcr","3461",2019,89.3,86.2833934140029,2018
"pcr","3462",2019,82.7,77.8545567357252,2018
"pcr","5154",2019,89.5,87.9921808911686,2018
"pcr","5158",2019,83.3,85.1861094448214,2018
"pcr","5162",2019,89.3,86.7527556050885,2018
"pcr","5166",2019,85.3,86.8036582094701,2018
"pcr","5170",2019,77.7,81.3558950595142,2018
"pcr","5334",2019,100.6,97.7063486903452,2018
"pcr","5358",2019,86.9,87.7179264556812,2018
"pcr","5362",2019,88.9,88.4716942025852,2018
"pcr","5366",2019,78.6,80.7010878912752,2018
"pcr","5370",2019,90,87.8790738066487,2018
"pcr","5382",2019,86.3,79.062899049291,2018
"pcr","5515",2019,85.1,85.5085262253554,2018
"pcr","5554",2019,80.7,83.1741816372104,2018
"pcr","5558",2019,75.8,86.5584121497011,2018
"pcr","5562",2019,78.8,82.758202514992,2018
"pcr","5566",2019,71.1,72.2785458319045,2018
"pcr","5570",2019,72.5,82.5721111893145,2018
"pcr","5711",2019,77.4,82.4864945478824,2018
"pcr","5754",2019,64.7,79.180020298994,2018
"pcr","5758",2019,86.3,90.4471079008163,2018
"pcr","5762",2019,82.7,86.1377233425026,2018
"pcr","5766",2019,83.1,85.6429681014761,2018
"pcr","5770",2019,81.6,84.9777549174332,2018
"pcr","5774",2019,73,78.1778276367852,2018
"pcr","5915",2019,88.8,91.4288249467436,2018
"pcr","5958",2019,80.5,81.7143715436503,2018
"pcr","5962",2019,68.1,78.2049134191217,2018
"pcr","5974",2019,84.7,91.4018127192437,2018
"pcr","5978",2019,78,87.8736395614496,2018
"pcr","6412",2019,81.7,88.4304625076517,2018
"pcr","6432",2019,71.7,74.2542931818109,2018
"pcr","6433",2019,74.2,76.7516548379663,2018
"pcr","6434",2019,78.7,80.7401482930089,2018
"pcr","6435",2019,78.6,80.6940223572667,2018
"pcr","6437",2019,76.9,80.7345804953851,2018
"pcr","6439",2019,77.4,74.9483616099484,2018
"pcr","6440",2019,82.6,86.436242557066,2018
"pcr","6531",2019,76,79.4597312159858,2018
"pcr","6533",2019,76.3,77.9586181273966,2018
"pcr","6534",2019,76.8,77.9943493596999,2018
"pcr","6535",2019,75.9,74.5489797839032,2018
"pcr","6631",2019,79.4,77.6989346530105,2018
"pcr","6632",2019,72.9,71.3390818875265,2018
"pcr","6633",2019,78.2,81.8399918362527,2018
"pcr","6634",2019,80.8,78.9919916860237,2018
"pcr","6635",2019,78.7,79.5664430765296,2018
"pcr","6636",2019,75.8,75.1604184315692,2018
"pcr","7132",2019,47.2,76.9044743152932,2018
"pcr","7133",2019,70.4,74.211395331114,2018
"pcr","7135",2019,81.4,77.7559364625357,2018
"pcr","7137",2019,75.4,75.4928439321926,2018
"pcr","7140",2019,85.8,81.1176853098389,2018
"pcr","7141",2019,81.4,76.2609480961068,2018
"pcr","7143",2019,72.3,68.0631457733884,2018
"pcr","7231",2019,77.3,70.4905967732328,2018
"pcr","7232",2019,74.8,69.7998425254117,2018
"pcr","7233",2019,65.7,67.7323521480076,2018
"pcr","7235",2019,71.6,78.0900398911856,2018
"pcr","7331",2019,68,76.9965026105251,2018
"pcr","7332",2019,69.7,72.2838202199923,2018
"pcr","7333",2019,72.8,73.373574064093,2018
"pcr","7334",2019,74.4,71.8400580618108,2018
"pcr","7336",2019,69.8,64.4195965049183,2018
"pcr","7337",2019,82.6,80.5028682675726,2018
"pcr","7338",2019,76.5,74.5117764046627,2018
"pcr","7339",2019,70.7,76.3930196446505,2018
"pcr","7340",2019,57.2,71.7220226847811,2018
"pcr","8115",2019,83.3,89.9484568081939,2018
"pcr","8116",2019,79.4,75.1728792010698,2018
"pcr","8117",2019,79,79.6786320718651,2018
"pcr","8118",2019,76,79.1075937225304,2018
"pcr","8119",2019,75.5,74.685834961272,2018
"pcr","8125",2019,79.1,83.2848339357193,2018
"pcr","8126",2019,74.9,78.6025672179601,2018
"pcr","8127",2019,82.5,84.8146038337791,2018
"pcr","8128",2019,68.5,70.3279840423683,2018
"pcr","8135",2019,63.3,70.167206739362,2018
"pcr","8136",2019,77.7,85.3366256149942,2018
"pcr","8215",2019,71.7,73.7163560604962,2018
"pcr","8216",2019,72.4,69.6830800459854,2018
"pcr","8225",2019,70.1,72.9953034781328,2018
"pcr","8226",2019,77.8,76.4468296243334,2018
"pcr","8236",2019,76.7,81.3886442555152,2018
"pcr","8237",2019,85.5,87.451973440371,2018
"pcr","8315",2019,87.6,89.5371922845249,2018
"pcr","8316",2019,80.7,82.8718194981086,2018
"pcr","8317",2019,80.4,83.6554996404952,2018
"pcr","8325",2019,73.7,79.8854941891608,2018
"pcr","8326",2019,73.1,82.3937006266931,2018
"pcr","8327",2019,81.7,72.739325509435,2018
"pcr","8335",2019,62.4,65.9872422077601,2018
"pcr","8337",2019,82.2,77.6797632820161,2018
"pcr","8415",2019,63.8,66.1953982950833,2018
"pcr","8416",2019,73.6,78.7017320878608,2018
"pcr","8417",2019,59.4,69.2038489080838,2018
"pcr","8425",2019,76.4,83.5453623113422,2018
"pcr","8426",2019,83.2,87.5581451796794,2018
"pcr","8435",2019,85,82.898797473555,2018
"pcr","8436",2019,77.2,86.3026797861517,2018
"pcr","8437",2019,82.9,85.9648720289844,2018
"pcr","9171",2019,85.1,77.7352479829545,2018
"pcr","9172",2019,74,67.0981004470837,2018
"pcr","9174",2019,86.1,84.677619983937,2018
"pcr","9175",2019,89.6,81.5322524002425,2018
"pcr","9176",2019,76.5,82.3677511172018,2018
"pcr","9177",2019,86.2,84.2528546310148,2018
"pcr","9178",2019,78.5,79.2752932085256,2018
"pcr","9179",2019,89.1,84.0615194115517,2018
"pcr","9181",2019,86,87.9431391152414,2018
"pcr","9183",2019,83.3,79.3149657041361,2018
"pcr","9184",2019,69.5,68.2720542847649,2018
"pcr","9185",2019,79.9,82.4799986256794,2018
"pcr","9186",2019,69.7,79.1930013605248,2018
"pcr","9187",2019,56,66.4568703755207,2018
"pcr","9188",2019,47.3,73.2236960943918,2018
"pcr","9189",2019,81.1,79.4471885934364,2018
"pcr","9190",2019,54.8,69.8157513040026,2018
"pcr","9271",2019,88.1,87.9999307212619,2018
"pcr","9273",2019,81.8,85.758614718843,2018
"pcr","9274",2019,83.2,81.977259971811,2018
"pcr","9275",2019,87.2,78.3455695475992,2018
"pcr","9277",2019,81.7,77.6517000863803,2018
"pcr","9278",2019,87.8,86.8220275053346,2018
"pcr","9279",2019,85.2,84.1455486839155,2018
"pcr","9371",2019,64.1,73.3589547599453,2018
"pcr","9372",2019,67.1,71.841764125779,2018
"pcr","9373",2019,71.7,75.6441458929624,2018
"pcr","9374",2019,71,73.0905703517393,2018
"pcr","9375",2019,79.9,83.2263640982352,2018
"pcr","9376",2019,65.8,73.6307031835024,2018
"pcr","9377",2019,72.9,79.4220663097666,2018
"pcr","9471",2019,61.1,65.6069721098329,2018
"pcr","9472",2019,64,71.6237965873834,2018
"pcr","9473",2019,61.7,72.7841954039332,2018
"pcr","9474",2019,59.4,73.9960976355906,2018
"pcr","9475",2019,41.1,67.4855152488515,2018
"pcr","9476",2019,47.2,69.5901186357081,2018
"pcr","9477",2019,57.4,69.3913157215111,2018
"pcr","9478",2019,60.1,69.8145685691341,2018
"pcr","9479",2019,43.1,75.420629288986,2018
"pcr","9563",2019,66.2,76.7816409546776,2018
"pcr","9571",2019,71.4,75.1186221044734,2018
"pcr","9572",2019,65.3,68.3749438632189,2018
"pcr","9573",2019,65.8,71.8769949117021,2018
"pcr","9574",2019,55.9,63.2286642483955,2018
"pcr","9575",2019,70.7,75.8886908654734,2018
"pcr","9576",2019,61.9,65.050465602022,2018
"pcr","9577",2019,74.3,80.4610888183209,2018
"pcr","9671",2019,65.9,74.7182589275553,2018
"pcr","9672",2019,65.9,69.8661146853268,2018
"pcr","9673",2019,65.2,69.1926222180512,2018
"pcr","9674",2019,61.9,63.210630146864,2018
"pcr","9675",2019,66.3,72.30128072165,2018
"pcr","9676",2019,87.7,90.1218097699301,2018
"pcr","9677",2019,63.6,74.5008101722819,2018
"pcr","9678",2019,68.2,71.4412435709703,2018
"pcr","9679",2019,73.5,79.0674271705974,2018
"pcr","9771",2019,89.4,91.7760279624683,2018
"pcr","9772",2019,83,85.5489605674523,2018
"pcr","9773",2019,82.4,85.9973624284817,2018
"pcr","9774",2019,84.1,84.3511520860171,2018
"pcr","9775",2019,81.4,89.4033632038709,2018
"pcr","9777",2019,91,86.2656918202899,2018
"pcr","9778",2019,89.5,87.5223010082022,2018
"pcr","9779",2019,82.8,85.5430558822617,2018
"hierarchical","1003",2019,85.7,93.1814117843807,2018
"hierarchical","10042",2019,68.3,72.1878936551382,2018
"hierarchical","10044",2019,64.8,72.673915030157,2018
"hierarchical","1051",2019,88.9,96.4062909961322,2018
"hierarchical","1053",2019,84.9,91.2294990792446,2018
"hierarchical","1054",2019,90.2,95.5116026756085,2018
"hierarchical","1055",2019,95.9,99.9533703448713,2018
"hierarchical","1056",2019,79.7,93.6048982533593,2018
"hierarchical","1057",2019,89.9,96.0283226096489,2018
"hierarchical","1058",2019,90.8,97.9885349648469,2018
"hierarchical","1059",2019,87.4,98.8361865524977,2018
"hierarchical","1060",2019,82.8,90.8351690653508,2018
"hierarchical","1061",2019,78.6,95.4504419842205,2018
"hierarchical","1062",2019,87,91.807030625141,2018
"hierarchical","12060",2019,50.5,52.5247689645098,2018
"hierarchical","12061",2019,46,54.7071982992677,2018
"hierarchical","12062",2019,53.2,61.0557616056892,2018
"hierarchical","12063",2019,48.6,65.0414723494621,2018
"hierarchical","12064",2019,62.1,65.3813814555737,2018
"hierarchical","12065",2019,47.2,56.8895411583101,2018
"hierarchical","12066",2019,43,44.7148813339587,2018
"hierarchical","12067",2019,51.9,64.1073088058877,2018
"hierarchical","12068",2019,47.5,63.8974845949505,2018
"hierarchical","12069",2019,44.4,66.1318414983952,2018
"hierarchical","12070",2019,49.7,65.1108668770977,2018
"hierarchical","12071",2019,39,41.0164696502837,2018
"hierarchical","12072",2019,55.2,67.0781213759234,2018
"hierarchical","12073",2019,62.3,71.6673627397963,2018
"hierarchical","13071",2019,71.9,72.3852667447628,2018
"hierarchical","13072",2019,78.8,77.1430706248509,2018
"hierarchical","13073",2019,88.9,84.1809433561642,2018
"hierarchical","13074",2019,86.2,87.0260909259304,2018
"hierarchical","13075",2019,74.5,75.6389496279472,2018
"hierarchical","13076",2019,59.9,69.6212924588795,2018
"hierarchical","14511",2019,68.9,86.1354826890675,2018
"hierarchical","14521",2019,67.1,79.6012537801684,2018
"hierarchical","14522",2019,80.2,85.6662517500182,2018
"hierarchical","14523",2019,55.1,72.9190748955435,2018
"hierarchical","14524",2019,77.1,81.1316560861017,2018
"hierarchical","14612",2019,77,77.2733869114499,2018
"hierarchical","14625",2019,70.7,72.3957567867124,2018
"hierarchical","14626",2019,75.3,76.191309085141,2018
"hierarchical","14627",2019,71.4,79.4744832056438,2018
"hierarchical","14628",2019,72.9,77.0797909202011,2018
"hierarchical","14713",2019,66.4,79.7280397063869,2018
"hierarchical","14729",2019,68.8,77.1395544715535,2018
"hierarchical","14730",2019,61.4,74.2617126152814,2018
"hierarchical","15003",2019,67.5,86.0877598169738,2018
"hierarchical","15081",2019,57.5,66.7984522440194,2018
"hierarchical","15082",2019,47.7,70.6590607497457,2018
"hierarchical","15083",2019,73.1,85.4672457098383,2018
"hierarchical","15084",2019,63.5,87.0672657133795,2018
"hierarchical","15085",2019,73.4,81.4564980384164,2018
"hierarchical","15086",2019,53.8,67.0184155716237,2018
"hierarchical","15087",2019,62.3,78.1160512178999,2018
"hierarchical","15088",2019,51.5,82.3848484390576,2018
"hierarchical","15089",2019,56.1,75.4197687011228,2018
"hierarchical","15090",2019,52.6,67.4416119515481,2018
"hierarchical","15091",2019,53.5,67.0310686776093,2018
"hierarchical","16051",2019,59.2,77.335668714019,2018
"hierarchical","16052",2019,88.7,92.1818829269512,2018
"hierarchical","16056",2019,70.6,76.8802392775168,2018
"hierarchical","16061",2019,82.2,83.2469216677727,2018
"hierarchical","16062",2019,78,80.074723633192,2018
"hierarchical","16063",2019,72.8,74.77272864709,2018
"hierarchical","16064",2019,75.9,82.216237278406,2018
"hierarchical","16065",2019,62.4,77.8598552115309,2018
"hierarchical","16066",2019,64.8,72.9536387377737,2018
"hierarchical","16067",2019,71.2,79.7879781557588,2018
"hierarchical","16068",2019,50.8,70.7009904080572,2018
"hierarchical","16069",2019,54.2,62.6063932614184,2018
"hierarchical","16070",2019,56,71.444392667967,2018
"hierarchical","16071",2019,65.6,81.594342556891,2018
"hierarchical","16072",2019,58.5,71.746519786565,2018
"hierarchical","16073",2019,55.3,71.0852489796842,2018
"hierarchical","16074",2019,68,79.7990237989823,2018
"hierarchical","16075",2019,66.5,83.8821541173807,2018
"hierarchical","16076",2019,74.3,85.1223233945808,2018
"hierarchical","16077",2019,83.4,90.1565730621514,2018
"hierarchical","3101",2019,83.8,83.2644712605251,2018
"hierarchical","3102",2019,84.8,91.5840433165344,2018
"hierarchical","3103",2019,76.3,77.6731352885481,2018
"hierarchical","3151",2019,75.5,83.1539325004221,2018
"hierarchical","3153",2019,90.5,86.1184795291058,2018
"hierarchical","3154",2019,82.4,83.4904647199834,2018
"hierarchical","3155",2019,88.6,86.9674339986539,2018
"hierarchical","3157",2019,81,89.3055485580776,2018
"hierarchical","3158",2019,90.1,85.8611117630489,2018
"hierarchical","3159",2019,85.6,84.2934484852618,2018
"hierarchical","3241",2019,84,89.3065891526893,2018
"hierarchical","3251",2019,76.7,84.5432366284682,2018
"hierarchical","3252",2019,87.4,87.8148789340721,2018
"hierarchical","3254",2019,85,89.6658603697902,2018
"hierarchical","3255",2019,86.9,85.1680923279033,2018
"hierarchical","3256",2019,82.5,84.0343292122588,2018
"hierarchical","3257",2019,87.3,91.1863814063214,2018
"hierarchical","3351",2019,68.3,81.9860231854232,2018
"hierarchical","3352",2019,89,86.7804532718848,2018
"hierarchical","3353",2019,74.9,79.6987076343022,2018
"hierarchical","3354",2019,69.4,78.1252897510086,2018
"hierarchical","3355",2019,71.3,77.690320596341,2018
"hierarchical","3356",2019,81.9,79.849650740906,2018
"hierarchical","3357",2019,71.9,76.4575589579516,2018
"hierarchical","3358",2019,68.4,79.4196802512715,2018
"hierarchical","3359",2019,84.9,87.1561871993007,2018
"hierarchical","3360",2019,72,84.18854181694,2018
"hierarchical","3361",2019,82.6,80.6661443619099,2018
"hierarchical","3452",2019,96.2,91.6663366842183,2018
"hierarchical","3453",2019,70.9,79.7363979534961,2018
"hierarchical","3454",2019,65.4,77.3277720817666,2018
"hierarchical","3455",2019,92.4,89.7243896995835,2018
"hierarchical","3456",2019,72.8,78.6510519766607,2018
"hierarchical","3457",2019,103.8,98.2523462558708,2018
"hierarchical","3458",2019,75.6,80.6500183874333,2018
"hierarchical","3459",2019,83.4,87.1413452061665,2018
"hierarchical","3460",2019,69.3,80.9340215376602,2018
"hierarchical","3461",2019,89.3,87.5340802804224,2018
"hierarchical","3462",2019,82.7,84.3564693652196,2018
"hierarchical","5154",2019,89.5,90.4522762342232,2018
"hierarchical","5158",2019,83.3,90.0496224736107,2018
"hierarchical","5162",2019,89.3,89.0850824838425,2018
"hierarchical","5166",2019,85.3,88.5853729414931,2018
"hierarchical","5170",2019,77.7,84.715974451599,2018
"hierarchical","5334",2019,100.6,96.7091442695063,2018
"hierarchical","5358",2019,86.9,88.306629724089,2018
"hierarchical","5362",2019,88.9,90.9531130353083,2018
"hierarchical","5366",2019,78.6,80.8089032958216,2018
"hierarchical","5370",2019,90,89.0554109718607,2018
"hierarchical","5382",2019,86.3,83.6743942782382,2018
"hierarchical","5515",2019,85.1,88.8561595227708,2018
"hierarchical","5554",2019,80.7,86.9848822581788,2018
"hierarchical","5558",2019,75.8,87.7785348616695,2018
"hierarchical","5562",2019,78.8,86.5368220521187,2018
"hierarchical","5566",2019,71.1,75.5830465647227,2018
"hierarchical","5570",2019,72.5,83.6011379793405,2018
"hierarchical","5711",2019,77.4,83.9177487808703,2018
"hierarchical","5754",2019,64.7,80.9046030518323,2018
"hierarchical","5758",2019,86.3,91.342924908505,2018
"hierarchical","5762",2019,82.7,85.3401435354226,2018
"hierarchical","5766",2019,83.1,85.3666925359587,2018
"hierarchical","5770",2019,81.6,87.4384513493548,2018
"hierarchical","5774",2019,73,79.7121214609817,2018
"hierarchical","5915",2019,88.8,91.7631015300923,2018
"hierarchical","5958",2019,80.5,81.5274873122124,2018
"hierarchical","5962",2019,68.1,77.7070112280035,2018
"hierarchical","5974",2019,84.7,91.6008257518338,2018
"hierarchical","5978",2019,78,89.8501202113919,2018
"hierarchical","6412",2019,81.7,87.7541208228955,2018
"hierarchical","6432",2019,71.7,76.3412439323241,2018
"hierarchical","6433",2019,74.2,74.3443029251382,2018
"hierarchical","6434",2019,78.7,84.2509985866417,2018
"hierarchical","6435",2019,78.6,80.9157946909368,2018
"hierarchical","6437",2019,76.9,78.7850837217695,2018
"hierarchical","6439",2019,77.4,78.0822559404279,2018
"hierarchical","6440",2019,82.6,87.5933417679938,2018
"hierarchical","6531",2019,76,77.1165820667214,2018
"hierarchical","6533",2019,76.3,78.6829213153961,2018
"hierarchical","6534",2019,76.8,77.648787154922,2018
"hierarchical","6535",2019,75.9,76.8855689859364,2018
"hierarchical","6631",2019,79.4,77.4777155549724,2018
"hierarchical","6632",2019,72.9,71.1221801975606,2018
"hierarchical","6633",2019,78.2,80.7502198493406,2018
"hierarchical","6634",2019,80.8,79.9372063849945,2018
"hierarchical","6635",2019,78.7,80.3983201040909,2018
"hierarchical","6636",2019,75.8,76.7418261305252,2018
"hierarchical","7132",2019,47.2,79.0088515455227,2018
"hierarchical","7133",2019,70.4,74.2833960187208,2018
"hierarchical","7135",2019,81.4,79.1577470443678,2018
"hierarchical","7137",2019,75.4,76.9909397679049,2018
"hierarchical","7140",2019,85.8,82.330850992754,2018
"hierarchical","7141",2019,81.4,79.3345386772179,2018
"hierarchical","7143",2019,72.3,71.9522154371953,2018
"hierarchical","7231",2019,77.3,73.4164258529581,2018
"hierarchical","7232",2019,74.8,71.1572984805349,2018
"hierarchical","7233",2019,65.7,68.5245285375016,2018
"hierarchical","7235",2019,71.6,79.2402939429641,2018
"hierarchical","7331",2019,68,76.0947584214552,2018
"hierarchical","7332",2019,69.7,72.6857248953035,2018
"hierarchical","7333",2019,72.8,74.7355127559218,2018
"hierarchical","7334",2019,74.4,70.9857702795548,2018
"hierarchical","7336",2019,69.8,67.5887578390899,2018
"hierarchical","7337",2019,82.6,80.6022836758109,2018
"hierarchical","7338",2019,76.5,74.1151613101682,2018
"hierarchical","7339",2019,70.7,76.0163172280387,2018
"hierarchical","7340",2019,57.2,72.9436161129047,2018
"hierarchical","8115",2019,83.3,87.9524663306202,2018
"hierarchical","8116",2019,79.4,75.0713003805635,2018
"hierarchical","8117",2019,79,77.354328391796,2018
"hierarchical","8118",2019,76,76.9653029002845,2018
"hierarchical","8119",2019,75.5,73.6434080406884,2018
"hierarchical","8125",2019,79.1,81.3569817483764,2018
"hierarchical","8126",2019,74.9,77.0117465950413,2018
"hierarchical","8127",2019,82.5,81.8521354349737,2018
"hierarchical","8128",2019,68.5,70.5184631917081,2018
"hierarchical","8135",2019,63.3,72.6568316420841,2018
"hierarchical","8136",2019,77.7,81.915067308783,2018
"hierarchical","8215",2019,71.7,72.458916706576,2018
"hierarchical","8216",2019,72.4,72.0455911032324,2018
"hierarchical","8225",2019,70.1,71.4977066440155,2018
"hierarchical","8226",2019,77.8,77.4023260197469,2018
"hierarchical","8236",2019,76.7,77.5930540130953,2018
"hierarchical","8237",2019,85.5,85.6877111424195,2018
"hierarchical","8315",2019,87.6,87.6922686881424,2018
"hierarchical","8316",2019,80.7,81.2824566139514,2018
"hierarchical","8317",2019,80.4,82.0822321810195,2018
"hierarchical","8325",2019,73.7,79.7175010553929,2018
"hierarchical","8326",2019,73.1,82.5038931531648,2018
"hierarchical","8327",2019,81.7,75.3526349295735,2018
"hierarchical","8335",2019,62.4,69.6852271588448,2018
"hierarchical","8337",2019,82.2,80.5082025818245,2018
"hierarchical","8415",2019,63.8,67.778109069487,2018
"hierarchical","8416",2019,73.6,77.8869726773226,2018
"hierarchical","8417",2019,59.4,70.4085407424532,2018
"hierarchical","8425",2019,76.4,83.3005623460689,2018
"hierarchical","8426",2019,83.2,87.3922978445968,2018
"hierarchical","8435",2019,85,83.9881025376024,2018
"hierarchical","8436",2019,77.2,84.9909667917871,2018
"hierarchical","8437",2019,82.9,86.976896005181,2018
"hierarchical","9171",2019,85.1,77.8191535649803,2018
"hierarchical","9172",2019,74,67.8906998905473,2018
"hierarchical","9174",2019,86.1,83.5554074580131,2018
"hierarchical","9175",2019,89.6,79.3989973723304,2018
"hierarchical","9176",2019,76.5,80.777891187669,2018
"hierarchical","9177",2019,86.2,83.2142763549577,2018
"hierarchical","9178",2019,78.5,79.5590650786927,2018
"hierarchical","9179",2019,89.1,84.255862631386,2018
"hierarchical","9181",2019,86,86.1395472929195,2018
"hierarchical","9183",2019,83.3,78.8357349367612,2018
"hierarchical","9184",2019,69.5,68.5527100573486,2018
"hierarchical","9185",2019,79.9,80.5927140477044,2018
"hierarchical","9186",2019,69.7,79.0579321883257,2018
"hierarchical","9187",2019,56,65.9833506782106,2018
"hierarchical","9188",2019,47.3,74.8728327296823,2018
"hierarchical","9189",2019,81.1,77.9920150168659,2018
"hierarchical","9190",2019,54.8,73.2166096010354,2018
"hierarchical","9271",2019,88.1,83.8196619584042,2018
"hierarchical","9273",2019,81.8,84.2652806650073,2018
"hierarchical","9274",2019,83.2,81.0206063241118,2018
"hierarchical","9275",2019,87.2,76.4921314484694,2018
"hierarchical","9277",2019,81.7,76.970430846518,2018
"hierarchical","9278",2019,87.8,82.6916392229384,2018
"hierarchical","9279",2019,85.2,80.6709517760045,2018
"hierarchical","9371",2019,64.1,72.7696871926889,2018
"hierarchical","9372",2019,67.1,71.5348763291378,2018
"hierarchical","9373",2019,71.7,75.1366529966263,2018
"hierarchical","9374",2019,71,73.4186350229367,2018
"hierarchical","9375",2019,79.9,80.1377155341206,2018
"hierarchical","9376",2019,65.8,72.7238809219795,2018
"hierarchical","9377",2019,72.9,79.4993019000577,2018
"hierarchical","9471",2019,61.1,67.6166002132182,2018
"hierarchical","9472",2019,64,72.9141709435377,2018
"hierarchical","9473",2019,61.7,76.2234591317082,2018
"hierarchical","9474",2019,59.4,74.1972697482612,2018
"hierarchical","9475",2019,41.1,72.5014338354238,2018
"hierarchical","9476",2019,47.2,71.2102272439355,2018
"hierarchical","9477",2019,57.4,72.9870589858567,2018
"hierarchical","9478",2019,60.1,70.5933236251919,2018
"hierarchical","9479",2019,43.1,78.108923585231,2018
"hierarchical","9563",2019,66.2,71.3376790967026,2018
"hierarchical","9571",2019,71.4,74.9709655759034,2018
"hierarchical","9572",2019,65.3,67.6048901396102,2018
"hierarchical","9573",2019,65.8,69.9938150196602,2018
"hierarchical","9574",2019,55.9,63.026443110591,2018
"hierarchical","9575",2019,70.7,76.0123608888653,2018
"hierarchical","9576",2019,61.9,66.7310153367583,2018
"hierarchical","9577",2019,74.3,79.2738224421877,2018
"hierarchical","9671",2019,65.9,75.8440192192872,2018
"hierarchical","9672",2019,65.9,72.5118126424908,2018
"hierarchical","9673",2019,65.2,72.5588144924849,2018
"hierarchical","9674",2019,61.9,66.5363134042297,2018
"hierarchical","9675",2019,66.3,74.5677415758002,2018
"hierarchical","9676",2019,87.7,87.9528436340841,2018
"hierarchical","9677",2019,63.6,76.3212832163652,2018
"hierarchical","9678",2019,68.2,72.8409943913014,2018
"hierarchical","9679",2019,73.5,79.6812353522902,2018
"hierarchical","9771",2019,89.4,87.7176406405352,2018
"hierarchical","9772",2019,83,82.8709406071022,2018
"hierarchical","9773",2019,82.4,83.9280172383853,2018
"hierarchical","9774",2019,84.1,83.1491639083143,2018
"hierarchical","9775",2019,81.4,87.9012509096541,2018
"hierarchical","9777",2019,91,84.8827652591047,2018
"hierarchical","9778",2019,89.5,86.2952910060127,2018
"hierarchical","9779",2019,82.8,83.0278515658744,2018
"stress_lag","1003",2019,85.7,78.3037842108882,2018
"stress_lag","10042",2019,68.3,71.8573406446139,2018
"stress_lag","10044",2019,64.8,78.8507217177889,2018
"stress_lag","1051",2019,88.9,81.0679100839271,2018
"stress_lag","1053",2019,84.9,73.5519611498896,2018
"stress_lag","1054",2019,90.2,78.6028155632911,2018
"stress_lag","1055",2019,95.9,82.9898489024476,2018
"stress_lag","1056",2019,79.7,77.4265399977008,2018
"stress_lag","1057",2019,89.9,76.9942449423795,2018
"stress_lag","1058",2019,90.8,82.3500062809986,2018
"stress_lag","1059",2019,87.4,82.8881659727655,2018
"stress_lag","1060",2019,82.8,67.1276463427323,2018
"stress_lag","1061",2019,78.6,75.711771923358,2018
"stress_lag","1062",2019,87,73.5741372607876,2018
"stress_lag","12060",2019,50.5,53.1698841920662,2018
"stress_lag","12061",2019,46,54.1434303753317,2018
"stress_lag","12062",2019,53.2,59.8485754783965,2018
"stress_lag","12063",2019,48.6,63.5559872569635,2018
"stress_lag","12064",2019,62.1,62.3093744456709,2018
"stress_lag","12065",2019,47.2,56.2099020784048,2018
"stress_lag","12066",2019,43,50.8278360967093,2018
"stress_lag","12067",2019,51.9,59.0894782902635,2018
"stress_lag","12068",2019,47.5,61.2850422056041,2018
"stress_lag","12069",2019,44.4,56.5188971640879,2018
"stress_lag","12070",2019,49.7,61.3668349883664,2018
"stress_lag","12071",2019,39,47.2974587605163,2018
"stress_lag","12072",2019,55.2,58.0645624389047,2018
"stress_lag","12073",2019,62.3,63.0646924350334,2018
"stress_lag","13071",2019,71.9,66.439262491358,2018
"stress_lag","13072",2019,78.8,66.1019835279939,2018
"stress_lag","13073",2019,88.9,73.5722018111445,2018
"stress_lag","13074",2019,86.2,67.8906667114176,2018
"stress_lag","13075",2019,74.5,66.7228047007156,2018
"stress_lag","13076",2019,59.9,59.1016536032315,2018
"stress_lag","14511",2019,68.9,74.3719859684994,2018
"stress_lag","14521",2019,67.1,70.5547163940693,2018
"stress_lag","14522",2019,80.2,76.213525822146,2018
"stress_lag","14523",2019,55.1,65.577712846771,2018
"stress_lag","14524",2019,77.1,71.7353644566561,2018
"stress_lag","14612",2019,77,73.0595137741069,2018
"stress_lag","14625",2019,70.7,63.9541810009974,2018
"stress_lag","14626",2019,75.3,66.4790842013,2018
"stress_lag","14627",2019,71.4,70.5370944382772,2018
"stress_lag","14628",2019,72.9,69.2897985545806,2018
"stress_lag","14713",2019,66.4,72.08411188358,2018
"stress_lag","14729",2019,68.8,67.5524218632659,2018
"stress_lag","14730",2019,61.4,66.2936962665546,2018
"stress_lag","15003",2019,67.5,71.9251688632564,2018
"stress_lag","15081",2019,57.5,57.0272395452651,2018
"stress_lag","15082",2019,47.7,58.4247013587423,2018
"stress_lag","15083",2019,73.1,73.0351370169673,2018
"stress_lag","15084",2019,63.5,75.7002703338918,2018
"stress_lag","15085",2019,73.4,72.3951151735932,2018
"stress_lag","15086",2019,53.8,63.0382572793197,2018
"stress_lag","15087",2019,62.3,66.6954052476388,2018
"stress_lag","15088",2019,51.5,67.7431073890255,2018
"stress_lag","15089",2019,56.1,63.1379139283572,2018
"stress_lag","15090",2019,52.6,60.3034805509831,2018
"stress_lag","15091",2019,53.5,57.824207170792,2018
"stress_lag","16051",2019,59.2,68.321485255,2018
"stress_lag","16052",2019,88.7,81.3177762970266,2018
"stress_lag","16056",2019,70.6,66.4614615130455,2018
"stress_lag","16061",2019,82.2,70.2518833767839,2018
"stress_lag","16062",2019,78,68.4461034306626,2018
"stress_lag","16063",2019,72.8,67.0611663682708,2018
"stress_lag","16064",2019,75.9,73.0803066745629,2018
"stress_lag","16065",2019,62.4,68.5235672814512,2018
"stress_lag","16066",2019,64.8,68.2954330224188,2018
"stress_lag","16067",2019,71.2,73.1485547967897,2018
"stress_lag","16068",2019,50.8,63.2772626611908,2018
"stress_lag","16069",2019,54.2,55.366021871499,2018
"stress_lag","16070",2019,56,63.7878236968158,2018
"stress_lag","16071",2019,65.6,67.6009752651106,2018
"stress_lag","16072",2019,58.5,59.8164246959651,2018
"stress_lag","16073",2019,55.3,61.7398126747033,2018
"stress_lag","16074",2019,68,68.8386088191117,2018
"stress_lag","16075",2019,66.5,73.3141131955852,2018
"stress_lag","16076",2019,74.3,73.3490629000515,2018
"stress_lag","16077",2019,83.4,76.9840669730892,2018
"stress_lag","3101",2019,83.8,67.9370464376994,2018
"stress_lag","3102",2019,84.8,80.3684209560362,2018
"stress_lag","3103",2019,76.3,68.1419873532378,2018
"stress_lag","3151",2019,75.5,70.5985520530856,2018
"stress_lag","3153",2019,90.5,76.6130101013033,2018
"stress_lag","3154",2019,82.4,73.7652443301015,2018
"stress_lag","3155",2019,88.6,78.8501057757126,2018
"stress_lag","3157",2019,81,77.5825927280284,2018
"stress_lag","3158",2019,90.1,75.7662457415181,2018
"stress_lag","3159",2019,85.6,74.7260637085009,2018
"stress_lag","3241",2019,84,77.4944501569792,2018
"stress_lag","3251",2019,76.7,71.177952836627,2018
"stress_lag","3252",2019,87.4,78.5056834214535,2018
"stress_lag","3254",2019,85,80.337876372996,2018
"stress_lag","3255",2019,86.9,76.3267954655935,2018
"stress_lag","3256",2019,82.5,72.4072086699033,2018
"stress_lag","3257",2019,87.3,79.8116686235023,2018
"stress_lag","3351",2019,68.3,69.9004859747599,2018
"stress_lag","3352",2019,89,73.0493275600572,2018
"stress_lag","3353",2019,74.9,64.2845022869023,2018
"stress_lag","3354",2019,69.4,63.861006546546,2018
"stress_lag","3355",2019,71.3,64.5705933864333,2018
"stress_lag","3356",2019,81.9,69.6223896057947,2018
"stress_lag","3357",2019,71.9,58.1990097947306,2018
"stress_lag","3358",2019,68.4,65.2237470108142,2018
"stress_lag","3359",2019,84.9,73.5158853447836,2018
"stress_lag","3360",2019,72,75.2342108812593,2018
"stress_lag","3361",2019,82.6,63.9543732611507,2018
"stress_lag","3452",2019,96.2,76.2023241358328,2018
"stress_lag","3453",2019,70.9,72.9330712709335,2018
"stress_lag","3454",2019,65.4,75.130469127283,2018
"stress_lag","3455",2019,92.4,72.4577905970412,2018
"stress_lag","3456",2019,72.8,76.4334481637589,2018
"stress_lag","3457",2019,103.8,91.8492857424494,2018
"stress_lag","3458",2019,75.6,68.8366762868237,2018
"stress_lag","3459",2019,83.4,81.1415163778171,2018
"stress_lag","3460",2019,69.3,66.9869107084315,2018
"stress_lag","3461",2019,89.3,74.0421982478886,2018
"stress_lag","3462",2019,82.7,67.6063088567564,2018
"stress_lag","5154",2019,89.5,82.5345973216305,2018
"stress_lag","5158",2019,83.3,86.7721782016207,2018
"stress_lag","5162",2019,89.3,85.440540041346,2018
"stress_lag","5166",2019,85.3,84.8075648161145,2018
"stress_lag","5170",2019,77.7,80.4721705897426,2018
"stress_lag","5334",2019,100.6,92.8911374793653,2018
"stress_lag","5358",2019,86.9,83.7271043759818,2018
"stress_lag","5362",2019,88.9,84.0895065198708,2018
"stress_lag","5366",2019,78.6,81.0629631210265,2018
"stress_lag","5370",2019,90,86.1346601466978,2018
"stress_lag","5382",2019,86.3,81.8668689306482,2018
"stress_lag","5515",2019,85.1,83.4857911540718,2018
"stress_lag","5554",2019,80.7,82.9571648026061,2018
"stress_lag","5558",2019,75.8,81.1848225932723,2018
"stress_lag","5562",2019,78.8,76.8277785103154,2018
"stress_lag","5566",2019,71.1,75.1658462653318,2018
"stress_lag","5570",2019,72.5,76.8655156204718,2018
"stress_lag","5711",2019,77.4,77.6154995529956,2018
"stress_lag","5754",2019,64.7,67.865129439008,2018
"stress_lag","5758",2019,86.3,82.1843116546835,2018
"stress_lag","5762",2019,82.7,77.6899263421337,2018
"stress_lag","5766",2019,83.1,76.731890741938,2018
"stress_lag","5770",2019,81.6,79.0836635686793,2018
"stress_lag","5774",2019,73,69.0196367008019,2018
"stress_lag","5915",2019,88.8,84.3683285516722,2018
"stress_lag","5958",2019,80.5,74.9356968530075,2018
"stress_lag","5962",2019,68.1,71.9214939849775,2018
"stress_lag","5974",2019,84.7,82.4838823516502,2018
"stress_lag","5978",2019,78,80.1118060963365,2018
"stress_lag","6412",2019,81.7,78.3981061614007,2018
"stress_lag","6432",2019,71.7,72.0948367562649,2018
"stress_lag","6433",2019,74.2,73.6674929724604,2018
"stress_lag","6434",2019,78.7,76.2800998375849,2018
"stress_lag","6435",2019,78.6,73.7338847791328,2018
"stress_lag","6437",2019,76.9,74.2293334397087,2018
"stress_lag","6439",2019,77.4,71.9325412048158,2018
"stress_lag","6440",2019,82.6,78.5796269051075,2018
"stress_lag","6531",2019,76,72.0905951105103,2018
"stress_lag","6533",2019,76.3,75.0259450539446,2018
"stress_lag","6534",2019,76.8,73.3486074516625,2018
"stress_lag","6535",2019,75.9,74.6433527597354,2018
"stress_lag","6631",2019,79.4,74.7419823669653,2018
"stress_lag","6632",2019,72.9,68.4258921885844,2018
"stress_lag","6633",2019,78.2,74.1225570264344,2018
"stress_lag","6634",2019,80.8,73.3729604293217,2018
"stress_lag","6635",2019,78.7,73.8285547719347,2018
"stress_lag","6636",2019,75.8,72.4422230125586,2018
"stress_lag","7132",2019,47.2,74.1315948943519,2018
"stress_lag","7133",2019,70.4,76.9763498054464,2018
"stress_lag","7135",2019,81.4,72.9943705847935,2018
"stress_lag","7137",2019,75.4,79.0913388059732,2018
"stress_lag","7140",2019,85.8,80.3261534842482,2018
"stress_lag","7141",2019,81.4,75.9723804526347,2018
"stress_lag","7143",2019,72.3,66.7933902548869,2018
"stress_lag","7231",2019,77.3,73.3530689639271,2018
"stress_lag","7232",2019,74.8,72.0533466822725,2018
"stress_lag","7233",2019,65.7,68.7192076452282,2018
"stress_lag","7235",2019,71.6,82.5498495511943,2018
"stress_lag","7331",2019,68,79.4162452211869,2018
"stress_lag","7332",2019,69.7,77.3353741630836,2018
"stress_lag","7333",2019,72.8,76.952903278485,2018
"stress_lag","7334",2019,74.4,71.5955239982156,2018
"stress_lag","7336",2019,69.8,71.2768713429395,2018
"stress_lag","7337",2019,82.6,80.3312917605311,2018
"stress_lag","7338",2019,76.5,75.8184114822909,2018
"stress_lag","7339",2019,70.7,76.7305210097525,2018
"stress_lag","7340",2019,57.2,75.6040107507848,2018
"stress_lag","8115",2019,83.3,84.0954607062745,2018
"stress_lag","8116",2019,79.4,75.2783168290789,2018
"stress_lag","8117",2019,79,79.1069586014671,2018
"stress_lag","8118",2019,76,73.5402929384563,2018
"stress_lag","8119",2019,75.5,71.3541137033931,2018
"stress_lag","8125",2019,79.1,75.2500259732997,2018
"stress_lag","8126",2019,74.9,70.7389038867891,2018
"stress_lag","8127",2019,82.5,73.9875353834344,2018
"stress_lag","8128",2019,68.5,70.4072907576847,2018
"stress_lag","8135",2019,63.3,77.6722713696445,2018
"stress_lag","8136",2019,77.7,78.1293770435456,2018
"stress_lag","8215",2019,71.7,70.8053725841663,2018
"stress_lag","8216",2019,72.4,71.6739726522122,2018
"stress_lag","8225",2019,70.1,68.0878916551655,2018
"stress_lag","8226",2019,77.8,76.8445978363674,2018
"stress_lag","8236",2019,76.7,80.2549022245877,2018
"stress_lag","8237",2019,85.5,81.9671304766178,2018
"stress_lag","8315",2019,87.6,82.3803023536228,2018
"stress_lag","8316",2019,80.7,84.1497039175719,2018
"stress_lag","8317",2019,80.4,79.3647719229781,2018
"stress_lag","8325",2019,73.7,80.6634837072773,2018
"stress_lag","8326",2019,73.1,78.7208782433711,2018
"stress_lag","8327",2019,81.7,74.6968372724275,2018
"stress_lag","8335",2019,62.4,74.254007584727,2018
"stress_lag","8337",2019,82.2,78.7167327558555,2018
"stress_lag","8415",2019,63.8,73.8893747979846,2018
"stress_lag","8416",2019,73.6,84.1257567311997,2018
"stress_lag","8417",2019,59.4,75.4274146999006,2018
"stress_lag","8425",2019,76.4,81.4618996310313,2018
"stress_lag","8426",2019,83.2,85.5029759497269,2018
"stress_lag","8435",2019,85,82.5958748790591,2018
"stress_lag","8436",2019,77.2,83.8990781285093,2018
"stress_lag","8437",2019,82.9,85.1443924030515,2018
"stress_lag","9171",2019,85.1,71.7998164679577,2018
"stress_lag","9172",2019,74,62.771987566448,2018
"stress_lag","9174",2019,86.1,81.058097875023,2018
"stress_lag","9175",2019,89.6,79.3457577506342,2018
"stress_lag","9176",2019,76.5,75.0477022431608,2018
"stress_lag","9177",2019,86.2,82.711757417463,2018
"stress_lag","9178",2019,78.5,74.4854866811211,2018
"stress_lag","9179",2019,89.1,82.4471914422341,2018
"stress_lag","9181",2019,86,83.2890327321807,2018
"stress_lag","9183",2019,83.3,76.2015970855894,2018
"stress_lag","9184",2019,69.5,64.2763923250245,2018
"stress_lag","9185",2019,79.9,82.7607120228331,2018
"stress_lag","9186",2019,69.7,72.8169517798076,2018
"stress_lag","9187",2019,56,66.2391995907821,2018
"stress_lag","9188",2019,47.3,71.2191268496705,2018
"stress_lag","9189",2019,81.1,72.0460334222723,2018
"stress_lag","9190",2019,54.8,66.9280383713252,2018
"stress_lag","9271",2019,88.1,78.7173874802066,2018
"stress_lag","9273",2019,81.8,77.8725586677166,2018
"stress_lag","9274",2019,83.2,75.7176569519716,2018
"stress_lag","9275",2019,87.2,75.6398374821874,2018
"stress_lag","9277",2019,81.7,73.2052687197159,2018
"stress_lag","9278",2019,87.8,74.8864832992896,2018
"stress_lag","9279",2019,85.2,75.0477011658305,2018
"stress_lag","9371",2019,64.1,68.7593300199382,2018
"stress_lag","9372",2019,67.1,61.8906093502492,2018
"stress_lag","9373",2019,71.7,70.5297568855402,2018
"stress_lag","9374",2019,71,61.6253339216588,2018
"stress_lag","9375",2019,79.9,74.754404141709,2018
"stress_lag","9376",2019,65.8,62.4299434845688,2018
"stress_lag","9377",2019,72.9,71.8635093839834,2018
"stress_lag","9471",2019,61.1,59.3243664129973,2018
"stress_lag","9472",2019,64,66.0014741046788,2018
"stress_lag","9473",2019,61.7,67.9603697285457,2018
"stress_lag","9474",2019,59.4,71.8830561212608,2018
"stress_lag","9475",2019,41.1,56.4059351190379,2018
"stress_lag","9476",2019,47.2,56.0621044825208,2018
"stress_lag","9477",2019,57.4,58.7538014951309,2018
"stress_lag","9478",2019,60.1,59.3874199518963,2018
"stress_lag","9479",2019,43.1,70.7971873375402,2018
"stress_lag","9563",2019,66.2,66.6019412099417,2018
"stress_lag","9571",2019,71.4,72.7714465241254,2018
"stress_lag","9572",2019,65.3,60.8049196604868,2018
"stress_lag","9573",2019,65.8,63.8407816340234,2018
"stress_lag","9574",2019,55.9,54.9328559892749,2018
"stress_lag","9575",2019,70.7,72.2173040878152,2018
"stress_lag","9576",2019,61.9,65.473259182636,2018
"stress_lag","9577",2019,74.3,78.7711267263008,2018
"stress_lag","9671",2019,65.9,73.4096588516922,2018
"stress_lag","9672",2019,65.9,67.8107030716359,2018
"stress_lag","9673",2019,65.2,65.6372311615228,2018
"stress_lag","9674",2019,61.9,59.926074410393,2018
"stress_lag","9675",2019,66.3,65.5078003869754,2018
"stress_lag","9676",2019,87.7,83.2852338233193,2018
"stress_lag","9677",2019,63.6,72.4079649781724,2018
"stress_lag","9678",2019,68.2,68.7274721054226,2018
"stress_lag","9679",2019,73.5,73.7630998954602,2018
"stress_lag","9771",2019,89.4,83.5708636770349,2018
"stress_lag","9772",2019,83,80.004391906102,2018
"stress_lag","9773",2019,82.4,82.7010903284091,2018
"stress_lag","9774",2019,84.1,83.9568557438492,2018
"stress_lag","9775",2019,81.4,83.8246685268432,2018
"stress_lag","9777",2019,91,88.716852214802,2018
"stress_lag","9778",2019,89.5,90.8518578808849,2018
"stress_lag","9779",2019,82.8,81.1648648274403,2018
"anomaly_linear","1003",2019,85.7,92.6218919958881,2018
"anomaly_linear","10042",2019,68.3,69.0942145487413,2018
"anomaly_linear","10044",2019,64.8,68.7528761524006,2018
"anomaly_linear","1051",2019,88.9,97.4377663970901,2018
"anomaly_linear","1053",2019,84.9,90.7653453958925,2018
"anomaly_linear","1054",2019,90.2,96.776629868608,2018
"anomaly_linear","1055",2019,95.9,99.4847681803538,2018
"anomaly_linear","1056",2019,79.7,92.7775581949197,2018
"anomaly_linear","1057",2019,89.9,95.9129575470226,2018
"anomaly_linear","1058",2019,90.8,98.3289218193699,2018
"anomaly_linear","1059",2019,87.4,100.256739315148,2018
"anomaly_linear","1060",2019,82.8,90.1155888614848,2018
"anomaly_linear","1061",2019,78.6,95.9588624711002,2018
"anomaly_linear","1062",2019,87,90.7924888050293,2018
"anomaly_linear","12060",2019,50.5,55.5137188383474,2018
"anomaly_linear","12061",2019,46,56.7031478214621,2018
"anomaly_linear","12062",2019,53.2,60.8291255483141,2018
"anomaly_linear","12063",2019,48.6,68.7779124857792,2018
"anomaly_linear","12064",2019,62.1,67.0542559067052,2018
"anomaly_linear","12065",2019,47.2,61.7265789443589,2018
"anomaly_linear","12066",2019,43,47.2989920594784,2018
"anomaly_linear","12067",2019,51.9,64.1775755825677,2018
"anomaly_linear","12068",2019,47.5,67.3599745019284,2018
"anomaly_linear","12069",2019,44.4,69.8379068329487,2018
"anomaly_linear","12070",2019,49.7,68.0903332011834,2018
"anomaly_linear","12071",2019,39,45.665537396932,2018
"anomaly_linear","12072",2019,55.2,69.581973371523,2018
"anomaly_linear","12073",2019,62.3,76.6887494380102,2018
"anomaly_linear","13071",2019,71.9,76.7879786227672,2018
"anomaly_linear","13072",2019,78.8,78.1194520103918,2018
"anomaly_linear","13073",2019,88.9,85.4414520904747,2018
"anomaly_linear","13074",2019,86.2,85.9479920857535,2018
"anomaly_linear","13075",2019,74.5,80.9981715780745,2018
"anomaly_linear","13076",2019,59.9,70.9445186579462,2018
"anomaly_linear","14511",2019,68.9,86.5543561609472,2018
"anomaly_linear","14521",2019,67.1,79.1426199609485,2018
"anomaly_linear","14522",2019,80.2,87.3148900567647,2018
"anomaly_linear","14523",2019,55.1,71.2383622042557,2018
"anomaly_linear","14524",2019,77.1,80.8733454023096,2018
"anomaly_linear","14612",2019,77,80.6308286530789,2018
"anomaly_linear","14625",2019,70.7,75.189734415676,2018
"anomaly_linear","14626",2019,75.3,78.1723584366004,2018
"anomaly_linear","14627",2019,71.4,79.1690222822782,2018
"anomaly_linear","14628",2019,72.9,77.5716640475985,2018
"anomaly_linear","14713",2019,66.4,79.6648655654101,2018
"anomaly_linear","14729",2019,68.8,79.0044044708405,2018
"anomaly_linear","14730",2019,61.4,75.9359750470527,2018
"anomaly_linear","15003",2019,67.5,89.9305509338175,2018
"anomaly_linear","15081",2019,57.5,68.3565062145254,2018
"anomaly_linear","15082",2019,47.7,72.1964906206284,2018
"anomaly_linear","15083",2019,73.1,86.4488182268807,2018
"anomaly_linear","15084",2019,63.5,88.1426257237883,2018
"anomaly_linear","15085",2019,73.4,81.2299099829328,2018
"anomaly_linear","15086",2019,53.8,70.2297928096581,2018
"anomaly_linear","15087",2019,62.3,78.7420757756259,2018
"anomaly_linear","15088",2019,51.5,85.2694006029437,2018
"anomaly_linear","15089",2019,56.1,78.3690525166296,2018
"anomaly_linear","15090",2019,52.6,70.223842827717,2018
"anomaly_linear","15091",2019,53.5,67.8014113294511,2018
"anomaly_linear","16051",2019,59.2,77.9054093620335,2018
"anomaly_linear","16052",2019,88.7,94.1237936496057,2018
"anomaly_linear","16056",2019,70.6,74.4606567400188,2018
"anomaly_linear","16061",2019,82.2,82.1526017050894,2018
"anomaly_linear","16062",2019,78,80.341189234041,2018
"anomaly_linear","16063",2019,72.8,73.7647674685867,2018
"anomaly_linear","16064",2019,75.9,81.9277028920568,2018
"anomaly_linear","16065",2019,62.4,77.5160137182315,2018
"anomaly_linear","16066",2019,64.8,70.9752000892257,2018
"anomaly_linear","16067",2019,71.2,79.6073919457997,2018
"anomaly_linear","16068",2019,50.8,72.863271328443,2018
"anomaly_linear","16069",2019,54.2,59.5819809776953,2018
"anomaly_linear","16070",2019,56,70.4527686589553,2018
"anomaly_linear","16071",2019,65.6,82.912762299917,2018
"anomaly_linear","16072",2019,58.5,68.6679030956719,2018
"anomaly_linear","16073",2019,55.3,70.5570299929453,2018
"anomaly_linear","16074",2019,68,81.2505639775375,2018
"anomaly_linear","16075",2019,66.5,83.589803049259,2018
"anomaly_linear","16076",2019,74.3,85.6725935747443,2018
"anomaly_linear","16077",2019,83.4,92.0132309549322,2018
"anomaly_linear","3101",2019,83.8,83.7949946337638,2018
"anomaly_linear","3102",2019,84.8,91.7222400533314,2018
"anomaly_linear","3103",2019,76.3,78.5610056054422,2018
"anomaly_linear","3151",2019,75.5,84.3848555575318,2018
"anomaly_linear","3153",2019,90.5,87.0392333115466,2018
"anomaly_linear","3154",2019,82.4,83.0576256813336,2018
"anomaly_linear","3155",2019,88.6,87.9386076628796,2018
"anomaly_linear","3157",2019,81,90.5717678091285,2018
"anomaly_linear","3158",2019,90.1,85.8446347855959,2018
"anomaly_linear","3159",2019,85.6,85.8876243096237,2018
"anomaly_linear","3241",2019,84,88.90282936839,2018
"anomaly_linear","3251",2019,76.7,84.8516670225025,2018
"anomaly_linear","3252",2019,87.4,87.5807787568154,2018
"anomaly_linear","3254",2019,85,90.1497143846372,2018
"anomaly_linear","3255",2019,86.9,85.9553461609913,2018
"anomaly_linear","3256",2019,82.5,83.7472781458373,2018
"anomaly_linear","3257",2019,87.3,91.901708839305,2018
"anomaly_linear","3351",2019,68.3,83.2656135026632,2018
"anomaly_linear","3352",2019,89,86.4098195780222,2018
"anomaly_linear","3353",2019,74.9,79.1965115862318,2018
"anomaly_linear","3354",2019,69.4,79.9872730933106,2018
"anomaly_linear","3355",2019,71.3,78.5123851083012,2018
"anomaly_linear","3356",2019,81.9,79.9997453816576,2018
"anomaly_linear","3357",2019,71.9,77.4288646708334,2018
"anomaly_linear","3358",2019,68.4,80.3676045849973,2018
"anomaly_linear","3359",2019,84.9,86.3528795762944,2018
"anomaly_linear","3360",2019,72,84.9246002463083,2018
"anomaly_linear","3361",2019,82.6,81.0852438874132,2018
"anomaly_linear","3452",2019,96.2,91.6067006851058,2018
"anomaly_linear","3453",2019,70.9,80.2921886838639,2018
"anomaly_linear","3454",2019,65.4,77.3340675293503,2018
"anomaly_linear","3455",2019,92.4,91.1094417546006,2018
"anomaly_linear","3456",2019,72.8,78.8031450561416,2018
"anomaly_linear","3457",2019,103.8,97.2131294563254,2018
"anomaly_linear","3458",2019,75.6,81.6203251058694,2018
"anomaly_linear","3459",2019,83.4,86.4013204507732,2018
"anomaly_linear","3460",2019,69.3,82.1890778045075,2018
"anomaly_linear","3461",2019,89.3,88.3252748076903,2018
"anomaly_linear","3462",2019,82.7,85.1522718697244,2018
"anomaly_linear","5154",2019,89.5,91.3474024460224,2018
"anomaly_linear","5158",2019,83.3,86.6544123718884,2018
"anomaly_linear","5162",2019,89.3,86.791318172195,2018
"anomaly_linear","5166",2019,85.3,87.3586723169027,2018
"anomaly_linear","5170",2019,77.7,84.4338735200145,2018
"anomaly_linear","5334",2019,100.6,96.3719800755221,2018
"anomaly_linear","5358",2019,86.9,87.108784029925,2018
"anomaly_linear","5362",2019,88.9,88.8692391871045,2018
"anomaly_linear","5366",2019,78.6,79.7965792948057,2018
"anomaly_linear","5370",2019,90,87.8513096024396,2018
"anomaly_linear","5382",2019,86.3,80.2276745553775,2018
"anomaly_linear","5515",2019,85.1,86.3499358284286,2018
"anomaly_linear","5554",2019,80.7,86.1705134648665,2018
"anomaly_linear","5558",2019,75.8,87.9107287965262,2018
"anomaly_linear","5562",2019,78.8,85.587672750729,2018
"anomaly_linear","5566",2019,71.1,74.4616071820699,2018
"anomaly_linear","5570",2019,72.5,83.0711870457777,2018
"anomaly_linear","5711",2019,77.4,84.3034833991626,2018
"anomaly_linear","5754",2019,64.7,80.7495686931903,2018
"anomaly_linear","5758",2019,86.3,92.0406636322998,2018
"anomaly_linear","5762",2019,82.7,86.0156124169549,2018
"anomaly_linear","5766",2019,83.1,86.5388190746571,2018
"anomaly_linear","5770",2019,81.6,87.3299530256222,2018
"anomaly_linear","5774",2019,73,79.6263282334251,2018
"anomaly_linear","5915",2019,88.8,91.7650454474022,2018
"anomaly_linear","5958",2019,80.5,82.11760126998,2018
"anomaly_linear","5962",2019,68.1,79.5767476277751,2018
"anomaly_linear","5974",2019,84.7,91.6358912210039,2018
"anomaly_linear","5978",2019,78,89.7792325096709,2018
"anomaly_linear","6412",2019,81.7,85.8544970742566,2018
"anomaly_linear","6432",2019,71.7,73.6906068585907,2018
"anomaly_linear","6433",2019,74.2,74.8512617073829,2018
"anomaly_linear","6434",2019,78.7,80.4607304153864,2018
"anomaly_linear","6435",2019,78.6,80.8833475506,2018
"anomaly_linear","6437",2019,76.9,79.7936264841276,2018
"anomaly_linear","6439",2019,77.4,75.0627695601276,2018
"anomaly_linear","6440",2019,82.6,86.2654405839175,2018
"anomaly_linear","6531",2019,76,78.4598598738522,2018
"anomaly_linear","6533",2019,76.3,79.0888676067877,2018
"anomaly_linear","6534",2019,76.8,77.3866862832687,2018
"anomaly_linear","6535",2019,75.9,74.9825517834591,2018
"anomaly_linear","6631",2019,79.4,76.5662702902733,2018
"anomaly_linear","6632",2019,72.9,71.4545669588053,2018
"anomaly_linear","6633",2019,78.2,81.950178068707,2018
"anomaly_linear","6634",2019,80.8,79.7153953692675,2018
"anomaly_linear","6635",2019,78.7,79.4746520962526,2018
"anomaly_linear","6636",2019,75.8,75.4796361017044,2018
"anomaly_linear","7132",2019,47.2,78.7916144695885,2018
"anomaly_linear","7133",2019,70.4,72.402012923629,2018
"anomaly_linear","7135",2019,81.4,76.6342984286997,2018
"anomaly_linear","7137",2019,75.4,75.5152453685094,2018
"anomaly_linear","7140",2019,85.8,80.5095487639158,2018
"anomaly_linear","7141",2019,81.4,77.2193279712422,2018
"anomaly_linear","7143",2019,72.3,70.9611167501074,2018
"anomaly_linear","7231",2019,77.3,68.540871660902,2018
"anomaly_linear","7232",2019,74.8,67.9483672048154,2018
"anomaly_linear","7233",2019,65.7,66.609877050466,2018
"anomaly_linear","7235",2019,71.6,75.9965072222221,2018
"anomaly_linear","7331",2019,68,75.310690058566,2018
"anomaly_linear","7332",2019,69.7,71.4802311014174,2018
"anomaly_linear","7333",2019,72.8,72.3165323056952,2018
"anomaly_linear","7334",2019,74.4,72.0758294280868,2018
"anomaly_linear","7336",2019,69.8,63.5496937806926,2018
"anomaly_linear","7337",2019,82.6,80.425997742224,2018
"anomaly_linear","7338",2019,76.5,73.2605925172775,2018
"anomaly_linear","7339",2019,70.7,74.1463438533523,2018
"anomaly_linear","7340",2019,57.2,70.7630049595598,2018
"anomaly_linear","8115",2019,83.3,88.6182576380033,2018
"anomaly_linear","8116",2019,79.4,75.3504696812875,2018
"anomaly_linear","8117",2019,79,79.352757752831,2018
"anomaly_linear","8118",2019,76,78.7658105577434,2018
"anomaly_linear","8119",2019,75.5,74.253076238906,2018
"anomaly_linear","8125",2019,79.1,81.3820510228899,2018
"anomaly_linear","8126",2019,74.9,76.6112782353871,2018
"anomaly_linear","8127",2019,82.5,82.9013344873597,2018
"anomaly_linear","8128",2019,68.5,68.9557123862101,2018
"anomaly_linear","8135",2019,63.3,69.0224148387885,2018
"anomaly_linear","8136",2019,77.7,82.1942902003044,2018
"anomaly_linear","8215",2019,71.7,72.5501249430316,2018
"anomaly_linear","8216",2019,72.4,73.5455219602042,2018
"anomaly_linear","8225",2019,70.1,71.1511512272226,2018
"anomaly_linear","8226",2019,77.8,75.962825773084,2018
"anomaly_linear","8236",2019,76.7,79.5029289928445,2018
"anomaly_linear","8237",2019,85.5,86.5232641384003,2018
"anomaly_linear","8315",2019,87.6,89.6150960229711,2018
"anomaly_linear","8316",2019,80.7,83.838055852924,2018
"anomaly_linear","8317",2019,80.4,85.2438169650541,2018
"anomaly_linear","8325",2019,73.7,79.8926132909451,2018
"anomaly_linear","8326",2019,73.1,82.1209244094024,2018
"anomaly_linear","8327",2019,81.7,73.7992232574198,2018
"anomaly_linear","8335",2019,62.4,67.0949758713851,2018
"anomaly_linear","8337",2019,82.2,78.6812637067585,2018
"anomaly_linear","8415",2019,63.8,66.6924186729308,2018
"anomaly_linear","8416",2019,73.6,77.5030136802834,2018
"anomaly_linear","8417",2019,59.4,69.135946873682,2018
"anomaly_linear","8425",2019,76.4,83.5893860293988,2018
"anomaly_linear","8426",2019,83.2,87.7332024709697,2018
"anomaly_linear","8435",2019,85,84.7173070912274,2018
"anomaly_linear","8436",2019,77.2,86.3793262403109,2018
"anomaly_linear","8437",2019,82.9,87.0320677287957,2018
"anomaly_linear","9171",2019,85.1,75.7583030341809,2018
"anomaly_linear","9172",2019,74,63.5967240409403,2018
"anomaly_linear","9174",2019,86.1,83.6270469367408,2018
"anomaly_linear","9175",2019,89.6,78.6394839395811,2018
"anomaly_linear","9176",2019,76.5,79.6547843878573,2018
"anomaly_linear","9177",2019,86.2,82.2792341141574,2018
"anomaly_linear","9178",2019,78.5,77.8928130262746,2018
"anomaly_linear","9179",2019,89.1,83.0829994538754,2018
"anomaly_linear","9181",2019,86,86.4195997508943,2018
"anomaly_linear","9183",2019,83.3,76.8744502778385,2018
"anomaly_linear","9184",2019,69.5,67.1182134150496,2018
"anomaly_linear","9185",2019,79.9,79.3222286092511,2018
"anomaly_linear","9186",2019,69.7,78.6459368313599,2018
"anomaly_linear","9187",2019,56,65.217248831643,2018
"anomaly_linear","9188",2019,47.3,71.8185065902038,2018
"anomaly_linear","9189",2019,81.1,76.3251204983294,2018
"anomaly_linear","9190",2019,54.8,71.9849295153127,2018
"anomaly_linear","9271",2019,88.1,81.9622286362013,2018
"anomaly_linear","9273",2019,81.8,82.4770846212172,2018
"anomaly_linear","9274",2019,83.2,79.9552683096597,2018
"anomaly_linear","9275",2019,87.2,73.5458620717016,2018
"anomaly_linear","9277",2019,81.7,74.4815959213461,2018
"anomaly_linear","9278",2019,87.8,82.1127068656252,2018
"anomaly_linear","9279",2019,85.2,79.671505302292,2018
"anomaly_linear","9371",2019,64.1,71.4112134040888,2018
"anomaly_linear","9372",2019,67.1,70.3046741537581,2018
"anomaly_linear","9373",2019,71.7,72.97464381377,2018
"anomaly_linear","9374",2019,71,72.5640285720902,2018
"anomaly_linear","9375",2019,79.9,79.152020771429,2018
"anomaly_linear","9376",2019,65.8,71.723597213989,2018
"anomaly_linear","9377",2019,72.9,78.734858500618,2018
"anomaly_linear","9471",2019,61.1,66.1833696738461,2018
"anomaly_linear","9472",2019,64,71.080691806824,2018
"anomaly_linear","9473",2019,61.7,73.3384311497531,2018
"anomaly_linear","9474",2019,59.4,72.1903964633549,2018
"anomaly_linear","9475",2019,41.1,68.6526688359771,2018
"anomaly_linear","9476",2019,47.2,70.5609154658001,2018
"anomaly_linear","9477",2019,57.4,70.2263993620668,2018
"anomaly_linear","9478",2019,60.1,70.5533621333868,2018
"anomaly_linear","9479",2019,43.1,74.6449747342597,2018
"anomaly_linear","9563",2019,66.2,74.0147122595811,2018
"anomaly_linear","9571",2019,71.4,72.9325518194379,2018
"anomaly_linear","9572",2019,65.3,66.9642589730406,2018
"anomaly_linear","9573",2019,65.8,69.7624452919434,2018
"anomaly_linear","9574",2019,55.9,62.1356912042225,2018
"anomaly_linear","9575",2019,70.7,74.8565177960363,2018
"anomaly_linear","9576",2019,61.9,63.8641562369039,2018
"anomaly_linear","9577",2019,74.3,77.8337845108452,2018
"anomaly_linear","9671",2019,65.9,73.5368965756672,2018
"anomaly_linear","9672",2019,65.9,69.2017926068963,2018
"anomaly_linear","9673",2019,65.2,69.6031854101142,2018
"anomaly_linear","9674",2019,61.9,63.3921802929979,2018
"anomaly_linear","9675",2019,66.3,72.2721964953623,2018
"anomaly_linear","9676",2019,87.7,87.7878986706231,2018
"anomaly_linear","9677",2019,63.6,73.6031299121079,2018
"anomaly_linear","9678",2019,68.2,70.3688962681853,2018
"anomaly_linear","9679",2019,73.5,77.7811605422649,2018
"anomaly_linear","9771",2019,89.4,89.3663653016634,2018
"anomaly_linear","9772",2019,83,82.9585162574954,2018
"anomaly_linear","9773",2019,82.4,83.1823118985341,2018
"anomaly_linear","9774",2019,84.1,83.6742999200559,2018
"anomaly_linear","9775",2019,81.4,88.5329924538618,2018
"anomaly_linear","9777",2019,91,84.0129463949503,2018
"anomaly_linear","9778",2019,89.5,86.1954259523796,2018
"anomaly_linear","9779",2019,82.8,81.6106974863364,2018
"anomaly_tails","1003",2019,85.7,78.2811023213424,2018
"anomaly_tails","10042",2019,68.3,72.2298961918846,2018
"anomaly_tails","10044",2019,64.8,79.918250456551,2018
"anomaly_tails","1051",2019,88.9,80.5436515741369,2018
"anomaly_tails","1053",2019,84.9,73.1805304809453,2018
"anomaly_tails","1054",2019,90.2,77.9428719430037,2018
"anomaly_tails","1055",2019,95.9,82.9306196838702,2018
"anomaly_tails","1056",2019,79.7,77.1382908000341,2018
"anomaly_tails","1057",2019,89.9,76.4316487412837,2018
"anomaly_tails","1058",2019,90.8,82.1662167212997,2018
"anomaly_tails","1059",2019,87.4,82.6906776314452,2018
"anomaly_tails","1060",2019,82.8,66.2164066386432,2018
"anomaly_tails","1061",2019,78.6,74.9167758683457,2018
"anomaly_tails","1062",2019,87,73.0318970762177,2018
"anomaly_tails","12060",2019,50.5,52.494629186022,2018
"anomaly_tails","12061",2019,46,53.5881673811755,2018
"anomaly_tails","12062",2019,53.2,59.1894233617042,2018
"anomaly_tails","12063",2019,48.6,62.2320830325102,2018
"anomaly_tails","12064",2019,62.1,61.905842511938,2018
"anomaly_tails","12065",2019,47.2,55.3809889447839,2018
"anomaly_tails","12066",2019,43,50.0550826983108,2018
"anomaly_tails","12067",2019,51.9,58.6688785143479,2018
"anomaly_tails","12068",2019,47.5,60.0531715481703,2018
"anomaly_tails","12069",2019,44.4,55.0968149999256,2018
"anomaly_tails","12070",2019,49.7,60.2188287778762,2018
"anomaly_tails","12071",2019,39,47.1183279442924,2018
"anomaly_tails","12072",2019,55.2,57.230143036372,2018
"anomaly_tails","12073",2019,62.3,62.6355577932541,2018
"anomaly_tails","13071",2019,71.9,65.6124466907339,2018
"anomaly_tails","13072",2019,78.8,64.9975911248671,2018
"anomaly_tails","13073",2019,88.9,73.0680981126079,2018
"anomaly_tails","13074",2019,86.2,67.3267826404185,2018
"anomaly_tails","13075",2019,74.5,66.1666933389242,2018
"anomaly_tails","13076",2019,59.9,58.1683602899502,2018
"anomaly_tails","14511",2019,68.9,76.1841904077842,2018
"anomaly_tails","14521",2019,67.1,72.5133028274192,2018
"anomaly_tails","14522",2019,80.2,76.2965516879333,2018
"anomaly_tails","14523",2019,55.1,66.9313762164493,2018
"anomaly_tails","14524",2019,77.1,72.2297131819143,2018
"anomaly_tails","14612",2019,77,72.2554539145386,2018
"anomaly_tails","14625",2019,70.7,64.2020633575504,2018
"anomaly_tails","14626",2019,75.3,65.7179266022692,2018
"anomaly_tails","14627",2019,71.4,70.2806863967433,2018
"anomaly_tails","14628",2019,72.9,68.6224096671789,2018
"anomaly_tails","14713",2019,66.4,71.4928214641276,2018
"anomaly_tails","14729",2019,68.8,66.8449441860628,2018
"anomaly_tails","14730",2019,61.4,65.6219913102811,2018
"anomaly_tails","15003",2019,67.5,71.589428840877,2018
"anomaly_tails","15081",2019,57.5,55.8576902876361,2018
"anomaly_tails","15082",2019,47.7,56.8557025052163,2018
"anomaly_tails","15083",2019,73.1,72.4732355499741,2018
"anomaly_tails","15084",2019,63.5,75.6246679442128,2018
"anomaly_tails","15085",2019,73.4,71.9665892728948,2018
"anomaly_tails","15086",2019,53.8,61.479061718975,2018
"anomaly_tails","15087",2019,62.3,65.798695734339,2018
"anomaly_tails","15088",2019,51.5,66.8492995843981,2018
"anomaly_tails","15089",2019,56.1,61.9862606125158,2018
"anomaly_tails","15090",2019,52.6,59.3481693829096,2018
"anomaly_tails","15091",2019,53.5,56.594114806886,2018
"anomaly_tails","16051",2019,59.2,68.5693768131299,2018
"anomaly_tails","16052",2019,88.7,81.1398246140232,2018
"anomaly_tails","16056",2019,70.6,66.2480710868903,2018
"anomaly_tails","16061",2019,82.2,69.8347591875838,2018
"anomaly_tails","16062",2019,78,68.2049054775907,2018
"anomaly_tails","16063",2019,72.8,66.7637677132018,2018
"anomaly_tails","16064",2019,75.9,72.8424844900915,2018
"anomaly_tails","16065",2019,62.4,68.0696308075135,2018
"anomaly_tails","16066",2019,64.8,68.4757767374698,2018
"anomaly_tails","16067",2019,71.2,73.0269603953988,2018
"anomaly_tails","16068",2019,50.8,63.1709869759573,2018
"anomaly_tails","16069",2019,54.2,56.0644307232968,2018
"anomaly_tails","16070",2019,56,64.4135717571783,2018
"anomaly_tails","16071",2019,65.6,68.035106470878,2018
"anomaly_tails","16072",2019,58.5,61.2333745190627,2018
"anomaly_tails","16073",2019,55.3,62.6630809889963,2018
"anomaly_tails","16074",2019,68,69.4455638698429,2018
"anomaly_tails","16075",2019,66.5,74.7309763037822,2018
"anomaly_tails","16076",2019,74.3,73.6379021461245,2018
"anomaly_tails","16077",2019,83.4,76.6155425191874,2018
"anomaly_tails","3101",2019,83.8,67.5775620250781,2018
"anomaly_tails","3102",2019,84.8,80.4184912203082,2018
"anomaly_tails","3103",2019,76.3,67.4786320697831,2018
"anomaly_tails","3151",2019,75.5,70.0978952010548,2018
"anomaly_tails","3153",2019,90.5,76.5049779063363,2018
"anomaly_tails","3154",2019,82.4,73.2197650017408,2018
"anomaly_tails","3155",2019,88.6,79.1329049153848,2018
"anomaly_tails","3157",2019,81,77.5549411748378,2018
"anomaly_tails","3158",2019,90.1,75.5549403939038,2018
"anomaly_tails","3159",2019,85.6,74.5864202059238,2018
"anomaly_tails","3241",2019,84,77.6570229574156,2018
"anomaly_tails","3251",2019,76.7,71.0823328284045,2018
"anomaly_tails","3252",2019,87.4,78.3863561066803,2018
"anomaly_tails","3254",2019,85,80.3738378636449,2018
"anomaly_tails","3255",2019,86.9,76.3664431300423,2018
"anomaly_tails","3256",2019,82.5,72.4555271873324,2018
"anomaly_tails","3257",2019,87.3,80.1691056756757,2018
"anomaly_tails","3351",2019,68.3,69.915067408078,2018
"anomaly_tails","3352",2019,89,72.2355905336679,2018
"anomaly_tails","3353",2019,74.9,63.9110232158721,2018
"anomaly_tails","3354",2019,69.4,62.5459913528447,2018
"anomaly_tails","3355",2019,71.3,63.6328045009229,2018
"anomaly_tails","3356",2019,81.9,68.6331192641147,2018
"anomaly_tails","3357",2019,71.9,57.0697924354418,2018
"anomaly_tails","3358",2019,68.4,64.8131727520854,2018
"anomaly_tails","3359",2019,84.9,72.6126059162051,2018
"anomaly_tails","3360",2019,72,74.2812219281939,2018
"anomaly_tails","3361",2019,82.6,62.975607346838,2018
"anomaly_tails","3452",2019,96.2,76.6888790908992,2018
"anomaly_tails","3453",2019,70.9,72.8098630470752,2018
"anomaly_tails","3454",2019,65.4,74.7426552891463,2018
"anomaly_tails","3455",2019,92.4,72.7325400266134,2018
"anomaly_tails","3456",2019,72.8,75.9017597385948,2018
"anomaly_tails","3457",2019,103.8,92.3785876329288,2018
"anomaly_tails","3458",2019,75.6,68.305026349691,2018
"anomaly_tails","3459",2019,83.4,81.670607624687,2018
"anomaly_tails","3460",2019,69.3,66.9087143850247,2018
"anomaly_tails","3461",2019,89.3,73.7467169052447,2018
"anomaly_tails","3462",2019,82.7,67.7940586536659,2018
"anomaly_tails","5154",2019,89.5,81.9638888886428,2018
"anomaly_tails","5158",2019,83.3,87.2582152723685,2018
"anomaly_tails","5162",2019,89.3,85.2604471107625,2018
"anomaly_tails","5166",2019,85.3,84.6087726774823,2018
"anomaly_tails","5170",2019,77.7,79.8740045754717,2018
"anomaly_tails","5334",2019,100.6,93.097407070714,2018
"anomaly_tails","5358",2019,86.9,83.611437271091,2018
"anomaly_tails","5362",2019,88.9,84.0469497367362,2018
"anomaly_tails","5366",2019,78.6,81.3212579317334,2018
"anomaly_tails","5370",2019,90,85.7064743311452,2018
"anomaly_tails","5382",2019,86.3,83.2234449900053,2018
"anomaly_tails","5515",2019,85.1,83.5313992385784,2018
"anomaly_tails","5554",2019,80.7,82.5840420407533,2018
"anomaly_tails","5558",2019,75.8,81.1149991346706,2018
"anomaly_tails","5562",2019,78.8,76.7816218249529,2018
"anomaly_tails","5566",2019,71.1,74.9464132328358,2018
"anomaly_tails","5570",2019,72.5,77.0499292702873,2018
"anomaly_tails","5711",2019,77.4,79.3182614027498,2018
"anomaly_tails","5754",2019,64.7,68.6969511740024,2018
"anomaly_tails","5758",2019,86.3,83.8747231231811,2018
"anomaly_tails","5762",2019,82.7,78.3419700003236,2018
"anomaly_tails","5766",2019,83.1,78.1381699152062,2018
"anomaly_tails","5770",2019,81.6,79.5675619047109,2018
"anomaly_tails","5774",2019,73,70.3150092552963,2018
"anomaly_tails","5915",2019,88.8,84.8279937902031,2018
"anomaly_tails","5958",2019,80.5,76.6228486851239,2018
"anomaly_tails","5962",2019,68.1,73.679419897437,2018
"anomaly_tails","5974",2019,84.7,83.5955902207229,2018
"anomaly_tails","5978",2019,78,80.766225014156,2018
"anomaly_tails","6412",2019,81.7,78.7514467703973,2018
"anomaly_tails","6432",2019,71.7,72.2136221570865,2018
"anomaly_tails","6433",2019,74.2,73.4431094254225,2018
"anomaly_tails","6434",2019,78.7,76.5547629299131,2018
"anomaly_tails","6435",2019,78.6,73.9232696221117,2018
"anomaly_tails","6437",2019,76.9,75.0420641863144,2018
"anomaly_tails","6439",2019,77.4,72.0672187797582,2018
"anomaly_tails","6440",2019,82.6,78.5333518800696,2018
"anomaly_tails","6531",2019,76,71.9285263033607,2018
"anomaly_tails","6533",2019,76.3,75.8213792630641,2018
"anomaly_tails","6534",2019,76.8,73.1412125704632,2018
"anomaly_tails","6535",2019,75.9,74.5616007934149,2018
"anomaly_tails","6631",2019,79.4,74.6172893985143,2018
"anomaly_tails","6632",2019,72.9,67.9332830892048,2018
"anomaly_tails","6633",2019,78.2,74.2212685655436,2018
"anomaly_tails","6634",2019,80.8,72.9742176583811,2018
"anomaly_tails","6635",2019,78.7,73.9139190401071,2018
"anomaly_tails","6636",2019,75.8,72.2249548675177,2018
"anomaly_tails","7132",2019,47.2,76.9473481778498,2018
"anomaly_tails","7133",2019,70.4,77.5725597123413,2018
"anomaly_tails","7135",2019,81.4,73.8377939507564,2018
"anomaly_tails","7137",2019,75.4,80.0634840871079,2018
"anomaly_tails","7140",2019,85.8,81.7798524286752,2018
"anomaly_tails","7141",2019,81.4,77.0879394227672,2018
"anomaly_tails","7143",2019,72.3,68.8876774656645,2018
"anomaly_tails","7231",2019,77.3,73.9240072541387,2018
"anomaly_tails","7232",2019,74.8,71.8566667737716,2018
"anomaly_tails","7233",2019,65.7,69.157887339822,2018
"anomaly_tails","7235",2019,71.6,83.0084110826668,2018
"anomaly_tails","7331",2019,68,79.446522690728,2018
"anomaly_tails","7332",2019,69.7,77.6148832206724,2018
"anomaly_tails","7333",2019,72.8,77.0120139544674,2018
"anomaly_tails","7334",2019,74.4,71.9795877485397,2018
"anomaly_tails","7336",2019,69.8,72.4901146061161,2018
"anomaly_tails","7337",2019,82.6,80.8641815682465,2018
"anomaly_tails","7338",2019,76.5,75.9841542654105,2018
"anomaly_tails","7339",2019,70.7,76.6788233274444,2018
"anomaly_tails","7340",2019,57.2,76.8157545777926,2018
"anomaly_tails","8115",2019,83.3,84.4171416999824,2018
"anomaly_tails","8116",2019,79.4,75.5838978008349,2018
"anomaly_tails","8117",2019,79,79.9496862096129,2018
"anomaly_tails","8118",2019,76,73.9581506623209,2018
"anomaly_tails","8119",2019,75.5,72.2543664107565,2018
"anomaly_tails","8125",2019,79.1,76.1921432079688,2018
"anomaly_tails","8126",2019,74.9,71.5742159085205,2018
"anomaly_tails","8127",2019,82.5,75.1957449221197,2018
"anomaly_tails","8128",2019,68.5,70.7664972375497,2018
"anomaly_tails","8135",2019,63.3,77.7721344969228,2018
"anomaly_tails","8136",2019,77.7,78.9433925300899,2018
"anomaly_tails","8215",2019,71.7,71.4268422472108,2018
"anomaly_tails","8216",2019,72.4,73.0026978580058,2018
"anomaly_tails","8225",2019,70.1,68.8298369958304,2018
"anomaly_tails","8226",2019,77.8,77.6275191471529,2018
"anomaly_tails","8236",2019,76.7,81.0107067702171,2018
"anomaly_tails","8237",2019,85.5,83.2055357145043,2018
"anomaly_tails","8315",2019,87.6,82.7300337369797,2018
"anomaly_tails","8316",2019,80.7,85.0840412522087,2018
"anomaly_tails","8317",2019,80.4,80.0329593300203,2018
"anomaly_tails","8325",2019,73.7,82.4426540063278,2018
"anomaly_tails","8326",2019,73.1,79.5783412438383,2018
"anomaly_tails","8327",2019,81.7,75.2306966514511,2018
"anomaly_tails","8335",2019,62.4,74.0505829263793,2018
"anomaly_tails","8337",2019,82.2,79.4797735059496,2018
"anomaly_tails","8415",2019,63.8,74.1123104842694,2018
"anomaly_tails","8416",2019,73.6,84.3703970471015,2018
"anomaly_tails","8417",2019,59.4,75.9541271235056,2018
"anomaly_tails","8425",2019,76.4,81.8166106478307,2018
"anomaly_tails","8426",2019,83.2,86.1100655220932,2018
"anomaly_tails","8435",2019,85,82.2131993614544,2018
"anomaly_tails","8436",2019,77.2,84.3667572460176,2018
"anomaly_tails","8437",2019,82.9,85.3380422717997,2018
"anomaly_tails","9171",2019,85.1,73.1876133348299,2018
"anomaly_tails","9172",2019,74,66.8421459669547,2018
"anomaly_tails","9174",2019,86.1,81.3624294858994,2018
"anomaly_tails","9175",2019,89.6,79.6078869791927,2018
"anomaly_tails","9176",2019,76.5,75.0151315409627,2018
"anomaly_tails","9177",2019,86.2,82.781045550742,2018
"anomaly_tails","9178",2019,78.5,74.0505631681603,2018
"anomaly_tails","9179",2019,89.1,83.3805137483185,2018
"anomaly_tails","9181",2019,86,84.3732914173286,2018
"anomaly_tails","9183",2019,83.3,77.1858408464257,2018
"anomaly_tails","9184",2019,69.5,64.5334405062704,2018
"anomaly_tails","9185",2019,79.9,82.7156088759236,2018
"anomaly_tails","9186",2019,69.7,72.7505248193793,2018
"anomaly_tails","9187",2019,56,67.9605454459403,2018
"anomaly_tails","9188",2019,47.3,72.4798130839616,2018
"anomaly_tails","9189",2019,81.1,73.7487101142129,2018
"anomaly_tails","9190",2019,54.8,69.911707075625,2018
"anomaly_tails","9271",2019,88.1,78.0226213481418,2018
"anomaly_tails","9273",2019,81.8,77.6571447856684,2018
"anomaly_tails","9274",2019,83.2,75.7709872163313,2018
"anomaly_tails","9275",2019,87.2,75.0633245166205,2018
"anomaly_tails","9277",2019,81.7,73.0644760576499,2018
"anomaly_tails","9278",2019,87.8,74.3110288617713,2018
"anomaly_tails","9279",2019,85.2,74.3524290659515,2018
"anomaly_tails","9371",2019,64.1,69.4972687157779,2018
"anomaly_tails","9372",2019,67.1,63.0609546988595,2018
"anomaly_tails","9373",2019,71.7,70.2472978063536,2018
"anomaly_tails","9374",2019,71,62.5465220074085,2018
"anomaly_tails","9375",2019,79.9,74.2986811086453,2018
"anomaly_tails","9376",2019,65.8,62.8405951857862,2018
"anomaly_tails","9377",2019,72.9,73.5477752577946,2018
"anomaly_tails","9471",2019,61.1,59.6979988096947,2018
"anomaly_tails","9472",2019,64,67.6205016098503,2018
"anomaly_tails","9473",2019,61.7,68.9557549728232,2018
"anomaly_tails","9474",2019,59.4,72.8286587144713,2018
"anomaly_tails","9475",2019,41.1,58.839928284306,2018
"anomaly_tails","9476",2019,47.2,58.0704266798732,2018
"anomaly_tails","9477",2019,57.4,60.9023759464496,2018
"anomaly_tails","9478",2019,60.1,59.9320452553554,2018
"anomaly_tails","9479",2019,43.1,72.637679461686,2018
"anomaly_tails","9563",2019,66.2,66.4405997816753,2018
"anomaly_tails","9571",2019,71.4,73.2861471910873,2018
"anomaly_tails","9572",2019,65.3,60.9311014321843,2018
"anomaly_tails","9573",2019,65.8,63.6910363677957,2018
"anomaly_tails","9574",2019,55.9,54.7990510833068,2018
"anomaly_tails","9575",2019,70.7,72.2891190170527,2018
"anomaly_tails","9576",2019,61.9,65.3589855977305,2018
"anomaly_tails","9577",2019,74.3,78.8878887286238,2018
"anomaly_tails","9671",2019,65.9,73.9590767154819,2018
"anomaly_tails","9672",2019,65.9,67.951390817693,2018
"anomaly_tails","9673",2019,65.2,65.6680908295272,2018
"anomaly_tails","9674",2019,61.9,59.9338302095094,2018
"anomaly_tails","9675",2019,66.3,65.3698350692531,2018
"anomaly_tails","9676",2019,87.7,83.8992557054456,2018
"anomaly_tails","9677",2019,63.6,72.8666873058473,2018
"anomaly_tails","9678",2019,68.2,68.778851831985,2018
"anomaly_tails","9679",2019,73.5,73.9932511669439,2018
"anomaly_tails","9771",2019,89.4,83.6383422507852,2018
"anomaly_tails","9772",2019,83,80.0800356325052,2018
"anomaly_tails","9773",2019,82.4,82.6597672474019,2018
"anomaly_tails","9774",2019,84.1,84.2266288965325,2018
"anomaly_tails","9775",2019,81.4,84.1971610960447,2018
"anomaly_tails","9777",2019,91,89.8375073422674,2018
"anomaly_tails","9778",2019,89.5,92.451213094729,2018
"anomaly_tails","9779",2019,82.8,81.2145043704489,2018
"stress_unsmoothed","1003",2019,85.7,77.0984919325276,2018
"stress_unsmoothed","10042",2019,68.3,66.025369553371,2018
"stress_unsmoothed","10044",2019,64.8,75.7944196857538,2018
"stress_unsmoothed","1051",2019,88.9,82.2713036916355,2018
"stress_unsmoothed","1053",2019,84.9,73.9697580594867,2018
"stress_unsmoothed","1054",2019,90.2,79.0921757895906,2018
"stress_unsmoothed","1055",2019,95.9,82.3844911082292,2018
"stress_unsmoothed","1056",2019,79.7,78.32496834747,2018
"stress_unsmoothed","1057",2019,89.9,76.3523765141278,2018
"stress_unsmoothed","1058",2019,90.8,81.531650176921,2018
"stress_unsmoothed","1059",2019,87.4,82.4155605359921,2018
"stress_unsmoothed","1060",2019,82.8,66.045569754393,2018
"stress_unsmoothed","1061",2019,78.6,76.7839579306242,2018
"stress_unsmoothed","1062",2019,87,74.1064755445303,2018
"stress_unsmoothed","12060",2019,50.5,51.438462979472,2018
"stress_unsmoothed","12061",2019,46,51.4153802183384,2018
"stress_unsmoothed","12062",2019,53.2,57.5990878877823,2018
"stress_unsmoothed","12063",2019,48.6,61.5412876094476,2018
"stress_unsmoothed","12064",2019,62.1,61.2280447637837,2018
"stress_unsmoothed","12065",2019,47.2,54.0470487572091,2018
"stress_unsmoothed","12066",2019,43,47.886592762459,2018
"stress_unsmoothed","12067",2019,51.9,56.9128106334957,2018
"stress_unsmoothed","12068",2019,47.5,59.0975209226872,2018
"stress_unsmoothed","12069",2019,44.4,54.7124402605098,2018
"stress_unsmoothed","12070",2019,49.7,58.3104427251955,2018
"stress_unsmoothed","12071",2019,39,44.5741162719236,2018
"stress_unsmoothed","12072",2019,55.2,55.7939914143682,2018
"stress_unsmoothed","12073",2019,62.3,62.3141004720657,2018
"stress_unsmoothed","13071",2019,71.9,65.3052510981041,2018
"stress_unsmoothed","13072",2019,78.8,66.0051132701309,2018
"stress_unsmoothed","13073",2019,88.9,73.8791749999898,2018
"stress_unsmoothed","13074",2019,86.2,66.0263657832352,2018
"stress_unsmoothed","13075",2019,74.5,66.2832276431197,2018
"stress_unsmoothed","13076",2019,59.9,57.3389844337043,2018
"stress_unsmoothed","14511",2019,68.9,77.4864583669643,2018
"stress_unsmoothed","14521",2019,67.1,73.5524252603915,2018
"stress_unsmoothed","14522",2019,80.2,78.5007853859056,2018
"stress_unsmoothed","14523",2019,55.1,65.6408144535905,2018
"stress_unsmoothed","14524",2019,77.1,72.0858801118849,2018
"stress_unsmoothed","14612",2019,77,72.7076503243199,2018
"stress_unsmoothed","14625",2019,70.7,63.0967977054477,2018
"stress_unsmoothed","14626",2019,75.3,65.8727935233029,2018
"stress_unsmoothed","14627",2019,71.4,70.1942892970565,2018
"stress_unsmoothed","14628",2019,72.9,70.7510677941337,2018
"stress_unsmoothed","14713",2019,66.4,71.5556190241801,2018
"stress_unsmoothed","14729",2019,68.8,67.6359859539463,2018
"stress_unsmoothed","14730",2019,61.4,65.6773177202147,2018
"stress_unsmoothed","15003",2019,67.5,71.55583157535,2018
"stress_unsmoothed","15081",2019,57.5,55.324206581221,2018
"stress_unsmoothed","15082",2019,47.7,57.5177600287472,2018
"stress_unsmoothed","15083",2019,73.1,72.9019859306373,2018
"stress_unsmoothed","15084",2019,63.5,76.604689719085,2018
"stress_unsmoothed","15085",2019,73.4,73.2397335217704,2018
"stress_unsmoothed","15086",2019,53.8,62.0378655918529,2018
"stress_unsmoothed","15087",2019,62.3,66.9499447100111,2018
"stress_unsmoothed","15088",2019,51.5,67.9661095528392,2018
"stress_unsmoothed","15089",2019,56.1,62.9429575962927,2018
"stress_unsmoothed","15090",2019,52.6,57.327108060303,2018
"stress_unsmoothed","15091",2019,53.5,56.294895303539,2018
"stress_unsmoothed","16051",2019,59.2,68.3961891077208,2018
"stress_unsmoothed","16052",2019,88.7,81.9271827034815,2018
"stress_unsmoothed","16056",2019,70.6,64.0123419432125,2018
"stress_unsmoothed","16061",2019,82.2,70.4258459007482,2018
"stress_unsmoothed","16062",2019,78,68.983502089336,2018
"stress_unsmoothed","16063",2019,72.8,64.6832682829509,2018
"stress_unsmoothed","16064",2019,75.9,72.2795821565652,2018
"stress_unsmoothed","16065",2019,62.4,67.6784582794595,2018
"stress_unsmoothed","16066",2019,64.8,65.9691094289014,2018
"stress_unsmoothed","16067",2019,71.2,72.9303310641007,2018
"stress_unsmoothed","16068",2019,50.8,62.4004570317484,2018
"stress_unsmoothed","16069",2019,54.2,51.6824659668125,2018
"stress_unsmoothed","16070",2019,56,63.8837335485786,2018
"stress_unsmoothed","16071",2019,65.6,68.0966376144882,2018
"stress_unsmoothed","16072",2019,58.5,57.231566910423,2018
"stress_unsmoothed","16073",2019,55.3,61.5482485471508,2018
"stress_unsmoothed","16074",2019,68,69.7712152967478,2018
"stress_unsmoothed","16075",2019,66.5,73.8756497144576,2018
"stress_unsmoothed","16076",2019,74.3,73.5755360039011,2018
"stress_unsmoothed","16077",2019,83.4,77.5264621491512,2018
"stress_unsmoothed","3101",2019,83.8,67.8249999075832,2018
"stress_unsmoothed","3102",2019,84.8,80.8376613461302,2018
"stress_unsmoothed","3103",2019,76.3,67.9583107959432,2018
"stress_unsmoothed","3151",2019,75.5,71.011716757555,2018
"stress_unsmoothed","3153",2019,90.5,76.0043948921597,2018
"stress_unsmoothed","3154",2019,82.4,73.6022042577266,2018
"stress_unsmoothed","3155",2019,88.6,80.2969772498916,2018
"stress_unsmoothed","3157",2019,81,78.7485648182336,2018
"stress_unsmoothed","3158",2019,90.1,76.2868804759775,2018
"stress_unsmoothed","3159",2019,85.6,75.2726137502762,2018
"stress_unsmoothed","3241",2019,84,79.4234451157452,2018
"stress_unsmoothed","3251",2019,76.7,71.8953853884122,2018
"stress_unsmoothed","3252",2019,87.4,81.0360304391635,2018
"stress_unsmoothed","3254",2019,85,81.6030157572836,2018
"stress_unsmoothed","3255",2019,86.9,77.6248236859828,2018
"stress_unsmoothed","3256",2019,82.5,73.133154770382,2018
"stress_unsmoothed","3257",2019,87.3,83.2673163033526,2018
"stress_unsmoothed","3351",2019,68.3,70.2847983492831,2018
"stress_unsmoothed","3352",2019,89,76.0930143772063,2018
"stress_unsmoothed","3353",2019,74.9,66.2720807438043,2018
"stress_unsmoothed","3354",2019,69.4,62.5447384618849,2018
"stress_unsmoothed","3355",2019,71.3,64.8496686881775,2018
"stress_unsmoothed","3356",2019,81.9,71.9215692477694,2018
"stress_unsmoothed","3357",2019,71.9,60.4249609041434,2018
"stress_unsmoothed","3358",2019,68.4,67.4794907865857,2018
"stress_unsmoothed","3359",2019,84.9,76.2183284686274,2018
"stress_unsmoothed","3360",2019,72,75.5086602516857,2018
"stress_unsmoothed","3361",2019,82.6,66.0617619150019,2018
"stress_unsmoothed","3452",2019,96.2,75.2522911576366,2018
"stress_unsmoothed","3453",2019,70.9,72.870338188514,2018
"stress_unsmoothed","3454",2019,65.4,74.3471374204843,2018
"stress_unsmoothed","3455",2019,92.4,73.3381182325652,2018
"stress_unsmoothed","3456",2019,72.8,75.6719110455772,2018
"stress_unsmoothed","3457",2019,103.8,93.3015903500163,2018
"stress_unsmoothed","3458",2019,75.6,69.3807328588354,2018
"stress_unsmoothed","3459",2019,83.4,82.7376865018252,2018
"stress_unsmoothed","3460",2019,69.3,66.9449937422889,2018
"stress_unsmoothed","3461",2019,89.3,75.8123007030171,2018
"stress_unsmoothed","3462",2019,82.7,67.641441515786,2018
"stress_unsmoothed","5154",2019,89.5,80.9150986341538,2018
"stress_unsmoothed","5158",2019,83.3,86.1452159102409,2018
"stress_unsmoothed","5162",2019,89.3,85.3873751618649,2018
"stress_unsmoothed","5166",2019,85.3,84.0519435860977,2018
"stress_unsmoothed","5170",2019,77.7,79.1318149582946,2018
"stress_unsmoothed","5334",2019,100.6,95.4000334740436,2018
"stress_unsmoothed","5358",2019,86.9,85.0142422880067,2018
"stress_unsmoothed","5362",2019,88.9,85.0436646541136,2018
"stress_unsmoothed","5366",2019,78.6,82.8205346165872,2018
"stress_unsmoothed","5370",2019,90,86.068422192842,2018
"stress_unsmoothed","5382",2019,86.3,83.9760635459122,2018
"stress_unsmoothed","5515",2019,85.1,83.9338040082288,2018
"stress_unsmoothed","5554",2019,80.7,82.5410214417856,2018
"stress_unsmoothed","5558",2019,75.8,80.3642100243018,2018
"stress_unsmoothed","5562",2019,78.8,77.2326534547379,2018
"stress_unsmoothed","5566",2019,71.1,74.8478741096636,2018
"stress_unsmoothed","5570",2019,72.5,77.1606773467714,2018
"stress_unsmoothed","5711",2019,77.4,79.7725279919017,2018
"stress_unsmoothed","5754",2019,64.7,68.7587013521951,2018
"stress_unsmoothed","5758",2019,86.3,84.5262994004647,2018
"stress_unsmoothed","5762",2019,82.7,78.6646635269711,2018
"stress_unsmoothed","5766",2019,83.1,78.785315716289,2018
"stress_unsmoothed","5770",2019,81.6,80.6094453681639,2018
"stress_unsmoothed","5774",2019,73,71.1004443839029,2018
"stress_unsmoothed","5915",2019,88.8,84.8666115748955,2018
"stress_unsmoothed","5958",2019,80.5,76.8873916458017,2018
"stress_unsmoothed","5962",2019,68.1,72.2696401847533,2018
"stress_unsmoothed","5974",2019,84.7,84.021704088549,2018
"stress_unsmoothed","5978",2019,78,79.9587217463127,2018
"stress_unsmoothed","6412",2019,81.7,76.4974024399928,2018
"stress_unsmoothed","6432",2019,71.7,68.3279395076862,2018
"stress_unsmoothed","6433",2019,74.2,70.5196710154017,2018
"stress_unsmoothed","6434",2019,78.7,74.3512466864679,2018
"stress_unsmoothed","6435",2019,78.6,70.0867285058681,2018
"stress_unsmoothed","6437",2019,76.9,71.5006483641747,2018
"stress_unsmoothed","6439",2019,77.4,70.6108462071127,2018
"stress_unsmoothed","6440",2019,82.6,75.7634324246204,2018
"stress_unsmoothed","6531",2019,76,69.6551742687197,2018
"stress_unsmoothed","6533",2019,76.3,74.2741472668715,2018
"stress_unsmoothed","6534",2019,76.8,71.2629721235479,2018
"stress_unsmoothed","6535",2019,75.9,72.6018624829762,2018
"stress_unsmoothed","6631",2019,79.4,72.5344423326052,2018
"stress_unsmoothed","6632",2019,72.9,66.3263516658951,2018
"stress_unsmoothed","6633",2019,78.2,73.7596940611093,2018
"stress_unsmoothed","6634",2019,80.8,71.5737509280753,2018
"stress_unsmoothed","6635",2019,78.7,72.9529936148845,2018
"stress_unsmoothed","6636",2019,75.8,70.8315616465151,2018
"stress_unsmoothed","7132",2019,47.2,77.8174226068126,2018
"stress_unsmoothed","7133",2019,70.4,74.4560103715887,2018
"stress_unsmoothed","7135",2019,81.4,71.9207530427946,2018
"stress_unsmoothed","7137",2019,75.4,79.025232488566,2018
"stress_unsmoothed","7140",2019,85.8,80.2370750981716,2018
"stress_unsmoothed","7141",2019,81.4,76.2777307111156,2018
"stress_unsmoothed","7143",2019,72.3,67.1992369375675,2018
"stress_unsmoothed","7231",2019,77.3,71.1628940186838,2018
"stress_unsmoothed","7232",2019,74.8,68.5779587679458,2018
"stress_unsmoothed","7233",2019,65.7,66.2786252928368,2018
"stress_unsmoothed","7235",2019,71.6,79.0089671380386,2018
"stress_unsmoothed","7331",2019,68,77.318594194841,2018
"stress_unsmoothed","7332",2019,69.7,75.3098194755869,2018
"stress_unsmoothed","7333",2019,72.8,74.3731736890169,2018
"stress_unsmoothed","7334",2019,74.4,69.2315782885715,2018
"stress_unsmoothed","7336",2019,69.8,67.4701437971432,2018
"stress_unsmoothed","7337",2019,82.6,79.0461321344087,2018
"stress_unsmoothed","7338",2019,76.5,73.6290087506021,2018
"stress_unsmoothed","7339",2019,70.7,73.5320664150082,2018
"stress_unsmoothed","7340",2019,57.2,71.5262558216016,2018
"stress_unsmoothed","8115",2019,83.3,84.4237934328727,2018
"stress_unsmoothed","8116",2019,79.4,75.4892326788079,2018
"stress_unsmoothed","8117",2019,79,81.364583922534,2018
"stress_unsmoothed","8118",2019,76,72.1708919510497,2018
"stress_unsmoothed","8119",2019,75.5,70.9645808490192,2018
"stress_unsmoothed","8125",2019,79.1,73.0564566179952,2018
"stress_unsmoothed","8126",2019,74.9,67.9333477749136,2018
"stress_unsmoothed","8127",2019,82.5,73.2829806682794,2018
"stress_unsmoothed","8128",2019,68.5,67.9815029232902,2018
"stress_unsmoothed","8135",2019,63.3,78.9789194986052,2018
"stress_unsmoothed","8136",2019,77.7,80.2394072532564,2018
"stress_unsmoothed","8215",2019,71.7,68.1853950560492,2018
"stress_unsmoothed","8216",2019,72.4,68.2403325933905,2018
"stress_unsmoothed","8225",2019,70.1,64.9245571929849,2018
"stress_unsmoothed","8226",2019,77.8,74.422520714639,2018
"stress_unsmoothed","8236",2019,76.7,79.1833011628642,2018
"stress_unsmoothed","8237",2019,85.5,82.7538969330322,2018
"stress_unsmoothed","8315",2019,87.6,83.5368652005087,2018
"stress_unsmoothed","8316",2019,80.7,86.0609813878853,2018
"stress_unsmoothed","8317",2019,80.4,78.9546166999826,2018
"stress_unsmoothed","8325",2019,73.7,83.5002484739994,2018
"stress_unsmoothed","8326",2019,73.1,80.2885506348815,2018
"stress_unsmoothed","8327",2019,81.7,75.8092170378285,2018
"stress_unsmoothed","8335",2019,62.4,74.840237459635,2018
"stress_unsmoothed","8337",2019,82.2,80.2450762147133,2018
"stress_unsmoothed","8415",2019,63.8,74.2485923747431,2018
"stress_unsmoothed","8416",2019,73.6,84.4610398702246,2018
"stress_unsmoothed","8417",2019,59.4,76.1934582244166,2018
"stress_unsmoothed","8425",2019,76.4,82.9994542327632,2018
"stress_unsmoothed","8426",2019,83.2,86.9500378046328,2018
"stress_unsmoothed","8435",2019,85,82.6551485249384,2018
"stress_unsmoothed","8436",2019,77.2,84.561498274908,2018
"stress_unsmoothed","8437",2019,82.9,86.5165317484278,2018
"stress_unsmoothed","9171",2019,85.1,74.5866173922701,2018
"stress_unsmoothed","9172",2019,74,65.8236887444177,2018
"stress_unsmoothed","9174",2019,86.1,82.3867519380974,2018
"stress_unsmoothed","9175",2019,89.6,82.1096341737347,2018
"stress_unsmoothed","9176",2019,76.5,76.3420755791708,2018
"stress_unsmoothed","9177",2019,86.2,84.7837294340815,2018
"stress_unsmoothed","9178",2019,78.5,74.7783987898869,2018
"stress_unsmoothed","9179",2019,89.1,84.4145962259572,2018
"stress_unsmoothed","9181",2019,86,85.0818495583224,2018
"stress_unsmoothed","9183",2019,83.3,79.3622102494907,2018
"stress_unsmoothed","9184",2019,69.5,65.0699984572268,2018
"stress_unsmoothed","9185",2019,79.9,83.9618916876324,2018
"stress_unsmoothed","9186",2019,69.7,73.1635010708083,2018
"stress_unsmoothed","9187",2019,56,70.0182547444287,2018
"stress_unsmoothed","9188",2019,47.3,72.2205917629569,2018
"stress_unsmoothed","9189",2019,81.1,78.0375116946472,2018
"stress_unsmoothed","9190",2019,54.8,67.4706610593921,2018
"stress_unsmoothed","9271",2019,88.1,80.0548303314986,2018
"stress_unsmoothed","9273",2019,81.8,78.5165308062284,2018
"stress_unsmoothed","9274",2019,83.2,76.9868173341257,2018
"stress_unsmoothed","9275",2019,87.2,77.1794513879323,2018
"stress_unsmoothed","9277",2019,81.7,75.2023693690571,2018
"stress_unsmoothed","9278",2019,87.8,75.3750110598258,2018
"stress_unsmoothed","9279",2019,85.2,75.5226836493179,2018
"stress_unsmoothed","9371",2019,64.1,68.1144793116897,2018
"stress_unsmoothed","9372",2019,67.1,63.0798102439463,2018
"stress_unsmoothed","9373",2019,71.7,71.9874213778772,2018
"stress_unsmoothed","9374",2019,71,59.5475017277643,2018
"stress_unsmoothed","9375",2019,79.9,75.1517042084038,2018
"stress_unsmoothed","9376",2019,65.8,61.4996593957467,2018
"stress_unsmoothed","9377",2019,72.9,69.9082691334441,2018
"stress_unsmoothed","9471",2019,61.1,55.7078740595485,2018
"stress_unsmoothed","9472",2019,64,63.0086272654789,2018
"stress_unsmoothed","9473",2019,61.7,64.6216816983162,2018
"stress_unsmoothed","9474",2019,59.4,70.2781085047528,2018
"stress_unsmoothed","9475",2019,41.1,55.2944934107156,2018
"stress_unsmoothed","9476",2019,47.2,52.5056840218199,2018
"stress_unsmoothed","9477",2019,57.4,55.6527164554315,2018
"stress_unsmoothed","9478",2019,60.1,55.3538283285114,2018
"stress_unsmoothed","9479",2019,43.1,69.2573206449261,2018
"stress_unsmoothed","9563",2019,66.2,66.2807572725402,2018
"stress_unsmoothed","9571",2019,71.4,73.1282170763333,2018
"stress_unsmoothed","9572",2019,65.3,58.908767481708,2018
"stress_unsmoothed","9573",2019,65.8,63.8249152045505,2018
"stress_unsmoothed","9574",2019,55.9,55.2970676625933,2018
"stress_unsmoothed","9575",2019,70.7,70.7049477936346,2018
"stress_unsmoothed","9576",2019,61.9,66.6257179733708,2018
"stress_unsmoothed","9577",2019,74.3,81.1076414579438,2018
"stress_unsmoothed","9671",2019,65.9,69.9078662388882,2018
"stress_unsmoothed","9672",2019,65.9,64.5726862846145,2018
"stress_unsmoothed","9673",2019,65.2,62.6333909750598,2018
"stress_unsmoothed","9674",2019,61.9,56.6403920232764,2018
"stress_unsmoothed","9675",2019,66.3,62.6892432310391,2018
"stress_unsmoothed","9676",2019,87.7,81.24528632666,2018
"stress_unsmoothed","9677",2019,63.6,69.7195974445102,2018
"stress_unsmoothed","9678",2019,68.2,65.9903722749554,2018
"stress_unsmoothed","9679",2019,73.5,71.4222419614962,2018
"stress_unsmoothed","9771",2019,89.4,84.9450849575438,2018
"stress_unsmoothed","9772",2019,83,81.1494320250051,2018
"stress_unsmoothed","9773",2019,82.4,83.5125432104581,2018
"stress_unsmoothed","9774",2019,84.1,85.2663835171341,2018
"stress_unsmoothed","9775",2019,81.4,85.2821275227235,2018
"stress_unsmoothed","9777",2019,91,91.8883253881502,2018
"stress_unsmoothed","9778",2019,89.5,93.6575469070743,2018
"stress_unsmoothed","9779",2019,82.8,82.7503254673931,2018
"stress_no_region","1003",2019,85.7,78.1473298161566,2018
"stress_no_region","10042",2019,68.3,71.8604926018373,2018
"stress_no_region","10044",2019,64.8,79.0334391160665,2018
"stress_no_region","1051",2019,88.9,80.9715948100023,2018
"stress_no_region","1053",2019,84.9,73.3105365595346,2018
"stress_no_region","1054",2019,90.2,78.4829755638484,2018
"stress_no_region","1055",2019,95.9,82.8440685979508,2018
"stress_no_region","1056",2019,79.7,77.2966222559789,2018
"stress_no_region","1057",2019,89.9,76.7786469797652,2018
"stress_no_region","1058",2019,90.8,82.2696854313017,2018
"stress_no_region","1059",2019,87.4,82.8171791276472,2018
"stress_no_region","1060",2019,82.8,66.7638482681885,2018
"stress_no_region","1061",2019,78.6,75.5387674642045,2018
"stress_no_region","1062",2019,87,73.3628275302391,2018
"stress_no_region","12060",2019,50.5,52.9612427076729,2018
"stress_no_region","12061",2019,46,53.9292855480677,2018
"stress_no_region","12062",2019,53.2,59.7113766959643,2018
"stress_no_region","12063",2019,48.6,63.4731838190489,2018
"stress_no_region","12064",2019,62.1,62.1846301956816,2018
"stress_no_region","12065",2019,47.2,56.029125537121,2018
"stress_no_region","12066",2019,43,50.666713341229,2018
"stress_no_region","12067",2019,51.9,58.9304214573582,2018
"stress_no_region","12068",2019,47.5,61.1350012091441,2018
"stress_no_region","12069",2019,44.4,56.2650458493611,2018
"stress_no_region","12070",2019,49.7,61.1928915852418,2018
"stress_no_region","12071",2019,39,47.0699879450758,2018
"stress_no_region","12072",2019,55.2,57.7987490342152,2018
"stress_no_region","12073",2019,62.3,62.8184777357957,2018
"stress_no_region","13071",2019,71.9,66.2666103678131,2018
"stress_no_region","13072",2019,78.8,65.8740144945751,2018
"stress_no_region","13073",2019,88.9,73.4506779952384,2018
"stress_no_region","13074",2019,86.2,67.5867669264003,2018
"stress_no_region","13075",2019,74.5,66.5149713876359,2018
"stress_no_region","13076",2019,59.9,58.8123541333869,2018
"stress_no_region","14511",2019,68.9,74.3863788350829,2018
"stress_no_region","14521",2019,67.1,70.5881988822688,2018
"stress_no_region","14522",2019,80.2,76.2058863146958,2018
"stress_no_region","14523",2019,55.1,65.5195122457858,2018
"stress_no_region","14524",2019,77.1,71.6751007333709,2018
"stress_no_region","14612",2019,77,73.0144617156404,2018
"stress_no_region","14625",2019,70.7,63.7894807608938,2018
"stress_no_region","14626",2019,75.3,66.3243867557124,2018
"stress_no_region","14627",2019,71.4,70.4408383543228,2018
"stress_no_region","14628",2019,72.9,69.2293855559301,2018
"stress_no_region","14713",2019,66.4,72.0345154286002,2018
"stress_no_region","14729",2019,68.8,67.4087583133682,2018
"stress_no_region","14730",2019,61.4,66.1408585166332,2018
"stress_no_region","15003",2019,67.5,71.8005824178939,2018
"stress_no_region","15081",2019,57.5,56.7550970632016,2018
"stress_no_region","15082",2019,47.7,58.0929935446158,2018
"stress_no_region","15083",2019,73.1,72.8778017789251,2018
"stress_no_region","15084",2019,63.5,75.641038035011,2018
"stress_no_region","15085",2019,73.4,72.2599681632687,2018
"stress_no_region","15086",2019,53.8,62.8881823839703,2018
"stress_no_region","15087",2019,62.3,66.4722100429418,2018
"stress_no_region","15088",2019,51.5,67.5067316438922,2018
"stress_no_region","15089",2019,56.1,62.8447012938933,2018
"stress_no_region","15090",2019,52.6,60.0826427717471,2018
"stress_no_region","15091",2019,53.5,57.5428163287066,2018
"stress_no_region","16051",2019,59.2,68.2212377851773,2018
"stress_no_region","16052",2019,88.7,81.3687590684629,2018
"stress_no_region","16056",2019,70.6,66.280230097053,2018
"stress_no_region","16061",2019,82.2,70.0866376014722,2018
"stress_no_region","16062",2019,78,68.3051353059442,2018
"stress_no_region","16063",2019,72.8,66.9317700523449,2018
"stress_no_region","16064",2019,75.9,73.0022303559082,2018
"stress_no_region","16065",2019,62.4,68.3883211821438,2018
"stress_no_region","16066",2019,64.8,68.2485426361229,2018
"stress_no_region","16067",2019,71.2,73.0938058232715,2018
"stress_no_region","16068",2019,50.8,63.0970090921471,2018
"stress_no_region","16069",2019,54.2,55.117399260115,2018
"stress_no_region","16070",2019,56,63.6529689276394,2018
"stress_no_region","16071",2019,65.6,67.4040571575743,2018
"stress_no_region","16072",2019,58.5,59.6111528176502,2018
"stress_no_region","16073",2019,55.3,61.5650832008099,2018
"stress_no_region","16074",2019,68,68.723492076989,2018
"stress_no_region","16075",2019,66.5,73.2917321258779,2018
"stress_no_region","16076",2019,74.3,73.2920402611282,2018
"stress_no_region","16077",2019,83.4,76.9184732453119,2018
"stress_no_region","3101",2019,83.8,67.6536598633956,2018
"stress_no_region","3102",2019,84.8,80.267093704163,2018
"stress_no_region","3103",2019,76.3,67.9590120112024,2018
"stress_no_region","3151",2019,75.5,70.4181938495124,2018
"stress_no_region","3153",2019,90.5,76.4934438611628,2018
"stress_no_region","3154",2019,82.4,73.6379939462479,2018
"stress_no_region","3155",2019,88.6,78.7950480367381,2018
"stress_no_region","3157",2019,81,77.465297497341,2018
"stress_no_region","3158",2019,90.1,75.6310819522207,2018
"stress_no_region","3159",2019,85.6,74.5999395864103,2018
"stress_no_region","3241",2019,84,77.3872947335094,2018
"stress_no_region","3251",2019,76.7,70.9750629360128,2018
"stress_no_region","3252",2019,87.4,78.4503683951343,2018
"stress_no_region","3254",2019,85,80.2686197589565,2018
"stress_no_region","3255",2019,86.9,76.2272412648451,2018
"stress_no_region","3256",2019,82.5,72.2466378814739,2018
"stress_no_region","3257",2019,87.3,79.7671113726296,2018
"stress_no_region","3351",2019,68.3,69.7242810269214,2018
"stress_no_region","3352",2019,89,72.8962176708675,2018
"stress_no_region","3353",2019,74.9,64.0108356665438,2018
"stress_no_region","3354",2019,69.4,63.5878928785835,2018
"stress_no_region","3355",2019,71.3,64.3178227228654,2018
"stress_no_region","3356",2019,81.9,69.4833954975457,2018
"stress_no_region","3357",2019,71.9,57.8225731203935,2018
"stress_no_region","3358",2019,68.4,64.9877413098013,2018
"stress_no_region","3359",2019,84.9,73.3718902138969,2018
"stress_no_region","3360",2019,72,75.1567190225849,2018
"stress_no_region","3361",2019,82.6,63.6115203872892,2018
"stress_no_region","3452",2019,96.2,76.0846946916241,2018
"stress_no_region","3453",2019,70.9,72.8632051617293,2018
"stress_no_region","3454",2019,65.4,75.1631515875127,2018
"stress_no_region","3455",2019,92.4,72.2434586967269,2018
"stress_no_region","3456",2019,72.8,76.4866517365038,2018
"stress_no_region","3457",2019,103.8,92.0253973715683,2018
"stress_no_region","3458",2019,75.6,68.6469170511311,2018
"stress_no_region","3459",2019,83.4,81.1825472043609,2018
"stress_no_region","3460",2019,69.3,66.7263461664668,2018
"stress_no_region","3461",2019,89.3,73.893766255767,2018
"stress_no_region","3462",2019,82.7,67.312590578915,2018
"stress_no_region","5154",2019,89.5,82.5590059838525,2018
"stress_no_region","5158",2019,83.3,86.9450296672166,2018
"stress_no_region","5162",2019,89.3,85.5111089322717,2018
"stress_no_region","5166",2019,85.3,84.883336190396,2018
"stress_no_region","5170",2019,77.7,80.530964525037,2018
"stress_no_region","5334",2019,100.6,93.0672403467021,2018
"stress_no_region","5358",2019,86.9,83.7479999803378,2018
"stress_no_region","5362",2019,88.9,84.1063586473995,2018
"stress_no_region","5366",2019,78.6,81.1401937743358,2018
"stress_no_region","5370",2019,90,86.2070924247331,2018
"stress_no_region","5382",2019,86.3,81.9777670331231,2018
"stress_no_region","5515",2019,85.1,83.558339311383,2018
"stress_no_region","5554",2019,80.7,83.046456458127,2018
"stress_no_region","5558",2019,75.8,81.1817928297734,2018
"stress_no_region","5562",2019,78.8,76.7909357854557,2018
"stress_no_region","5566",2019,71.1,75.1723969694391,2018
"stress_no_region","5570",2019,72.5,76.8206271844123,2018
"stress_no_region","5711",2019,77.4,77.5909363774325,2018
"stress_no_region","5754",2019,64.7,67.5936688322159,2018
"stress_no_region","5758",2019,86.3,82.1949704434385,2018
"stress_no_region","5762",2019,82.7,77.6174803485638,2018
"stress_no_region","5766",2019,83.1,76.6449158136615,2018
"stress_no_region","5770",2019,81.6,79.0549338688813,2018
"stress_no_region","5774",2019,73,68.8570127420329,2018
"stress_no_region","5915",2019,88.8,84.4557551618181,2018
"stress_no_region","5958",2019,80.5,74.9188432039521,2018
"stress_no_region","5962",2019,68.1,71.8621313982688,2018
"stress_no_region","5974",2019,84.7,82.4927007477702,2018
"stress_no_region","5978",2019,78,80.0540809847,2018
"stress_no_region","6412",2019,81.7,78.3564882883495,2018
"stress_no_region","6432",2019,71.7,71.9837041516521,2018
"stress_no_region","6433",2019,74.2,73.6402075167798,2018
"stress_no_region","6434",2019,78.7,76.2405168996448,2018
"stress_no_region","6435",2019,78.6,73.6110780368589,2018
"stress_no_region","6437",2019,76.9,74.1888137393126,2018
"stress_no_region","6439",2019,77.4,71.8304467540742,2018
"stress_no_region","6440",2019,82.6,78.522138182442,2018
"stress_no_region","6531",2019,76,71.9867469896555,2018
"stress_no_region","6533",2019,76.3,75.0165306736889,2018
"stress_no_region","6534",2019,76.8,73.2759270244337,2018
"stress_no_region","6535",2019,75.9,74.6182589295714,2018
"stress_no_region","6631",2019,79.4,74.7293386768211,2018
"stress_no_region","6632",2019,72.9,68.3345589015615,2018
"stress_no_region","6633",2019,78.2,74.0183353536889,2018
"stress_no_region","6634",2019,80.8,73.2487664331839,2018
"stress_no_region","6635",2019,78.7,73.780760700527,2018
"stress_no_region","6636",2019,75.8,72.3744624393686,2018
"stress_no_region","7132",2019,47.2,74.3428098775174,2018
"stress_no_region","7133",2019,70.4,77.0888066910774,2018
"stress_no_region","7135",2019,81.4,72.9241743509209,2018
"stress_no_region","7137",2019,75.4,79.223368470921,2018
"stress_no_region","7140",2019,85.8,80.4426938228243,2018
"stress_no_region","7141",2019,81.4,75.998018584846,2018
"stress_no_region","7143",2019,72.3,66.7395389371454,2018
"stress_no_region","7231",2019,77.3,73.4121361911692,2018
"stress_no_region","7232",2019,74.8,72.0816341592397,2018
"stress_no_region","7233",2019,65.7,68.7091552307885,2018
"stress_no_region","7235",2019,71.6,82.7852111251084,2018
"stress_no_region","7331",2019,68,79.5203253462254,2018
"stress_no_region","7332",2019,69.7,77.4347756397034,2018
"stress_no_region","7333",2019,72.8,77.0427153588304,2018
"stress_no_region","7334",2019,74.4,71.5646780019516,2018
"stress_no_region","7336",2019,69.8,71.3387111315843,2018
"stress_no_region","7337",2019,82.6,80.4215837645437,2018
"stress_no_region","7338",2019,76.5,75.8636693956369,2018
"stress_no_region","7339",2019,70.7,76.7656005910802,2018
"stress_no_region","7340",2019,57.2,75.7139228133185,2018
"stress_no_region","8115",2019,83.3,84.2025161318489,2018
"stress_no_region","8116",2019,79.4,75.3299486913845,2018
"stress_no_region","8117",2019,79,79.2416579000093,2018
"stress_no_region","8118",2019,76,73.4549888746157,2018
"stress_no_region","8119",2019,75.5,71.3363209476723,2018
"stress_no_region","8125",2019,79.1,75.1922619919717,2018
"stress_no_region","8126",2019,74.9,70.602793649407,2018
"stress_no_region","8127",2019,82.5,73.9049317017181,2018
"stress_no_region","8128",2019,68.5,70.3439486734907,2018
"stress_no_region","8135",2019,63.3,77.8084955914399,2018
"stress_no_region","8136",2019,77.7,78.2091966819515,2018
"stress_no_region","8215",2019,71.7,70.7314721337313,2018
"stress_no_region","8216",2019,72.4,71.6146779504434,2018
"stress_no_region","8225",2019,70.1,67.9665379216827,2018
"stress_no_region","8226",2019,77.8,76.8963631074033,2018
"stress_no_region","8236",2019,76.7,80.3747717159684,2018
"stress_no_region","8237",2019,85.5,82.0995357054061,2018
"stress_no_region","8315",2019,87.6,82.5032834491036,2018
"stress_no_region","8316",2019,80.7,84.4002584893725,2018
"stress_no_region","8317",2019,80.4,79.4482361291827,2018
"stress_no_region","8325",2019,73.7,80.8090376576789,2018
"stress_no_region","8326",2019,73.1,78.7884137777131,2018
"stress_no_region","8327",2019,81.7,74.7656219674491,2018
"stress_no_region","8335",2019,62.4,74.3302715093252,2018
"stress_no_region","8337",2019,82.2,78.8737064732019,2018
"stress_no_region","8415",2019,63.8,73.9864196363858,2018
"stress_no_region","8416",2019,73.6,84.3708179396092,2018
"stress_no_region","8417",2019,59.4,75.5421370655705,2018
"stress_no_region","8425",2019,76.4,81.5425463122211,2018
"stress_no_region","8426",2019,83.2,85.6766369730839,2018
"stress_no_region","8435",2019,85,82.7483178852376,2018
"stress_no_region","8436",2019,77.2,84.0523885644181,2018
"stress_no_region","8437",2019,82.9,85.3238295998068,2018
"stress_no_region","9171",2019,85.1,71.8124820563657,2018
"stress_no_region","9172",2019,74,62.6777254414559,2018
"stress_no_region","9174",2019,86.1,81.1641702415739,2018
"stress_no_region","9175",2019,89.6,79.4989895992834,2018
"stress_no_region","9176",2019,76.5,75.0462781855556,2018
"stress_no_region","9177",2019,86.2,82.8736926018745,2018
"stress_no_region","9178",2019,78.5,74.4759982248631,2018
"stress_no_region","9179",2019,89.1,82.6248700528593,2018
"stress_no_region","9181",2019,86,83.4532221952871,2018
"stress_no_region","9183",2019,83.3,76.3123859667923,2018
"stress_no_region","9184",2019,69.5,64.1581929874056,2018
"stress_no_region","9185",2019,79.9,82.9513516586722,2018
"stress_no_region","9186",2019,69.7,72.7734828239307,2018
"stress_no_region","9187",2019,56,66.2860686086067,2018
"stress_no_region","9188",2019,47.3,71.2610698320437,2018
"stress_no_region","9189",2019,81.1,72.1327047021907,2018
"stress_no_region","9190",2019,54.8,66.9148158151124,2018
"stress_no_region","9271",2019,88.1,78.7547122229651,2018
"stress_no_region","9273",2019,81.8,77.912756629549,2018
"stress_no_region","9274",2019,83.2,75.7195559567849,2018
"stress_no_region","9275",2019,87.2,75.6987591224523,2018
"stress_no_region","9277",2019,81.7,73.2249729556283,2018
"stress_no_region","9278",2019,87.8,74.8275302752766,2018
"stress_no_region","9279",2019,85.2,75.0227025847788,2018
"stress_no_region","9371",2019,64.1,68.7480120256743,2018
"stress_no_region","9372",2019,67.1,61.7171293703295,2018
"stress_no_region","9373",2019,71.7,70.5141013376288,2018
"stress_no_region","9374",2019,71,61.4194998582151,2018
"stress_no_region","9375",2019,79.9,74.7350808226587,2018
"stress_no_region","9376",2019,65.8,62.2403597374627,2018
"stress_no_region","9377",2019,72.9,71.8492550677489,2018
"stress_no_region","9471",2019,61.1,59.0896182184569,2018
"stress_no_region","9472",2019,64,65.9332765818477,2018
"stress_no_region","9473",2019,61.7,67.9007334107198,2018
"stress_no_region","9474",2019,59.4,71.9200525690301,2018
"stress_no_region","9475",2019,41.1,56.1086634809836,2018
"stress_no_region","9476",2019,47.2,55.7734275348857,2018
"stress_no_region","9477",2019,57.4,58.5176906160765,2018
"stress_no_region","9478",2019,60.1,59.1135898404984,2018
"stress_no_region","9479",2019,43.1,70.8272642881352,2018
"stress_no_region","9563",2019,66.2,66.4993471267616,2018
"stress_no_region","9571",2019,71.4,72.7976299862969,2018
"stress_no_region","9572",2019,65.3,60.6200433797615,2018
"stress_no_region","9573",2019,65.8,63.717957578348,2018
"stress_no_region","9574",2019,55.9,54.6501363549925,2018
"stress_no_region","9575",2019,70.7,72.182210664652,2018
"stress_no_region","9576",2019,61.9,65.4187746767451,2018
"stress_no_region","9577",2019,74.3,78.8936400895663,2018
"stress_no_region","9671",2019,65.9,73.4053934095684,2018
"stress_no_region","9672",2019,65.9,67.7348255582439,2018
"stress_no_region","9673",2019,65.2,65.4822980073761,2018
"stress_no_region","9674",2019,61.9,59.7035400857044,2018
"stress_no_region","9675",2019,66.3,65.3093537643016,2018
"stress_no_region","9676",2019,87.7,83.3790975013038,2018
"stress_no_region","9677",2019,63.6,72.3648434990874,2018
"stress_no_region","9678",2019,68.2,68.6486803722547,2018
"stress_no_region","9679",2019,73.5,73.6763130052962,2018
"stress_no_region","9771",2019,89.4,83.6738916287988,2018
"stress_no_region","9772",2019,83,80.0629434790738,2018
"stress_no_region","9773",2019,82.4,82.8383581811921,2018
"stress_no_region","9774",2019,84.1,84.1259589966434,2018
"stress_no_region","9775",2019,81.4,83.9427910650973,2018
"stress_no_region","9777",2019,91,89.0334174096845,2018
"stress_no_region","9778",2019,89.5,91.2269261963666,2018
"stress_no_region","9779",2019,82.8,81.272843384003,2018
"gam","1003",2019,85.7,91.143952565558,2018
"gam","10042",2019,68.3,65.1670179319269,2018
"gam","10044",2019,64.8,64.2549242302591,2018
"gam","1051",2019,88.9,92.6384097858536,2018
"gam","1053",2019,84.9,88.6885354447334,2018
"gam","1054",2019,90.2,91.7505492647409,2018
"gam","1055",2019,95.9,97.8619865845068,2018
"gam","1056",2019,79.7,88.0558245252171,2018
"gam","1057",2019,89.9,93.1523780868045,2018
"gam","1058",2019,90.8,95.055120099815,2018
"gam","1059",2019,87.4,97.2952230423243,2018
"gam","1060",2019,82.8,86.3332116862331,2018
"gam","1061",2019,78.6,90.7549434996802,2018
"gam","1062",2019,87,88.1199910172567,2018
"gam","12060",2019,50.5,51.380867814132,2018
"gam","12061",2019,46,48.706208402823,2018
"gam","12062",2019,53.2,53.9706968190549,2018
"gam","12063",2019,48.6,63.4395899290445,2018
"gam","12064",2019,62.1,62.0803329561689,2018
"gam","12065",2019,47.2,57.879069913509,2018
"gam","12066",2019,43,38.7448222329508,2018
"gam","12067",2019,51.9,56.8346085049851,2018
"gam","12068",2019,47.5,63.6788067631643,2018
"gam","12069",2019,44.4,62.5408697255404,2018
"gam","12070",2019,49.7,64.7768776408921,2018
"gam","12071",2019,39,35.084951424924,2018
"gam","12072",2019,55.2,63.9103144372546,2018
"gam","12073",2019,62.3,73.0663363709277,2018
"gam","13071",2019,71.9,74.4068666737979,2018
"gam","13072",2019,78.8,75.5875367238436,2018
"gam","13073",2019,88.9,83.2689737633058,2018
"gam","13074",2019,86.2,83.1836947901234,2018
"gam","13075",2019,74.5,77.168593518374,2018
"gam","13076",2019,59.9,67.0141060131163,2018
"gam","14511",2019,68.9,82.4194522897446,2018
"gam","14521",2019,67.1,78.6939518946727,2018
"gam","14522",2019,80.2,82.6418819820627,2018
"gam","14523",2019,55.1,66.4940898055321,2018
"gam","14524",2019,77.1,75.6548997554202,2018
"gam","14612",2019,77,75.7830349800027,2018
"gam","14625",2019,70.7,68.3108635545749,2018
"gam","14626",2019,75.3,73.2164050143459,2018
"gam","14627",2019,71.4,72.3942382469677,2018
"gam","14628",2019,72.9,74.9186494583613,2018
"gam","14713",2019,66.4,74.8637924224517,2018
"gam","14729",2019,68.8,72.397156876981,2018
"gam","14730",2019,61.4,69.227191787144,2018
"gam","15003",2019,67.5,86.9088063122607,2018
"gam","15081",2019,57.5,63.3223421702087,2018
"gam","15082",2019,47.7,64.6677223026329,2018
"gam","15083",2019,73.1,82.0731688301912,2018
"gam","15084",2019,63.5,82.9064361217534,2018
"gam","15085",2019,73.4,77.14650534327,2018
"gam","15086",2019,53.8,62.5607127488092,2018
"gam","15087",2019,62.3,73.1885926566935,2018
"gam","15088",2019,51.5,78.8753717139198,2018
"gam","15089",2019,56.1,71.4451828829739,2018
"gam","15090",2019,52.6,64.5429098116901,2018
"gam","15091",2019,53.5,61.3079783903379,2018
"gam","16051",2019,59.2,71.7741710424194,2018
"gam","16052",2019,88.7,91.1107998236337,2018
"gam","16056",2019,70.6,71.6374301938889,2018
"gam","16061",2019,82.2,80.0675451539657,2018
"gam","16062",2019,78,76.2003138864697,2018
"gam","16063",2019,72.8,70.5692206988753,2018
"gam","16064",2019,75.9,78.8928987707543,2018
"gam","16065",2019,62.4,72.4779684726119,2018
"gam","16066",2019,64.8,66.7745857328416,2018
"gam","16067",2019,71.2,75.2104865180108,2018
"gam","16068",2019,50.8,65.8630760129554,2018
"gam","16069",2019,54.2,52.0701947118055,2018
"gam","16070",2019,56,64.4948283952479,2018
"gam","16071",2019,65.6,76.5234508537765,2018
"gam","16072",2019,58.5,62.8649763062622,2018
"gam","16073",2019,55.3,64.5312474164035,2018
"gam","16074",2019,68,75.5735953032852,2018
"gam","16075",2019,66.5,79.6335466394142,2018
"gam","16076",2019,74.3,81.2927484460455,2018
"gam","16077",2019,83.4,86.6523722646357,2018
"gam","3101",2019,83.8,78.1217412420104,2018
"gam","3102",2019,84.8,87.4894076903163,2018
"gam","3103",2019,76.3,73.2204242944093,2018
"gam","3151",2019,75.5,78.5682390409627,2018
"gam","3153",2019,90.5,84.0294674103539,2018
"gam","3154",2019,82.4,79.0594597140691,2018
"gam","3155",2019,88.6,84.3536117662825,2018
"gam","3157",2019,81,84.8753661199127,2018
"gam","3158",2019,90.1,82.3139761419731,2018
"gam","3159",2019,85.6,82.6886368158348,2018
"gam","3241",2019,84,81.5761183080317,2018
"gam","3251",2019,76.7,76.7197618705031,2018
"gam","3252",2019,87.4,82.8614861659073,2018
"gam","3254",2019,85,85.6813143113308,2018
"gam","3255",2019,86.9,82.6102971357284,2018
"gam","3256",2019,82.5,76.5887332985359,2018
"gam","3257",2019,87.3,85.3364223689308,2018
"gam","3351",2019,68.3,76.2625019809766,2018
"gam","3352",2019,89,80.3369662151535,2018
"gam","3353",2019,74.9,73.4234455873453,2018
"gam","3354",2019,69.4,76.2269089373157,2018
"gam","3355",2019,71.3,74.8933649061665,2018
"gam","3356",2019,81.9,73.6324296210206,2018
"gam","3357",2019,71.9,69.3045199681067,2018
"gam","3358",2019,68.4,73.7628283071305,2018
"gam","3359",2019,84.9,80.177444732995,2018
"gam","3360",2019,72,81.7818780995023,2018
"gam","3361",2019,82.6,72.9839413427594,2018
"gam","3452",2019,96.2,85.640281394307,2018
"gam","3453",2019,70.9,73.3634267923814,2018
"gam","3454",2019,65.4,70.861060301779,2018
"gam","3455",2019,92.4,83.2566057819965,2018
"gam","3456",2019,72.8,71.8863599026827,2018
"gam","3457",2019,103.8,92.6009566052938,2018
"gam","3458",2019,75.6,74.1098117337464,2018
"gam","3459",2019,83.4,80.5364245103738,2018
"gam","3460",2019,69.3,73.3962611859004,2018
"gam","3461",2019,89.3,82.9885421766239,2018
"gam","3462",2019,82.7,76.6382160206924,2018
"gam","5154",2019,89.5,83.3045648117445,2018
"gam","5158",2019,83.3,80.0050832345026,2018
"gam","5162",2019,89.3,80.1892479364651,2018
"gam","5166",2019,85.3,81.263761477102,2018
"gam","5170",2019,77.7,77.0781155595377,2018
"gam","5334",2019,100.6,92.9024527986321,2018
"gam","5358",2019,86.9,81.6021694079572,2018
"gam","5362",2019,88.9,81.4350686963839,2018
"gam","5366",2019,78.6,73.9319223752321,2018
"gam","5370",2019,90,83.9830260423891,2018
"gam","5382",2019,86.3,72.6825772258647,2018
"gam","5515",2019,85.1,79.5821824000724,2018
"gam","5554",2019,80.7,79.2660256440523,2018
"gam","5558",2019,75.8,81.1275387092023,2018
"gam","5562",2019,78.8,76.8800358375102,2018
"gam","5566",2019,71.1,67.4620093343066,2018
"gam","5570",2019,72.5,76.5981381676131,2018
"gam","5711",2019,77.4,78.7804102526725,2018
"gam","5754",2019,64.7,73.1404696167374,2018
"gam","5758",2019,86.3,86.3539516504964,2018
"gam","5762",2019,82.7,82.3712261979303,2018
"gam","5766",2019,83.1,81.5791514145835,2018
"gam","5770",2019,81.6,80.7726818428457,2018
"gam","5774",2019,73,74.2600277345965,2018
"gam","5915",2019,88.8,85.3037370553869,2018
"gam","5958",2019,80.5,79.3563057480908,2018
"gam","5962",2019,68.1,74.3447222760922,2018
"gam","5974",2019,84.7,85.8472918430723,2018
"gam","5978",2019,78,82.2901165325788,2018
"gam","6412",2019,81.7,78.9163969521953,2018
"gam","6432",2019,71.7,68.8257001944626,2018
"gam","6433",2019,74.2,70.8250017563782,2018
"gam","6434",2019,78.7,74.6431796160023,2018
"gam","6435",2019,78.6,74.7585995918547,2018
"gam","6437",2019,76.9,76.7199045793387,2018
"gam","6439",2019,77.4,69.6700303320935,2018
"gam","6440",2019,82.6,80.0912794781549,2018
"gam","6531",2019,76,73.5240610151838,2018
"gam","6533",2019,76.3,71.7772189303735,2018
"gam","6534",2019,76.8,73.3430273987946,2018
"gam","6535",2019,75.9,70.8890116723988,2018
"gam","6631",2019,79.4,73.3252208280921,2018
"gam","6632",2019,72.9,67.8846204250059,2018
"gam","6633",2019,78.2,78.3304497177386,2018
"gam","6634",2019,80.8,75.1278609149627,2018
"gam","6635",2019,78.7,75.9399140898417,2018
"gam","6636",2019,75.8,72.466113376961,2018
"gam","7132",2019,47.2,71.6248607766007,2018
"gam","7133",2019,70.4,68.3739659778574,2018
"gam","7135",2019,81.4,71.8347634171492,2018
"gam","7137",2019,75.4,70.4286547762658,2018
"gam","7140",2019,85.8,76.244339136142,2018
"gam","7141",2019,81.4,70.8405752530803,2018
"gam","7143",2019,72.3,64.0301318761687,2018
"gam","7231",2019,77.3,64.9518206499021,2018
"gam","7232",2019,74.8,65.003208736455,2018
"gam","7233",2019,65.7,62.8334437630106,2018
"gam","7235",2019,71.6,73.6109609165316,2018
"gam","7331",2019,68,71.7390825900534,2018
"gam","7332",2019,69.7,67.1336515490588,2018
"gam","7333",2019,72.8,68.4944450223198,2018
"gam","7334",2019,74.4,67.1646786481494,2018
"gam","7336",2019,69.8,58.859844686925,2018
"gam","7337",2019,82.6,76.4303140597887,2018
"gam","7338",2019,76.5,69.7837527466016,2018
"gam","7339",2019,70.7,70.6080551473324,2018
"gam","7340",2019,57.2,67.3443308856923,2018
"gam","8115",2019,83.3,85.1463783308309,2018
"gam","8116",2019,79.4,69.8009722472589,2018
"gam","8117",2019,79,76.742116893589,2018
"gam","8118",2019,76,73.8716122874875,2018
"gam","8119",2019,75.5,69.7350288698169,2018
"gam","8125",2019,79.1,77.2633494187165,2018
"gam","8126",2019,74.9,71.9942142562152,2018
"gam","8127",2019,82.5,78.8807199675611,2018
"gam","8128",2019,68.5,64.1749798149134,2018
"gam","8135",2019,63.3,66.7970894850794,2018
"gam","8136",2019,77.7,80.3489400005413,2018
"gam","8215",2019,71.7,68.4627755132433,2018
"gam","8216",2019,72.4,70.3123602961452,2018
"gam","8225",2019,70.1,66.7937001699818,2018
"gam","8226",2019,77.8,72.069069704758,2018
"gam","8236",2019,76.7,76.8881664935381,2018
"gam","8237",2019,85.5,83.8827281484302,2018
"gam","8315",2019,87.6,86.1373879375594,2018
"gam","8316",2019,80.7,81.0709351306243,2018
"gam","8317",2019,80.4,81.3229781005222,2018
"gam","8325",2019,73.7,77.3049625230431,2018
"gam","8326",2019,73.1,78.3176600680736,2018
"gam","8327",2019,81.7,71.1275385871169,2018
"gam","8335",2019,62.4,62.6967766461768,2018
"gam","8337",2019,82.2,75.2067112226665,2018
"gam","8415",2019,63.8,63.10051788223,2018
"gam","8416",2019,73.6,74.0735364538172,2018
"gam","8417",2019,59.4,65.7879904478753,2018
"gam","8425",2019,76.4,81.2708425236195,2018
"gam","8426",2019,83.2,86.3890701518651,2018
"gam","8435",2019,85,83.0491763241242,2018
"gam","8436",2019,77.2,83.8776280531917,2018
"gam","8437",2019,82.9,86.8319141679214,2018
"gam","9171",2019,85.1,74.4863436680369,2018
"gam","9172",2019,74,59.2125719815796,2018
"gam","9174",2019,86.1,80.4190023592659,2018
"gam","9175",2019,89.6,74.3565958192821,2018
"gam","9176",2019,76.5,75.0490227138981,2018
"gam","9177",2019,86.2,81.2664656221868,2018
"gam","9178",2019,78.5,75.4091270412916,2018
"gam","9179",2019,89.1,80.7075444501996,2018
"gam","9181",2019,86,83.4916985669172,2018
"gam","9183",2019,83.3,75.7598822257637,2018
"gam","9184",2019,69.5,60.7442898110921,2018
"gam","9185",2019,79.9,76.4081886780677,2018
"gam","9186",2019,69.7,74.744626702281,2018
"gam","9187",2019,56,60.2966971106152,2018
"gam","9188",2019,47.3,66.5973147360764,2018
"gam","9189",2019,81.1,73.1713055403235,2018
"gam","9190",2019,54.8,70.8386119965224,2018
"gam","9271",2019,88.1,78.2688346411152,2018
"gam","9273",2019,81.8,78.5629869823972,2018
"gam","9274",2019,83.2,77.0432869093703,2018
"gam","9275",2019,87.2,71.9845279818937,2018
"gam","9277",2019,81.7,72.7429590122019,2018
"gam","9278",2019,87.8,78.5675405105453,2018
"gam","9279",2019,85.2,77.3165768163199,2018
"gam","9371",2019,64.1,65.7535204371822,2018
"gam","9372",2019,67.1,65.3668933367074,2018
"gam","9373",2019,71.7,69.6165351895501,2018
"gam","9374",2019,71,66.345592463103,2018
"gam","9375",2019,79.9,75.0750198840573,2018
"gam","9376",2019,65.8,66.0042629529328,2018
"gam","9377",2019,72.9,73.5938441364835,2018
"gam","9471",2019,61.1,59.4486661901765,2018
"gam","9472",2019,64,66.0294711875327,2018
"gam","9473",2019,61.7,67.0912528665626,2018
"gam","9474",2019,59.4,68.4805990592448,2018
"gam","9475",2019,41.1,61.4098777722994,2018
"gam","9476",2019,47.2,64.1836870601638,2018
"gam","9477",2019,57.4,63.8818513606008,2018
"gam","9478",2019,60.1,63.9168559792981,2018
"gam","9479",2019,43.1,69.1677578378387,2018
"gam","9563",2019,66.2,68.1373978990175,2018
"gam","9571",2019,71.4,68.8305070778936,2018
"gam","9572",2019,65.3,60.0483582567278,2018
"gam","9573",2019,65.8,63.6009284335339,2018
"gam","9574",2019,55.9,57.8375904872798,2018
"gam","9575",2019,70.7,70.0772284238155,2018
"gam","9576",2019,61.9,58.1116350297036,2018
"gam","9577",2019,74.3,74.8624453569988,2018
"gam","9671",2019,65.9,69.1966608754994,2018
"gam","9672",2019,65.9,63.5914745285744,2018
"gam","9673",2019,65.2,63.3076595264755,2018
"gam","9674",2019,61.9,56.8647415068395,2018
"gam","9675",2019,66.3,66.0982364940385,2018
"gam","9676",2019,87.7,84.6130785596406,2018
"gam","9677",2019,63.6,68.1867515604531,2018
"gam","9678",2019,68.2,64.8324435428903,2018
"gam","9679",2019,73.5,73.2413190849237,2018
"gam","9771",2019,89.4,87.1810768775439,2018
"gam","9772",2019,83,79.4539310316154,2018
"gam","9773",2019,82.4,80.75112176146,2018
"gam","9774",2019,84.1,81.6351745767938,2018
"gam","9775",2019,81.4,85.6669223248878,2018
"gam","9777",2019,91,81.4437989973306,2018
"gam","9778",2019,89.5,85.0447526826272,2018
"gam","9779",2019,82.8,79.6725752917249,2018
"random_forest","1003",2019,85.7,73.214363,2018
"random_forest","10042",2019,68.3,70.1994881666667,2018
"random_forest","10044",2019,64.8,70.6826566666666,2018
"random_forest","1051",2019,88.9,83.9224366666667,2018
"random_forest","1053",2019,84.9,71.7347046666667,2018
"random_forest","1054",2019,90.2,83.8212391666667,2018
"random_forest","1055",2019,95.9,81.9819206666667,2018
"random_forest","1056",2019,79.7,75.7719353333333,2018
"random_forest","1057",2019,89.9,82.2692481666667,2018
"random_forest","1058",2019,90.8,83.745524,2018
"random_forest","1059",2019,87.4,83.8167223333334,2018
"random_forest","1060",2019,82.8,75.3819966666666,2018
"random_forest","1061",2019,78.6,77.3361053333333,2018
"random_forest","1062",2019,87,73.2071788333334,2018
"random_forest","12060",2019,50.5,67.665183,2018
"random_forest","12061",2019,46,67.3480676666667,2018
"random_forest","12062",2019,53.2,68.6280896666667,2018
"random_forest","12063",2019,48.6,66.9442508333334,2018
"random_forest","12064",2019,62.1,67.3883451666667,2018
"random_forest","12065",2019,47.2,67.446303,2018
"random_forest","12066",2019,43,68.0193826666666,2018
"random_forest","12067",2019,51.9,67.2652366666666,2018
"random_forest","12068",2019,47.5,66.7234496666667,2018
"random_forest","12069",2019,44.4,67.444057,2018
"random_forest","12070",2019,49.7,66.8347923333334,2018
"random_forest","12071",2019,39,66.8751361666666,2018
"random_forest","12072",2019,55.2,68.40123,2018
"random_forest","12073",2019,62.3,70.6703456666667,2018
"random_forest","13071",2019,71.9,71.0457098333334,2018
"random_forest","13072",2019,78.8,71.7301998333334,2018
"random_forest","13073",2019,88.9,74.8192155,2018
"random_forest","13074",2019,86.2,72.8158916666667,2018
"random_forest","13075",2019,74.5,71.5622061666667,2018
"random_forest","13076",2019,59.9,71.0558081000001,2018
"random_forest","14511",2019,68.9,72.0655641666666,2018
"random_forest","14521",2019,67.1,69.4507245,2018
"random_forest","14522",2019,80.2,72.8234736666666,2018
"random_forest","14523",2019,55.1,69.6630821666667,2018
"random_forest","14524",2019,77.1,73.4002823333334,2018
"random_forest","14612",2019,77,73.9813141666667,2018
"random_forest","14625",2019,70.7,73.6582241666667,2018
"random_forest","14626",2019,75.3,72.544043,2018
"random_forest","14627",2019,71.4,74.4034986666666,2018
"random_forest","14628",2019,72.9,73.1750171666666,2018
"random_forest","14713",2019,66.4,73.7039898333334,2018
"random_forest","14729",2019,68.8,74.7133573333334,2018
"random_forest","14730",2019,61.4,73.8496506,2018
"random_forest","15003",2019,67.5,74.9325896000001,2018
"random_forest","15081",2019,57.5,75.3554314333333,2018
"random_forest","15082",2019,47.7,73.5297681666667,2018
"random_forest","15083",2019,73.1,75.6916743333334,2018
"random_forest","15084",2019,63.5,74.2426708333333,2018
"random_forest","15085",2019,73.4,76.101204,2018
"random_forest","15086",2019,53.8,74.6142052,2018
"random_forest","15087",2019,62.3,75.3784111666667,2018
"random_forest","15088",2019,51.5,74.2869706666667,2018
"random_forest","15089",2019,56.1,74.5910574333334,2018
"random_forest","15090",2019,52.6,75.4187232,2018
"random_forest","15091",2019,53.5,74.1869404333334,2018
"random_forest","16051",2019,59.2,74.7678048333333,2018
"random_forest","16052",2019,88.7,75.8018321666666,2018
"random_forest","16056",2019,70.6,75.8632805,2018
"random_forest","16061",2019,82.2,74.5631871666666,2018
"random_forest","16062",2019,78,74.8218409999999,2018
"random_forest","16063",2019,72.8,75.7714918333333,2018
"random_forest","16064",2019,75.9,76.5133333333334,2018
"random_forest","16065",2019,62.4,75.7724835,2018
"random_forest","16066",2019,64.8,73.5096751,2018
"random_forest","16067",2019,71.2,75.6743408333333,2018
"random_forest","16068",2019,50.8,74.6188281666666,2018
"random_forest","16069",2019,54.2,72.2406209333333,2018
"random_forest","16070",2019,56,75.2303602666666,2018
"random_forest","16071",2019,65.6,74.1111259999999,2018
"random_forest","16072",2019,58.5,71.1948932666666,2018
"random_forest","16073",2019,55.3,74.2408211,2018
"random_forest","16074",2019,68,74.5002941666666,2018
"random_forest","16075",2019,66.5,73.1496806666667,2018
"random_forest","16076",2019,74.3,76.5447155,2018
"random_forest","16077",2019,83.4,77.4592661666666,2018
"random_forest","3101",2019,83.8,78.6638985,2018
"random_forest","3102",2019,84.8,78.9629181666667,2018
"random_forest","3103",2019,76.3,78.65161,2018
"random_forest","3151",2019,75.5,78.5358443666667,2018
"random_forest","3153",2019,90.5,79.3510546666667,2018
"random_forest","3154",2019,82.4,78.7234198333333,2018
"random_forest","3155",2019,88.6,78.88603,2018
"random_forest","3157",2019,81,78.4266018333334,2018
"random_forest","3158",2019,90.1,78.8799586666667,2018
"random_forest","3159",2019,85.6,78.7954543333333,2018
"random_forest","3241",2019,84,78.7873425,2018
"random_forest","3251",2019,76.7,79.6969531666667,2018
"random_forest","3252",2019,87.4,78.9004175,2018
"random_forest","3254",2019,85,78.6776201666666,2018
"random_forest","3255",2019,86.9,78.2805131666666,2018
"random_forest","3256",2019,82.5,79.0118170333333,2018
"random_forest","3257",2019,87.3,78.6503238333333,2018
"random_forest","3351",2019,68.3,78.4608660333333,2018
"random_forest","3352",2019,89,80.9526293333333,2018
"random_forest","3353",2019,74.9,79.1944073333333,2018
"random_forest","3354",2019,69.4,78.1349051666667,2018
"random_forest","3355",2019,71.3,78.1096409666667,2018
"random_forest","3356",2019,81.9,79.9686718333333,2018
"random_forest","3357",2019,71.9,79.9243868333333,2018
"random_forest","3358",2019,68.4,79.1277188333333,2018
"random_forest","3359",2019,84.9,79.944399,2018
"random_forest","3360",2019,72,78.1850233666667,2018
"random_forest","3361",2019,82.6,79.3060205,2018
"random_forest","3452",2019,96.2,83.14435,2018
"random_forest","3453",2019,70.9,79.5452407666667,2018
"random_forest","3454",2019,65.4,79.4684774333333,2018
"random_forest","3455",2019,92.4,83.4953558333333,2018
"random_forest","3456",2019,72.8,78.7808741,2018
"random_forest","3457",2019,103.8,80.4422817666667,2018
"random_forest","3458",2019,75.6,80.0452887666667,2018
"random_forest","3459",2019,83.4,79.7736058333333,2018
"random_forest","3460",2019,69.3,79.2510187666666,2018
"random_forest","3461",2019,89.3,79.9293685000001,2018
"random_forest","3462",2019,82.7,83.8610571666666,2018
"random_forest","5154",2019,89.5,79.5039095333333,2018
"random_forest","5158",2019,83.3,78.9772544333334,2018
"random_forest","5162",2019,89.3,79.1261005,2018
"random_forest","5166",2019,85.3,79.2607705333333,2018
"random_forest","5170",2019,77.7,79.2813001999999,2018
"random_forest","5334",2019,100.6,80.3649596,2018
"random_forest","5358",2019,86.9,79.0760907,2018
"random_forest","5362",2019,88.9,79.5380648333333,2018
"random_forest","5366",2019,78.6,79.2862385333333,2018
"random_forest","5370",2019,90,79.4714416333333,2018
"random_forest","5382",2019,86.3,78.5467146666667,2018
"random_forest","5515",2019,85.1,79.4143646,2018
"random_forest","5554",2019,80.7,79.9952156333333,2018
"random_forest","5558",2019,75.8,79.9204169333334,2018
"random_forest","5562",2019,78.8,79.3095884333332,2018
"random_forest","5566",2019,71.1,79.3583874333333,2018
"random_forest","5570",2019,72.5,79.2599201,2018
"random_forest","5711",2019,77.4,80.2569563333332,2018
"random_forest","5754",2019,64.7,79.1977485,2018
"random_forest","5758",2019,86.3,79.5908388333333,2018
"random_forest","5762",2019,82.7,79.3764768333333,2018
"random_forest","5766",2019,83.1,79.2300266666666,2018
"random_forest","5770",2019,81.6,79.0855048333333,2018
"random_forest","5774",2019,73,78.3002256666667,2018
"random_forest","5915",2019,88.8,79.0537537666666,2018
"random_forest","5958",2019,80.5,74.3635873333334,2018
"random_forest","5962",2019,68.1,77.8237583333333,2018
"random_forest","5974",2019,84.7,78.5924326666667,2018
"random_forest","5978",2019,78,78.9130521333333,2018
"random_forest","6412",2019,81.7,77.3493703333333,2018
"random_forest","6432",2019,71.7,77.1376909999999,2018
"random_forest","6433",2019,74.2,76.464898,2018
"random_forest","6434",2019,78.7,77.0380033333333,2018
"random_forest","6435",2019,78.6,76.643409,2018
"random_forest","6437",2019,76.9,76.1711955,2018
"random_forest","6439",2019,77.4,77.7127453333333,2018
"random_forest","6440",2019,82.6,76.532483,2018
"random_forest","6531",2019,76,77.0566496666666,2018
"random_forest","6533",2019,76.3,76.4018666666667,2018
"random_forest","6534",2019,76.8,77.1876086666667,2018
"random_forest","6535",2019,75.9,76.4605426666666,2018
"random_forest","6631",2019,79.4,76.5263399999999,2018
"random_forest","6632",2019,72.9,76.4607693333333,2018
"random_forest","6633",2019,78.2,77.2748596666667,2018
"random_forest","6634",2019,80.8,77.2838043333334,2018
"random_forest","6635",2019,78.7,76.7270455,2018
"random_forest","6636",2019,75.8,76.2823513333333,2018
"random_forest","7132",2019,47.2,73.9689716666666,2018
"random_forest","7133",2019,70.4,74.08238,2018
"random_forest","7135",2019,81.4,73.9328516666667,2018
"random_forest","7137",2019,75.4,74.3885473333333,2018
"random_forest","7140",2019,85.8,73.5256866666666,2018
"random_forest","7141",2019,81.4,74.6707433333333,2018
"random_forest","7143",2019,72.3,74.117102,2018
"random_forest","7231",2019,77.3,74.00221,2018
"random_forest","7232",2019,74.8,73.7666103333332,2018
"random_forest","7233",2019,65.7,72.8485036666667,2018
"random_forest","7235",2019,71.6,73.6130946666667,2018
"random_forest","7331",2019,68,74.4824826666666,2018
"random_forest","7332",2019,69.7,73.8181943333333,2018
"random_forest","7333",2019,72.8,73.6427766666667,2018
"random_forest","7334",2019,74.4,72.6161436666667,2018
"random_forest","7336",2019,69.8,74.2981006666667,2018
"random_forest","7337",2019,82.6,73.4385426666667,2018
"random_forest","7338",2019,76.5,73.3423636666666,2018
"random_forest","7339",2019,70.7,74.6512793333333,2018
"random_forest","7340",2019,57.2,74.409634,2018
"random_forest","8115",2019,83.3,74.6306466666667,2018
"random_forest","8116",2019,79.4,75.0076033333334,2018
"random_forest","8117",2019,79,73.3164633333333,2018
"random_forest","8118",2019,76,73.9071516666667,2018
"random_forest","8119",2019,75.5,73.3182366666666,2018
"random_forest","8125",2019,79.1,73.8315,2018
"random_forest","8126",2019,74.9,73.91104,2018
"random_forest","8127",2019,82.5,74.3335266666666,2018
"random_forest","8128",2019,68.5,74.4099033333333,2018
"random_forest","8135",2019,63.3,73.74589,2018
"random_forest","8136",2019,77.7,73.3123716666667,2018
"random_forest","8215",2019,71.7,73.6648516666666,2018
"random_forest","8216",2019,72.4,72.0820466666666,2018
"random_forest","8225",2019,70.1,73.5915258333333,2018
"random_forest","8226",2019,77.8,73.5589466666666,2018
"random_forest","8236",2019,76.7,73.9668333333333,2018
"random_forest","8237",2019,85.5,72.63414,2018
"random_forest","8315",2019,87.6,74.6323793333334,2018
"random_forest","8316",2019,80.7,74.4460526666667,2018
"random_forest","8317",2019,80.4,72.9513493333333,2018
"random_forest","8325",2019,73.7,72.8908733333333,2018
"random_forest","8326",2019,73.1,72.9305866666666,2018
"random_forest","8327",2019,81.7,73.412575,2018
"random_forest","8335",2019,62.4,74.9330266666667,2018
"random_forest","8337",2019,82.2,73.6609066666667,2018
"random_forest","8415",2019,63.8,73.115475,2018
"random_forest","8416",2019,73.6,74.4164166666667,2018
"random_forest","8417",2019,59.4,73.29721,2018
"random_forest","8425",2019,76.4,74.5732316666666,2018
"random_forest","8426",2019,83.2,73.9218066666667,2018
"random_forest","8435",2019,85,74.5617866666667,2018
"random_forest","8436",2019,77.2,73.5894633333333,2018
"random_forest","8437",2019,82.9,73.4100216666666,2018
"random_forest","9171",2019,85.1,73.0535883333334,2018
"random_forest","9172",2019,74,73.1422533333334,2018
"random_forest","9174",2019,86.1,73.598465,2018
"random_forest","9175",2019,89.6,73.1041843333334,2018
"random_forest","9176",2019,76.5,73.4999691666667,2018
"random_forest","9177",2019,86.2,74.02428,2018
"random_forest","9178",2019,78.5,74.173455,2018
"random_forest","9179",2019,89.1,73.6045883333334,2018
"random_forest","9181",2019,86,74.127985,2018
"random_forest","9183",2019,83.3,73.2184083333334,2018
"random_forest","9184",2019,69.5,73.6105626666667,2018
"random_forest","9185",2019,79.9,73.7150825,2018
"random_forest","9186",2019,69.7,73.7664625,2018
"random_forest","9187",2019,56,72.7790060000001,2018
"random_forest","9188",2019,47.3,73.543081,2018
"random_forest","9189",2019,81.1,72.5525500000001,2018
"random_forest","9190",2019,54.8,73.2970233333334,2018
"random_forest","9271",2019,88.1,72.3029841666667,2018
"random_forest","9273",2019,81.8,72.7915116666667,2018
"random_forest","9274",2019,83.2,73.0049275,2018
"random_forest","9275",2019,87.2,72.8383075,2018
"random_forest","9277",2019,81.7,73.2985766666667,2018
"random_forest","9278",2019,87.8,72.8244791666667,2018
"random_forest","9279",2019,85.2,73.2488625000001,2018
"random_forest","9371",2019,64.1,70.3515825,2018
"random_forest","9372",2019,67.1,70.7530433333333,2018
"random_forest","9373",2019,71.7,71.6720783333333,2018
"random_forest","9374",2019,71,70.2993166666667,2018
"random_forest","9375",2019,79.9,72.8486975,2018
"random_forest","9376",2019,65.8,70.7222658333334,2018
"random_forest","9377",2019,72.9,70.379407,2018
"random_forest","9471",2019,61.1,72.9051633333334,2018
"random_forest","9472",2019,64,70.4064133333333,2018
"random_forest","9473",2019,61.7,72.6682593333333,2018
"random_forest","9474",2019,59.4,71.8425999999999,2018
"random_forest","9475",2019,41.1,69.8747866666666,2018
"random_forest","9476",2019,47.2,71.1290233333333,2018
"random_forest","9477",2019,57.4,71.12572,2018
"random_forest","9478",2019,60.1,72.54476,2018
"random_forest","9479",2019,43.1,68.1944016666666,2018
"random_forest","9563",2019,66.2,72.359836,2018
"random_forest","9571",2019,71.4,73.9118733333333,2018
"random_forest","9572",2019,65.3,72.2710066666667,2018
"random_forest","9573",2019,65.8,72.7488533333334,2018
"random_forest","9574",2019,55.9,71.8728025,2018
"random_forest","9575",2019,70.7,73.5183866666667,2018
"random_forest","9576",2019,61.9,73.4488591666667,2018
"random_forest","9577",2019,74.3,74.08193,2018
"random_forest","9671",2019,65.9,73.6457716666667,2018
"random_forest","9672",2019,65.9,73.8465766666667,2018
"random_forest","9673",2019,65.2,73.2840833333333,2018
"random_forest","9674",2019,61.9,74.20855,2018
"random_forest","9675",2019,66.3,73.9779826666666,2018
"random_forest","9676",2019,87.7,75.6456066666667,2018
"random_forest","9677",2019,63.6,75.1096533333334,2018
"random_forest","9678",2019,68.2,74.96675,2018
"random_forest","9679",2019,73.5,75.643691,2018
"random_forest","9771",2019,89.4,75.6307333333333,2018
"random_forest","9772",2019,83,76.3543733333333,2018
"random_forest","9773",2019,82.4,75.4578666666667,2018
"random_forest","9774",2019,84.1,76.9386033333334,2018
"random_forest","9775",2019,81.4,76.93292,2018
"random_forest","9777",2019,91,76.5846783333332,2018
"random_forest","9778",2019,89.5,76.3186466666666,2018
"random_forest","9779",2019,82.8,75.6288166666667,2018
"ensemble","1003",2019,85.7,88.3641910737716,2018
"ensemble","10042",2019,68.3,69.2168854165576,2018
"ensemble","10044",2019,64.8,70.3709950833651,2018
"ensemble","1051",2019,88.9,91.1480069542552,2018
"ensemble","1053",2019,84.9,85.8266209360671,2018
"ensemble","1054",2019,90.2,89.5611309621536,2018
"ensemble","1055",2019,95.9,95.0812427753508,2018
"ensemble","1056",2019,79.7,87.6048236612726,2018
"ensemble","1057",2019,89.9,90.1723517706856,2018
"ensemble","1058",2019,90.8,92.4710189855928,2018
"ensemble","1059",2019,87.4,93.7197360243634,2018
"ensemble","1060",2019,82.8,82.9702926578105,2018
"ensemble","1061",2019,78.6,88.7599471694295,2018
"ensemble","1062",2019,87,85.3462992262011,2018
"ensemble","12060",2019,50.5,52.1412856855581,2018
"ensemble","12061",2019,46,54.0295965288427,2018
"ensemble","12062",2019,53.2,59.4209320503308,2018
"ensemble","12063",2019,48.6,64.5753802742786,2018
"ensemble","12064",2019,62.1,64.2873948990197,2018
"ensemble","12065",2019,47.2,57.2732381667619,2018
"ensemble","12066",2019,43,45.5248663712963,2018
"ensemble","12067",2019,51.9,61.5393395632559,2018
"ensemble","12068",2019,47.5,63.279957875292,2018
"ensemble","12069",2019,44.4,64.0554322048687,2018
"ensemble","12070",2019,49.7,63.6827466406759,2018
"ensemble","12071",2019,39,42.3801363149913,2018
"ensemble","12072",2019,55.2,65.4295179966527,2018
"ensemble","12073",2019,62.3,71.2691799166927,2018
"ensemble","13071",2019,71.9,71.7301245309988,2018
"ensemble","13072",2019,78.8,73.5044277707465,2018
"ensemble","13073",2019,88.9,81.4420503219333,2018
"ensemble","13074",2019,86.2,80.6937525921764,2018
"ensemble","13075",2019,74.5,74.9329124757649,2018
"ensemble","13076",2019,59.9,65.6693819915008,2018
"ensemble","14511",2019,68.9,82.7166848187918,2018
"ensemble","14521",2019,67.1,75.7933117001357,2018
"ensemble","14522",2019,80.2,83.5758284439226,2018
"ensemble","14523",2019,55.1,68.3519670908914,2018
"ensemble","14524",2019,77.1,77.7218049725835,2018
"ensemble","14612",2019,77,77.1125932691398,2018
"ensemble","14625",2019,70.7,70.5297378936096,2018
"ensemble","14626",2019,75.3,74.1595997844463,2018
"ensemble","14627",2019,71.4,76.3642269525624,2018
"ensemble","14628",2019,72.9,74.4284061303911,2018
"ensemble","14713",2019,66.4,76.9345717327577,2018
"ensemble","14729",2019,68.8,74.5875585166081,2018
"ensemble","14730",2019,61.4,71.9950596385208,2018
"ensemble","15003",2019,67.5,83.3009213414813,2018
"ensemble","15081",2019,57.5,63.3778979695621,2018
"ensemble","15082",2019,47.7,66.7246093977919,2018
"ensemble","15083",2019,73.1,82.0915068608385,2018
"ensemble","15084",2019,63.5,84.0474485056124,2018
"ensemble","15085",2019,73.4,77.9105442980506,2018
"ensemble","15086",2019,53.8,65.3872742611561,2018
"ensemble","15087",2019,62.3,74.2970301950353,2018
"ensemble","15088",2019,51.5,79.1860366202515,2018
"ensemble","15089",2019,56.1,72.4101865515719,2018
"ensemble","15090",2019,52.6,65.5314394035016,2018
"ensemble","15091",2019,53.5,63.6743006559739,2018
"ensemble","16051",2019,59.2,73.5462172637886,2018
"ensemble","16052",2019,88.7,89.5708644811062,2018
"ensemble","16056",2019,70.6,71.1108844692766,2018
"ensemble","16061",2019,82.2,77.7929600071355,2018
"ensemble","16062",2019,78,75.4897954228705,2018
"ensemble","16063",2019,72.8,70.3041964658964,2018
"ensemble","16064",2019,75.9,78.1864488325864,2018
"ensemble","16065",2019,62.4,73.6384392623185,2018
"ensemble","16066",2019,64.8,68.3031922260333,2018
"ensemble","16067",2019,71.2,76.1683000959734,2018
"ensemble","16068",2019,50.8,67.9751527241414,2018
"ensemble","16069",2019,54.2,56.3907276281017,2018
"ensemble","16070",2019,56,66.3280380797097,2018
"ensemble","16071",2019,65.6,77.3749447471857,2018
"ensemble","16072",2019,58.5,64.7987590450988,2018
"ensemble","16073",2019,55.3,65.7534422056341,2018
"ensemble","16074",2019,68,76.1945019811238,2018
"ensemble","16075",2019,66.5,79.8082149738272,2018
"ensemble","16076",2019,74.3,81.3469567003763,2018
"ensemble","16077",2019,83.4,87.0734680093438,2018
"ensemble","3101",2019,83.8,78.6657147321097,2018
"ensemble","3102",2019,84.8,87.9944900501151,2018
"ensemble","3103",2019,76.3,74.2982062928407,2018
"ensemble","3151",2019,75.5,78.9959230537069,2018
"ensemble","3153",2019,90.5,83.1293632910885,2018
"ensemble","3154",2019,82.4,79.5539037085835,2018
"ensemble","3155",2019,88.6,84.070622450535,2018
"ensemble","3157",2019,81,85.9312841009935,2018
"ensemble","3158",2019,90.1,82.3511590136013,2018
"ensemble","3159",2019,85.6,81.3214820638126,2018
"ensemble","3241",2019,84,84.4291700011901,2018
"ensemble","3251",2019,76.7,79.3730048160799,2018
"ensemble","3252",2019,87.4,83.8799346395734,2018
"ensemble","3254",2019,85,86.4022918802288,2018
"ensemble","3255",2019,86.9,82.1746688989191,2018
"ensemble","3256",2019,82.5,78.9843007350808,2018
"ensemble","3257",2019,87.3,86.8847192122908,2018
"ensemble","3351",2019,68.3,77.4400208914178,2018
"ensemble","3352",2019,89,80.8664623987784,2018
"ensemble","3353",2019,74.9,73.0838653077536,2018
"ensemble","3354",2019,69.4,74.2275005651793,2018
"ensemble","3355",2019,71.3,72.9707656575818,2018
"ensemble","3356",2019,81.9,74.8558624149202,2018
"ensemble","3357",2019,71.9,69.7349709247268,2018
"ensemble","3358",2019,68.4,74.0203192666287,2018
"ensemble","3359",2019,84.9,81.0143638496894,2018
"ensemble","3360",2019,72,80.8840888126641,2018
"ensemble","3361",2019,82.6,74.6786249784471,2018
"ensemble","3452",2019,96.2,85.6583719339084,2018
"ensemble","3453",2019,70.9,75.7110034495511,2018
"ensemble","3454",2019,65.4,74.4647492615727,2018
"ensemble","3455",2019,92.4,83.8216940431478,2018
"ensemble","3456",2019,72.8,76.3270098153269,2018
"ensemble","3457",2019,103.8,94.3315691544443,2018
"ensemble","3458",2019,75.6,75.7165893372203,2018
"ensemble","3459",2019,83.4,83.6386351655046,2018
"ensemble","3460",2019,69.3,76.1077878026851,2018
"ensemble","3461",2019,89.3,83.0824859453713,2018
"ensemble","3462",2019,82.7,78.0806619575081,2018
"ensemble","5154",2019,89.5,86.4394629359792,2018
"ensemble","5158",2019,83.3,84.9800594247479,2018
"ensemble","5162",2019,89.3,85.1380981875196,2018
"ensemble","5166",2019,85.3,85.0743072603799,2018
"ensemble","5170",2019,77.7,80.6008661033155,2018
"ensemble","5334",2019,100.6,94.4318432653738,2018
"ensemble","5358",2019,86.9,85.1701204694274,2018
"ensemble","5362",2019,88.9,86.3998480583156,2018
"ensemble","5366",2019,78.6,78.5234256947898,2018
"ensemble","5370",2019,90,86.0346680112725,2018
"ensemble","5382",2019,86.3,78.8724057135949,2018
"ensemble","5515",2019,85.1,84.5702184436557,2018
"ensemble","5554",2019,80.7,82.8584985555395,2018
"ensemble","5558",2019,75.8,84.329824680449,2018
"ensemble","5562",2019,78.8,80.9949872963904,2018
"ensemble","5566",2019,71.1,72.5137204314866,2018
"ensemble","5570",2019,72.5,80.0857355122893,2018
"ensemble","5711",2019,77.4,80.6390943875938,2018
"ensemble","5754",2019,64.7,75.9927337986879,2018
"ensemble","5758",2019,86.3,87.5312108158828,2018
"ensemble","5762",2019,82.7,82.3658175676169,2018
"ensemble","5766",2019,83.1,82.113369883966,2018
"ensemble","5770",2019,81.6,83.2722690151766,2018
"ensemble","5774",2019,73,74.7826524944888,2018
"ensemble","5915",2019,88.8,88.0418252394645,2018
"ensemble","5958",2019,80.5,77.6985483792521,2018
"ensemble","5962",2019,68.1,74.13974686894,2018
"ensemble","5974",2019,84.7,87.7394473190879,2018
"ensemble","5978",2019,78,85.5046706809534,2018
"ensemble","6412",2019,81.7,84.1584657392804,2018
"ensemble","6432",2019,71.7,72.4178839921187,2018
"ensemble","6433",2019,74.2,73.4270877223204,2018
"ensemble","6434",2019,78.7,79.0895389636717,2018
"ensemble","6435",2019,78.6,77.683192299283,2018
"ensemble","6437",2019,76.9,76.5166571699298,2018
"ensemble","6439",2019,77.4,73.5083175926769,2018
"ensemble","6440",2019,82.6,83.4822254179334,2018
"ensemble","6531",2019,76,75.3597061987892,2018
"ensemble","6533",2019,76.3,75.770158250936,2018
"ensemble","6534",2019,76.8,75.1224029785782,2018
"ensemble","6535",2019,75.9,73.4280730030232,2018
"ensemble","6631",2019,79.4,74.865282859961,2018
"ensemble","6632",2019,72.9,68.3823908394602,2018
"ensemble","6633",2019,78.2,78.2531463089763,2018
"ensemble","6634",2019,80.8,76.6653972532167,2018
"ensemble","6635",2019,78.7,76.5272428225821,2018
"ensemble","6636",2019,75.8,72.8447519750459,2018
"ensemble","7132",2019,47.2,74.1908742067273,2018
"ensemble","7133",2019,70.4,72.5350713124481,2018
"ensemble","7135",2019,81.4,74.9368836936135,2018
"ensemble","7137",2019,75.4,74.4092032867363,2018
"ensemble","7140",2019,85.8,79.072624689203,2018
"ensemble","7141",2019,81.4,75.3505548618158,2018
"ensemble","7143",2019,72.3,66.6824083425838,2018
"ensemble","7231",2019,77.3,69.1322015865417,2018
"ensemble","7232",2019,74.8,67.7831609176445,2018
"ensemble","7233",2019,65.7,64.7941178168185,2018
"ensemble","7235",2019,71.6,76.5396879846371,2018
"ensemble","7331",2019,68,75.3785111518358,2018
"ensemble","7332",2019,69.7,71.7498281836117,2018
"ensemble","7333",2019,72.8,72.6410796418075,2018
"ensemble","7334",2019,74.4,69.7873992455493,2018
"ensemble","7336",2019,69.8,64.1809001903086,2018
"ensemble","7337",2019,82.6,78.6520300164195,2018
"ensemble","7338",2019,76.5,73.0551576063481,2018
"ensemble","7339",2019,70.7,74.3056022689777,2018
"ensemble","7340",2019,57.2,70.5736181733838,2018
"ensemble","8115",2019,83.3,86.1296189801167,2018
"ensemble","8116",2019,79.4,73.2672947562935,2018
"ensemble","8117",2019,79,76.7426862104469,2018
"ensemble","8118",2019,76,75.4872872865321,2018
"ensemble","8119",2019,75.5,71.7080959214665,2018
"ensemble","8125",2019,79.1,79.1054217124958,2018
"ensemble","8126",2019,74.9,74.5546433633342,2018
"ensemble","8127",2019,82.5,79.8154674662402,2018
"ensemble","8128",2019,68.5,68.3281982793564,2018
"ensemble","8135",2019,63.3,70.2609165587408,2018
"ensemble","8136",2019,77.7,80.8542224588692,2018
"ensemble","8215",2019,71.7,70.8985626319488,2018
"ensemble","8216",2019,72.4,69.0876352601301,2018
"ensemble","8225",2019,70.1,69.063487409816,2018
"ensemble","8226",2019,77.8,74.8485634095526,2018
"ensemble","8236",2019,76.7,77.8693321606537,2018
"ensemble","8237",2019,85.5,83.1675284002763,2018
"ensemble","8315",2019,87.6,85.2495514301157,2018
"ensemble","8316",2019,80.7,80.2805495521834,2018
"ensemble","8317",2019,80.4,80.0715614371694,2018
"ensemble","8325",2019,73.7,77.9313353717286,2018
"ensemble","8326",2019,73.1,79.6504800211643,2018
"ensemble","8327",2019,81.7,71.6898560083898,2018
"ensemble","8335",2019,62.4,67.0243763721477,2018
"ensemble","8337",2019,82.2,76.4239455188925,2018
"ensemble","8415",2019,63.8,65.7736374446593,2018
"ensemble","8416",2019,73.6,77.325493210026,2018
"ensemble","8417",2019,59.4,68.6112354409785,2018
"ensemble","8425",2019,76.4,81.2480674190587,2018
"ensemble","8426",2019,83.2,85.4766034922926,2018
"ensemble","8435",2019,85,81.0457219458288,2018
"ensemble","8436",2019,77.2,83.5484873948484,2018
"ensemble","8437",2019,82.9,84.3620722651586,2018
"ensemble","9171",2019,85.1,75.0766266779569,2018
"ensemble","9172",2019,74,64.6561139778681,2018
"ensemble","9174",2019,86.1,81.7963236632906,2018
"ensemble","9175",2019,89.6,78.0735494488048,2018
"ensemble","9176",2019,76.5,78.4547247534712,2018
"ensemble","9177",2019,86.2,82.1099786281989,2018
"ensemble","9178",2019,78.5,76.5688696049602,2018
"ensemble","9179",2019,89.1,81.7396125454453,2018
"ensemble","9181",2019,86,84.2917823962321,2018
"ensemble","9183",2019,83.3,76.6185353226747,2018
"ensemble","9184",2019,69.5,65.364000022823,2018
"ensemble","9185",2019,79.9,79.6491868043591,2018
"ensemble","9186",2019,69.7,76.1912169410105,2018
"ensemble","9187",2019,56,63.7191017098514,2018
"ensemble","9188",2019,47.3,71.4916056192359,2018
"ensemble","9189",2019,81.1,75.730182522048,2018
"ensemble","9190",2019,54.8,67.930861390006,2018
"ensemble","9271",2019,88.1,82.5278636544463,2018
"ensemble","9273",2019,81.8,81.890504112444,2018
"ensemble","9274",2019,83.2,79.0671554225011,2018
"ensemble","9275",2019,87.2,75.2036971516095,2018
"ensemble","9277",2019,81.7,74.6388063342742,2018
"ensemble","9278",2019,87.8,81.5797770072794,2018
"ensemble","9279",2019,85.2,79.4976755581754,2018
"ensemble","9371",2019,64.1,69.7376162869646,2018
"ensemble","9372",2019,67.1,68.0318081947933,2018
"ensemble","9373",2019,71.7,72.0440796757708,2018
"ensemble","9374",2019,71,69.0771397003242,2018
"ensemble","9375",2019,79.9,78.5228966008408,2018
"ensemble","9376",2019,65.8,69.2254369310103,2018
"ensemble","9377",2019,72.9,76.0514398116046,2018
"ensemble","9471",2019,61.1,63.0792484528384,2018
"ensemble","9472",2019,64,68.5317953650618,2018
"ensemble","9473",2019,61.7,70.6934292382508,2018
"ensemble","9474",2019,59.4,71.6360094229939,2018
"ensemble","9475",2019,41.1,64.8775913825681,2018
"ensemble","9476",2019,47.2,65.159250422393,2018
"ensemble","9477",2019,57.4,66.3990842043855,2018
"ensemble","9478",2019,60.1,66.1198163652234,2018
"ensemble","9479",2019,43.1,72.9394362314322,2018
"ensemble","9563",2019,66.2,71.076484177911,2018
"ensemble","9571",2019,71.4,72.335695691786,2018
"ensemble","9572",2019,65.3,64.5968441865121,2018
"ensemble","9573",2019,65.8,67.5947472955099,2018
"ensemble","9574",2019,55.9,59.1783775049135,2018
"ensemble","9575",2019,70.7,73.1600593783524,2018
"ensemble","9576",2019,61.9,63.4888015851027,2018
"ensemble","9577",2019,74.3,77.7063575369572,2018
"ensemble","9671",2019,65.9,72.4580067964071,2018
"ensemble","9672",2019,65.9,67.9661857396309,2018
"ensemble","9673",2019,65.2,67.6435089655782,2018
"ensemble","9674",2019,61.9,61.7210621307614,2018
"ensemble","9675",2019,66.3,69.9236670262255,2018
"ensemble","9676",2019,87.7,85.8741287532558,2018
"ensemble","9677",2019,63.6,72.529200916896,2018
"ensemble","9678",2019,68.2,69.3257010856344,2018
"ensemble","9679",2019,73.5,76.3748071417916,2018
"ensemble","9771",2019,89.4,86.6082063094788,2018
"ensemble","9772",2019,83,81.3695913382969,2018
"ensemble","9773",2019,82.4,82.3368017982305,2018
"ensemble","9774",2019,84.1,81.756531306896,2018
"ensemble","9775",2019,81.4,85.4325036732384,2018
"ensemble","9777",2019,91,83.9268282319366,2018
"ensemble","9778",2019,89.5,85.2955823721287,2018
"ensemble","9779",2019,82.8,81.8414174905241,2018
