Method,RS,Year,Observed,StructuralMean,Predicted,Phase,Lower80,Upper80
trend,1001,1999,40.0,39.2085714285715,39.2085714285715,final,32.3658167354337,46.0513261217094
trend,1002,1999,37.2,36.8514285714286,36.8514285714286,final,30.0086738782908,43.6941832645665
trend,1003,1999,28.9,28.6657142857143,28.6657142857143,final,21.8229595925765,35.5084689788522
trend,1004,1999,31.5,27.8128571428572,27.8128571428572,final,20.9701024497193,34.655611835995
trend,1005,1999,34.6,30.4457142857143,30.4457142857143,final,23.6029595925765,37.2884689788521
trend,1006,1999,29.9,28.29,28.29,final,21.4472453068621,35.1327546931378
trend,1007,1999,29.3,30.5257142857143,30.5257142857143,final,23.6829595925765,37.3684689788522
trend,1008,1999,42.0,44.1671428571428,44.1671428571428,final,37.324388164005,51.0098975502807
trend,1009,1999,29.4,28.7828571428571,28.7828571428571,final,21.9401024497193,35.6256118359949
trend,1010,1999,26.7,25.8014285714287,25.8014285714287,final,18.9586738782908,32.6441832645665
trend,1011,1999,37.1,38.777142857143,38.777142857143,final,31.9343881640051,45.6198975502808
trend,1012,1999,35.3,33.4885714285713,33.4885714285713,final,26.6458167354334,40.3313261217091
trend,1013,1999,30.2,27.53,27.53,final,20.6872453068621,34.3727546931378
trend,1014,1999,34.3,36.3714285714286,36.3714285714286,final,29.5286738782908,43.2141832645665
trend,1015,1999,40.2,38.5000000000001,38.5000000000001,final,31.6572453068623,45.342754693138
trend,1016,1999,39.9,36.51,36.51,final,29.6672453068621,43.3527546931378
trend,1001,2000,38.9,39.8924060150377,39.8232946022868,final,32.9805399091489,46.6660492954246
trend,1002,2000,31.1,37.4039097744362,37.3734708128636,final,30.5307161197257,44.2162255060014
trend,1003,2000,25.4,29.2724812030074,29.2520222288356,final,22.4092675356978,36.0947769219734
trend,1004,2000,29.9,28.8067669172933,28.4847875737728,final,21.642032880635,35.3275422669107
trend,1005,2000,27.2,31.2993233082707,30.9365507662492,final,24.0937960731113,37.779305459387
trend,1006,2000,29.0,28.8510526315788,28.7104595590691,final,21.8677048659312,35.5532142522069
trend,1007,2000,26.8,30.8177443609022,30.9247797257765,final,24.0820250326387,37.7675344189144
trend,1008,2000,44.1,45.1416541353385,45.3308996464275,final,38.4881449532896,52.1736543395653
trend,1009,2000,27.9,29.2530827067669,29.1991907748022,final,22.3564360816644,36.0419454679401
trend,1010,2000,18.3,26.2428571428572,26.1643894919179,final,19.3216347987801,33.0071441850558
trend,1011,2000,37.3,39.5827067669175,39.7291630820252,final,32.8864083888874,46.571917775163
trend,1012,2000,32.9,34.1413533834586,33.9831705831549,final,27.140415890017,40.8259252762927
trend,1013,2000,25.7,27.9147368421052,27.6815793864524,final,20.8388246933146,34.5243340795903
trend,1014,2000,33.6,36.916015037594,37.0969023092347,final,30.2541476160969,43.9396570023725
trend,1015,2000,34.6,38.9684210526317,38.8199687400438,final,31.977214046906,45.6627234331816
trend,1016,2000,32.9,37.3447368421052,37.048705465827,final,30.2059507726892,43.8914601589649
trend,1001,2001,40.0,40.576240601504,40.6629023473619,final,33.8201476542241,47.5056570404997
trend,1002,2001,38.3,37.9563909774438,38.5068792035382,final,31.6641245104004,45.3496338966761
trend,1003,2001,29.5,29.8792481203006,30.2174121144416,final,23.3746574213038,37.0601668075794
trend,1004,2001,30.2,29.8006766917294,29.7052102333027,final,22.8624555401649,36.5479649264406
trend,1005,2001,35.7,32.1529323308271,32.5109052868025,final,25.6681505936647,39.3536599799404
trend,1006,2001,28.0,29.4121052631579,29.3990984506308,final,22.5563437574929,36.2418531437686
trend,1007,2001,31.0,31.1097744360902,31.4606235194802,final,24.6178688263423,38.303378212618
trend,1008,2001,46.3,46.116165413534,46.2071277460679,final,39.3643730529301,53.0498824392058
trend,1009,2001,28.3,29.7233082706767,29.8414660688781,final,22.9987113757402,36.6842207620159
trend,1010,2001,28.7,26.6842857142858,27.3778948386461,final,20.5351401455083,34.2206495317839
trend,1011,2001,36.7,40.3882706766919,40.5876077934619,final,33.7448531003241,47.4303624865998
trend,1012,2001,35.0,34.7941353383458,34.9025363857065,final,28.0597816925687,41.7452910788443
trend,1013,2001,27.3,28.2994736842105,28.4928753347894,final,21.6501206416516,35.3356300279273
trend,1014,2001,34.7,37.4606015037596,37.750172151352,final,30.9074174582141,44.5929268444898
trend,1015,2001,41.9,39.4368421052633,39.8183139920991,final,32.9755592989612,46.6610686852369
trend,1016,2001,38.5,38.1794736842105,38.5676098389488,final,31.724855145811,45.4103645320867
trend,1001,2002,43.3,41.26007518797,41.3103953349701,final,34.4676406418323,48.153150028108
trend,1002,2002,41.9,38.5088721804511,38.4788665604367,final,31.6361118672989,45.3216212535745
trend,1003,2002,31.2,30.4860150375939,30.5191328378899,final,23.6763781447521,37.3618875310278
trend,1004,2002,34.9,30.7945864661654,30.759715602293,final,23.9169609091551,37.6024702954308
trend,1005,2002,34.5,33.0065413533835,32.6967940602102,final,25.8540393670724,39.5395487533481
trend,1006,2002,31.5,29.9731578947367,30.0964698311681,final,23.2537151380302,36.9392245243059
trend,1007,2002,32.5,31.4018045112782,31.411390551808,final,24.5686358586701,38.2541452449458
trend,1008,2002,48.8,47.0906766917294,47.0746233567326,final,40.2318686635948,53.9173780498705
trend,1009,2002,32.4,30.1935338345864,30.3178240724144,final,23.4750693792765,37.1605787655522
trend,1010,2002,28.8,27.1257142857144,26.9496922579316,final,20.1069375647937,33.7924469510694
trend,1011,2002,43.6,41.1938345864662,41.5159124167045,final,34.6731577235666,48.3586671098423
trend,1012,2002,37.0,35.4469172932329,35.428940184349,final,28.5861854912111,42.2716948774868
trend,1013,2002,31.3,28.6842105263157,28.771489455605,final,21.9287347624672,35.6142441487429
trend,1014,2002,38.7,38.0051879699249,38.2462571919054,final,31.4035024987675,45.0890118850432
trend,1015,2002,41.8,39.9052631578949,39.6901681662814,final,32.8474134731436,46.5329228594193
trend,1016,2002,41.3,39.0142105263158,38.986220601125,final,32.1434659079872,45.8289752942629
trend,1001,2003,37.2,41.9439097744362,41.7657735651119,final,34.923018871974,48.6085282582497
trend,1002,2003,34.8,39.0613533834587,38.7652235204627,final,31.9224688273249,45.6079782136005
trend,1003,2003,27.4,31.0927819548872,31.0304332967565,final,24.1876786036187,37.8731879898943
trend,1004,2003,31.9,31.7884962406015,31.4299914563501,final,24.5872367632122,38.2727461494879
trend,1005,2003,23.3,33.8601503759398,33.7297342642665,final,26.8869795711287,40.5724889574044
trend,1006,2003,29.4,30.5342105263157,30.4008792077964,final,23.5581245146585,37.2436339009342
trend,1007,2003,32.6,31.6938345864662,31.5979347864813,final,24.7551800933435,38.4406894796191
trend,1008,2003,42.3,48.0651879699249,47.9159215004701,final,41.0731668073322,54.7586761936079
trend,1009,2003,30.0,30.6637593984963,30.4710799838477,final,23.6283252907098,37.3138346769855
trend,1010,2003,27.2,27.567142857143,27.4209360417203,final,20.5781813485825,34.2636907348582
trend,1011,2003,40.9,41.9993984962407,41.7892803667653,final,34.9465256736275,48.6320350599032
trend,1012,2003,36.5,36.0996992481203,35.9640764719674,final,29.1213217788296,42.8068311651052
trend,1013,2003,28.2,29.068947368421,28.8405238410025,final,21.9977691478647,35.6832785341403
trend,1014,2003,40.9,38.5497744360903,38.4891000521617,final,31.6463453590239,45.3318547452996
trend,1015,2003,32.7,40.3736842105264,40.20822652467,final,33.3654718315321,47.0509812178078
trend,1016,2003,30.7,39.848947368421,39.6493410546225,final,32.8065863614846,46.4920957477603
trend,1001,2004,48.7,42.6277443609024,43.042005758975,final,36.1992510658372,49.8847604521128
trend,1002,2004,45.4,39.6138345864663,39.9859568008949,final,33.1432021077571,46.8287114940328
trend,1003,2004,36.5,31.6995488721805,32.0220206492898,final,25.179265956152,38.8647753424276
trend,1004,2004,35.3,32.7824060150376,32.7726689615406,final,25.9299142684027,39.6154236546784
trend,1005,2004,42.4,34.7137593984962,35.6359233658987,final,28.7931686727609,42.4786780590366
trend,1006,2004,34.0,31.0952631578946,31.194307967067,final,24.3515532739292,38.0370626602048
trend,1007,2004,36.1,31.9858646616541,31.9067338668151,final,25.0639791736773,38.749488559953
trend,1008,2004,56.0,49.0396992481203,49.5431436520258,final,42.7003889588879,56.3858983451636
trend,1009,2004,34.3,31.133984962406,31.1919476787052,final,24.3491929855674,38.0347023718431
trend,1010,2004,30.7,28.0085714285716,28.0406321380969,final,21.1978774449591,34.8833868312347
trend,1011,2004,47.1,42.8049624060152,42.9009672584991,final,36.0582125653612,49.7437219516369
trend,1012,2004,42.6,36.7524812030074,36.7175249839796,final,29.8747702908418,43.5602796771175
trend,1013,2004,31.8,29.4536842105263,29.5295649436788,final,22.6868102505409,36.3723196368166
trend,1014,2004,43.3,39.0943609022556,38.8891277139817,final,32.0463730208439,45.7318824071196
trend,1015,2004,48.5,40.842105263158,41.5122088908768,final,34.669454197739,48.3549635840147
trend,1016,2004,47.3,40.6836842105263,41.4826150308716,final,34.6398603377338,48.3253697240095
trend,1001,2005,46.4,43.3115789473684,42.7813198931043,final,35.9385651999664,49.6240745862421
trend,1002,2005,39.7,40.1663157894739,39.6610395326178,final,32.81828483948,46.5037942257557
trend,1003,2005,33.2,32.3063157894735,31.88711692395,final,25.0443622308121,38.7298716170878
trend,1004,2005,33.9,33.7763157894738,33.5564671722825,final,26.7137124791447,40.3992218654204
trend,1005,2005,37.2,35.5673684210526,34.896168307876,final,28.0534136147381,41.7389230010138
trend,1006,2005,34.4,31.6563157894736,31.402659964962,final,24.5599052718241,38.2454146580998
trend,1007,2005,33.7,32.2778947368421,31.9186283219732,final,25.0758736288354,38.7613830151111
trend,1008,2005,52.7,50.0142105263158,49.4064030304782,final,42.5636483373404,56.249157723616
trend,1009,2005,30.7,31.6042105263158,31.327738612187,final,24.4849839190492,38.1704933053249
trend,1010,2005,30.4,28.4500000000002,28.2149712967097,final,21.3722166035719,35.0577259898476
trend,1011,2005,45.0,43.6105263157897,43.2354626313903,final,36.3927079382524,50.0782173245281
trend,1012,2005,37.0,37.4052631578945,36.8946292235917,final,30.0518745304539,43.7373839167295
trend,1013,2005,30.0,29.8384210526315,29.6335292849792,final,22.7907745918413,36.476283978117
trend,1014,2005,38.7,39.6389473684212,39.2716903978505,final,32.4289357047126,46.1144450909883
trend,1015,2005,43.8,41.3105263157895,40.6418015021195,final,33.7990468089817,47.4845561952574
trend,1016,2005,42.5,41.5184210526315,40.9406520057143,final,34.0978973125765,47.7834066988522
trend,1001,2006,35.5,43.9954135338346,43.7257175058885,final,36.8829628127507,50.5684721990264
trend,1002,2006,37.1,40.7187969924812,40.7595179673892,final,33.9167632742514,47.6022726605271
trend,1003,2006,27.9,32.9130827067668,32.8350418316044,final,25.9922871384666,39.6777965247423
trend,1004,2006,26.3,34.7702255639097,34.7594248538607,final,27.9166701607229,41.6021795469985
trend,1005,2006,25.1,36.420977443609,36.2784080709626,final,29.4356533778248,43.1211627641005
trend,1006,2006,25.0,32.2173684210525,31.9777764998386,final,25.1350218067008,38.8205311929765
trend,1007,2006,27.3,32.5699248120301,32.4457396267011,final,25.6029849335633,39.288494319839
trend,1008,2006,42.1,50.9887218045112,50.7541855348096,final,43.9114308416718,57.5969402279475
trend,1009,2006,27.4,32.0744360902255,32.1533961747537,final,25.3106414816158,38.9961508678915
trend,1010,2006,24.5,28.8914285714287,28.7211450364014,final,21.8783903432636,35.5638997295393
trend,1011,2006,42.5,44.4160902255639,44.2947545892692,final,37.4519998961314,51.1375092824071
trend,1012,2006,29.6,38.0580451127819,38.0934346733678,final,31.25067998023,44.9361893665057
trend,1013,2006,21.9,30.2231578947368,30.2090480309707,final,23.3662933378329,37.0518027241085
trend,1014,2006,36.4,40.1835338345866,40.2655273100221,final,33.4227726168843,47.10828200316
trend,1015,2006,34.6,41.7789473684211,41.561554353393,final,34.7187996602551,48.4043090465308
trend,1016,2006,35.9,42.3531578947368,42.2674416213695,final,35.4246869282316,49.1101963145073
trend,1001,2007,43.4,44.6792481203008,45.4211091705881,final,38.5783544774502,52.2638638637259
trend,1002,2007,43.0,41.2712781954888,41.5872892439123,final,34.7445345507745,48.4300439370501
trend,1003,2007,36.4,33.51984962406,33.9576165187741,final,27.1148618256363,40.800371211912
trend,1004,2007,33.5,35.7641353383458,36.5037968519361,final,29.6610421587983,43.346551545074
trend,1005,2007,34.4,37.2745864661654,38.2631895733767,final,31.4204348802388,45.1059442665145
trend,1006,2007,33.3,32.7784210526315,33.4086769543398,final,26.565922261202,40.2514316474777
trend,1007,2007,33.1,32.8619548872181,33.3221504904594,final,26.4793957973215,40.1649051835972
trend,1008,2007,52.2,51.9632330827067,52.7394397343715,final,45.8966850412337,59.5821944275093
trend,1009,2007,33.0,32.5446616541353,32.9528562703932,final,26.1101015772553,39.795610963531
trend,1010,2007,29.5,29.3328571428573,29.7163381587356,final,22.8735834655978,36.5590928518735
trend,1011,2007,45.9,45.2216541353384,45.3889765030514,final,38.5462218099136,52.2317311961893
trend,1012,2007,38.7,38.710827067669,39.4494249247074,final,32.6066702315696,46.2921796178453
trend,1013,2007,32.0,30.607894736842,31.3347135824349,final,24.4919588892971,38.1774682755728
trend,1014,2007,40.8,40.7281203007519,41.0585169757513,final,34.2157622826135,47.9012716688892
trend,1015,2007,43.4,42.2473684210527,42.8742692085756,final,36.0315145154377,49.7170239017134
trend,1016,2007,39.5,43.1878947368421,43.7514160385883,final,36.9086613454504,50.5941707317261
trend,1001,2008,45.5,45.363082706767,45.4747929078449,final,38.6320382147071,52.3175476009828
trend,1002,2008,41.6,41.8237593984963,41.6727989574959,final,34.830044264358,48.5155536506337
trend,1003,2008,34.1,34.1266165413533,33.8751077272891,final,27.0323530341512,40.7178624204269
trend,1004,2008,38.0,36.7580451127819,36.9557604815992,final,30.1130057884614,43.7985151747371
trend,1005,2008,32.8,38.1281954887218,38.3792184349783,final,31.5364637418405,45.2219731281162
trend,1006,2008,34.9,33.3394736842104,33.2939268601315,final,26.4511721669937,40.1366815532694
trend,1007,2008,35.3,33.1539849624061,33.1331976991751,final,26.2904430060372,39.9759523923129
trend,1008,2008,58.3,52.9377443609023,52.9170687159515,final,46.0743140228136,59.7598234090893
trend,1009,2008,34.9,33.014887218045,32.97512484719,final,26.1323701540522,39.8178795403278
trend,1010,2008,31.0,29.7742857142858,29.7596899827121,final,22.9169352895742,36.6024446758499
trend,1011,2008,46.3,46.0272180451129,45.9679815672638,final,39.125226874126,52.8107362604017
trend,1012,2008,41.3,39.3636090225561,39.3645544950467,final,32.5217998019089,46.2073091881846
trend,1013,2008,35.7,30.9926315789472,30.871066140311,final,24.0283114471731,37.7138208334488
trend,1014,2008,43.2,41.2727067669173,41.2664298801046,final,34.4236751869668,48.1091845732425
trend,1015,2008,39.0,42.7157894736843,42.6151360481216,final,35.7723813549837,49.4578907412594
trend,1016,2008,40.2,44.0226315789473,44.3446765802796,final,37.5019218871418,51.1874312734175
trend,1001,2009,45.0,46.046917293233,46.0349610056956,final,39.1922063125577,52.8777156988334
trend,1002,2009,44.6,42.3762406015039,42.3957803663098,final,35.553025673172,49.2385350594477
trend,1003,2009,37.9,34.7333834586466,34.735707745186,final,27.8929530520481,41.5784624383238
trend,1004,2009,35.0,37.7519548872181,37.6435013136078,final,30.80074662047,44.4862560067457
trend,1005,2009,44.6,38.9818045112781,39.4470885949377,final,32.6043339017998,46.2898432880755
trend,1006,2009,32.7,33.9005263157892,33.764253527299,final,26.9214988341612,40.6070082204369
trend,1007,2009,34.9,33.446015037594,33.2586145110179,final,26.4158598178801,40.1013692041558
trend,1008,2009,52.4,53.9122556390978,53.4439972565616,final,46.6012425634237,60.2867519496994
trend,1009,2009,33.1,33.4851127819549,33.32049551609,final,26.4777408229522,40.1632502092279
trend,1010,2009,30.8,30.2157142857144,30.1086789208401,final,23.2659242277023,36.9514336139779
trend,1011,2009,48.3,46.8327819548874,46.808961300749,final,39.9662066076112,53.6517159938869
trend,1012,2009,38.0,40.0163909774435,39.8472958488106,final,33.0045411556728,46.6900505419485
trend,1013,2009,32.8,31.3773684210526,30.9662979926358,final,24.1235432994979,37.8090526857736
trend,1014,2009,41.9,41.8172932330829,41.6489925639734,final,34.8062378708355,48.4917472571112
trend,1015,2009,47.0,43.1842105263158,43.5086914324677,final,36.6659367393299,50.3514461256056
trend,1016,2009,50.1,44.8573684210526,45.191179302268,final,38.3484246091302,52.0339339954059
trend,1001,2010,51.3,46.7307518796993,46.8221738169161,final,39.9794191237783,53.664928510054
trend,1002,2010,44.7,42.9287218045113,42.7345322601902,final,35.8917775670524,49.577286953328
trend,1003,2010,38.5,35.3401503759396,35.0636259355614,final,28.2208712424235,41.9063806286992
trend,1004,2010,37.2,38.745864661654,38.9861788187981,final,32.1434241256603,45.828933511936
trend,1005,2010,45.5,39.8354135338345,39.3448052321453,final,32.5020505390075,46.1875599252831
trend,1006,2010,32.0,34.4615789473683,34.5664147755456,final,27.7236600824078,41.4091694686835
trend,1007,2010,34.6,33.7380451127819,33.6110760362306,final,26.7683213430928,40.4538307293685
trend,1008,2010,54.8,54.8867669172932,55.0188244742628,final,48.1760697811249,61.8615791674006
trend,1009,2010,37.7,33.9553383458646,33.988968277093,final,27.1462135839552,40.8317229702308
trend,1010,2010,33.4,30.657142857143,30.606120171556,final,23.7633654784182,37.4488748646939
trend,1011,2010,47.5,47.6383458646617,47.5102212106219,final,40.667466517484,54.3529759037597
trend,1012,2010,35.7,40.6691729323306,40.8452540521441,final,34.0024993590063,47.6880087452819
trend,1013,2010,28.0,31.7621052631578,31.6378741173605,final,24.7951194242227,38.4806288104984
trend,1014,2010,49.0,42.3618796992482,42.354657339945,final,35.5119026468071,49.1974120330828
trend,1015,2010,45.8,43.6526315789474,43.3194181838198,final,36.4766634906819,50.1621728769576
trend,1016,2010,54.4,45.6921052631578,45.2342930384866,final,38.3915383453487,52.0770477316244
trend,1001,2011,48.1,47.4145864661655,47.0155773777851,final,40.1728226846473,53.858332070923
trend,1002,2011,43.4,43.4812030075188,43.3265263343678,final,36.4837716412299,50.1692810275056
trend,1003,2011,38.6,35.9469172932329,35.6709837731613,final,28.8282290800234,42.5137384662991
trend,1004,2011,36.2,39.7397744360901,39.8747668972492,final,33.0320122041113,46.717521590387
trend,1005,2011,34.1,40.6890225563909,40.1943631677107,final,33.3516084745728,47.0371178608485
trend,1006,2011,35.2,35.0226315789471,35.2375886891556,final,28.3948339960178,42.0803433822935
trend,1007,2011,32.2,34.0300751879699,33.9548050724676,final,27.1120503793298,40.7975597656054
trend,1008,2011,58.1,55.8612781954887,55.8688551069759,final,49.0261004138381,62.7116098001138
trend,1009,2011,32.9,34.4255639097744,34.0985617436475,final,27.2558070505097,40.9413164367854
trend,1010,2011,30.4,31.0985714285715,30.8590517309507,final,24.0162970378129,37.7018064240886
trend,1011,2011,48.1,48.4439097744362,48.4559908118162,final,41.6132361186783,55.298745504954
trend,1012,2011,42.2,41.3219548872178,41.7558873657199,final,34.9131326725821,48.5986420588578
trend,1013,2011,31.3,32.1468421052631,32.4753675326248,final,25.6326128394869,39.3181222257626
trend,1014,2011,42.0,42.9064661654136,42.3267930419528,final,35.484038348815,49.1695477350906
trend,1015,2011,41.1,44.121052631579,43.9335339209417,final,37.0907792278038,50.7762886140795
trend,1016,2011,41.9,46.5268421052631,45.7664261573476,final,38.9236714642098,52.6091808504855
trend,1001,2012,44.8,48.0984210526317,48.0385673913512,final,41.1958126982134,54.8813220844891
trend,1002,2012,41.3,44.0336842105264,44.040775254206,final,37.1980205610681,50.8835299473438
trend,1003,2012,33.6,36.5536842105262,36.32200405564,final,29.4792493625021,43.1647587487778
trend,1004,2012,36.1,40.7336842105262,41.0427946229245,final,34.2000399297867,47.8855493160624
trend,1005,2012,43.2,41.5426315789473,42.1180172472944,final,35.2752625541566,48.9607719404322
trend,1006,2012,36.1,35.5836842105261,35.5681955327112,final,28.7254408395734,42.4109502258491
trend,1007,2012,35.2,34.3221052631579,34.4819163771955,final,27.6391616840577,41.3246710703334
trend,1008,2012,59.7,56.8357894736841,56.6402933389073,final,49.7975386457694,63.4830480320451
trend,1009,2012,35.2,34.8957894736841,35.0290091739233,final,28.1862544807855,41.8717638670611
trend,1010,2012,32.6,31.5400000000001,31.6010026729879,final,24.75824797985,38.4437573661257
trend,1011,2012,48.2,49.2494736842107,49.2795055673499,final,42.436750874212,56.1222602604877
trend,1012,2012,40.4,41.9747368421051,41.8980616494292,final,35.0553069562914,48.7408163425671
trend,1013,2012,31.4,32.5315789473683,32.6055293408525,final,25.7627746477146,39.4482840339903
trend,1014,2012,44.0,43.4510526315789,43.5302096895427,final,36.6874549964048,50.3729643826805
trend,1015,2012,40.7,44.5894736842106,44.8532867722151,final,38.0105320790773,51.6960414653529
trend,1016,2012,45.7,47.3615789473683,47.7656174241362,final,40.9228627309984,54.6083721172741
trend,1001,2013,48.6,48.7822556390977,49.0702898938929,final,42.227535200755,55.9130445870307
trend,1002,2013,48.6,44.5861654135338,44.82488408585,final,37.9821293927122,51.6676387789879
trend,1003,2013,36.6,37.1604511278194,37.4183812758824,final,30.5756265827445,44.2611359690202
trend,1004,2013,36.6,41.7275939849624,42.1322299478181,final,35.2894752546802,48.9749846409559
trend,1005,2013,53.0,42.3962406015037,42.2515110868475,final,35.4087563937097,49.0942657799854
trend,1006,2013,33.7,36.144736842105,36.0996496227091,final,29.2568949295712,42.9424043158469
trend,1007,2013,36.6,34.6141353383458,34.5374732772323,final,27.6947185840945,41.3802279703702
trend,1008,2013,56.4,57.8103007518796,57.5601838834265,final,50.7174291902887,64.4029385765644
trend,1009,2013,33.4,35.3660150375939,35.3394498869203,final,28.4966951937824,42.1822045800581
trend,1010,2013,33.0,31.9814285714286,31.8888641882856,final,25.0461094951478,38.7316188814234
trend,1011,2013,52.9,50.0550375939849,50.1466827677621,final,43.3039280746243,56.9894374609
trend,1012,2013,41.2,42.6275187969923,42.7650325181263,final,35.9222778249885,49.6077872112642
trend,1013,2013,31.2,32.9163157894735,33.0151307963045,final,26.1723761031666,39.8578854894423
trend,1014,2013,45.5,43.9956390977445,43.9477023293144,final,37.1049476361766,50.7904570224523
trend,1015,2013,48.9,45.0578947368422,45.3975425975309,final,38.5547879043931,52.2402972906687
trend,1016,2013,53.5,48.1963157894736,48.3414129878761,final,41.4986582947382,55.1841676810139
trend,1001,2014,54.0,49.4660902255639,49.4820056791558,final,42.639250986018,56.3247603722936
trend,1002,2014,52.4,45.1386466165413,44.788138953773,final,37.9453842606351,51.6308936469108
trend,1003,2014,43.9,37.7672180451127,37.8161593780641,final,30.9734046849262,44.6589140712019
trend,1004,2014,45.6,42.7215037593983,43.1692703388568,final,36.326515645719,50.0120250319946
trend,1005,2014,54.5,43.2498496240601,42.3238775035704,final,35.4811228104325,49.1666321967082
trend,1006,2014,39.0,36.705789473684,36.9192758489072,final,30.0765211557693,43.762030542045
trend,1007,2014,38.9,34.9061654135338,34.7327500008814,final,27.8899953077435,41.5755046940192
trend,1008,2014,65.7,58.784812030075,58.907966387758,final,52.0652116946201,65.7507210808958
trend,1009,2014,37.6,35.8362406015037,36.0079226479234,final,29.1651679547855,42.8506773410612
trend,1010,2014,36.1,32.4228571428572,32.333910505147,final,25.4911558120091,39.1766651982848
trend,1011,2014,57.6,50.8606015037594,50.6121654752897,final,43.7694107821518,57.4549201684275
trend,1012,2014,48.4,43.2803007518794,43.4049586734536,final,36.5622039803158,50.2477133665915
trend,1013,2014,37.4,33.3010526315788,33.4509297186838,final,26.608175025546,40.2936844118217
trend,1014,2014,48.2,44.5402255639099,44.4088574139648,final,37.5661027208269,51.2516121071026
trend,1015,2014,52.1,45.5263157894736,45.1908043709313,final,38.3480496777935,52.0335590640692
trend,1016,2014,59.6,49.0310526315789,48.5679089925856,final,41.7251542994477,55.4106636857234
trend,1001,2015,51.9,50.1499248120301,49.7540016408066,final,42.9112469476688,56.5967563339445
trend,1002,2015,45.4,45.6911278195489,45.0570309358475,final,38.2142762427096,51.8997856289853
trend,1003,2015,36.3,38.3739849624058,37.8384404542879,final,30.99568576115,44.6811951474257
trend,1004,2015,44.1,43.7154135338344,43.4640491669562,final,36.6212944738184,50.3068038600941
trend,1005,2015,43.8,44.1034586466164,43.1210405052812,final,36.2782858121433,49.963795198419
trend,1006,2015,35.8,37.2668421052629,37.0665004239716,final,30.2237457308338,43.9092551171095
trend,1007,2015,32.4,35.1981954887218,34.8494343237486,final,28.0066796306108,41.6921890168864
trend,1008,2015,58.4,59.7593233082707,59.155455281144,final,52.3127005880062,65.9982099742819
trend,1009,2015,35.5,36.3064661654134,36.1524460703808,final,29.309691377243,42.9952007635187
trend,1010,2015,32.6,32.8642857142858,32.5431796196629,final,25.700424926525,39.3859343128007
trend,1011,2015,55.3,51.6661654135339,51.0776481828172,final,44.2348934896794,57.9204028759551
trend,1012,2015,43.5,43.9330827067668,43.4860055343326,final,36.6432508411948,50.3287602274704
trend,1013,2015,34.5,33.6857894736841,33.3278493466145,final,26.4850946534767,40.1706040397524
trend,1014,2015,49.1,45.0848120300752,44.765222630906,final,37.9224679377682,51.6079773240439
trend,1015,2015,47.5,45.9947368421052,45.4206905931198,final,38.577935899982,52.2634452862576
trend,1016,2015,57.5,49.8657894736841,48.942857309883,final,42.1001026167451,55.7856120030208
trend,1001,2016,52.7,50.8337593984963,50.6809342756394,final,43.8381795825015,57.5236889687772
trend,1002,2016,43.0,46.2436090225565,46.269031727304,final,39.4262770341661,53.1117864204418
trend,1003,2016,35.2,38.980751879699,39.1618623879,final,32.3191076947622,46.0046170810378
trend,1004,2016,49.4,44.7093233082705,44.6757393375104,final,37.8329846443725,51.5184940306482
trend,1005,2016,45.8,44.9570676691728,44.9835671620346,final,38.1408124688968,51.8263218551724
trend,1006,2016,39.4,37.8278947368419,37.9559865619758,final,31.113231868838,44.7987412551136
trend,1007,2016,34.7,35.4902255639098,35.7345776764826,final,28.8918229833448,42.5773323696205
trend,1008,2016,59.6,60.7338345864662,60.8525373445058,final,54.009782651368,67.6952920376437
trend,1009,2016,35.5,36.7766917293233,36.8471162983112,final,30.0043616051734,43.6898709914491
trend,1010,2016,32.1,33.3057142857143,33.3287930065788,final,26.486038313441,40.1715476997167
trend,1011,2016,48.3,52.4717293233084,52.1544051186479,final,45.3116504255101,58.9971598117858
trend,1012,2016,47.3,44.5858646616539,44.6236835612782,final,37.7809288681404,51.4664382544161
trend,1013,2016,33.1,34.0705263157894,33.9994254713394,final,27.1566707782015,40.8421801644772
trend,1014,2016,42.1,45.6293984962406,45.2787726494109,final,38.4360179562731,52.1215273425487
trend,1015,2016,46.3,46.4631578947368,46.3317109554175,final,39.4889562622796,53.1744656485553
trend,1016,2016,48.2,50.7005263157894,50.0338697231926,final,43.1911150300548,56.8766244163304
trend,1001,2017,53.8,51.5175939849623,51.3546247301749,final,44.511870037037,58.1973794233127
trend,1002,2017,50.2,46.7960902255638,47.0793380258753,final,40.2365833327375,53.9220927190131
trend,1003,2017,42.6,39.5875187969923,39.9176725380878,final,33.07491784495,46.7604272312257
trend,1004,2017,52.4,45.7032330827067,45.2936202577129,final,38.4508655645751,52.1363749508507
trend,1005,2017,48.3,45.8106766917292,45.7370677188666,final,38.8943130257288,52.5798224120045
trend,1006,2017,41.1,38.3889473684208,38.2516634496282,final,31.4089087564903,45.094418142766
trend,1007,2017,36.8,35.7822556390977,35.8512619993497,final,29.0085073062119,42.6940166924876
trend,1008,2017,62.9,61.7083458646616,61.8073578449281,final,54.9646031517903,68.650112538066
trend,1009,2017,38.5,37.246917293233,37.3584042577505,final,30.5156495646127,44.2011589508884
trend,1010,2017,34.4,33.7471428571429,33.852431724222,final,27.0096770310842,40.6951864173599
trend,1011,2017,54.4,53.2772932330827,53.6415890363391,final,46.7988343432012,60.4843437294769
trend,1012,2017,48.2,45.238646616541,45.0016350473328,final,38.1588803541949,51.8443897404706
trend,1013,2017,36.0,34.4552631578946,34.5400142614277,final,27.6972595682899,41.3827689545656
trend,1014,2017,46.5,46.1739849624062,46.482189297001,final,39.6394346038631,53.3249439901388
trend,1015,2017,50.5,46.9315789473684,46.9458266925394,final,40.1030719994015,53.7885813856772
trend,1016,2017,52.0,51.5352631578946,51.7536213427569,final,44.9108666496191,58.5963760358947
trend,1001,2018,45.0,52.2014285714286,52.0021177177833,final,45.1593630246455,58.8448724109212
trend,1002,2018,38.3,47.3485714285714,47.051325382774,final,40.2085706896361,53.8940800759118
trend,1003,2018,34.9,40.1942857142856,39.9312211253361,final,33.0884664321983,46.773975818474
trend,1004,2018,47.1,46.6971428571426,46.1123484243577,final,39.2695937312198,52.9551031174955
trend,1005,2018,31.1,46.6642857142856,46.4469058308199,final,39.604151137682,53.2896605239577
trend,1006,2018,38.0,38.9499999999998,38.7132576278201,final,31.8705029346823,45.556012320958
trend,1007,2018,32.0,36.0742857142857,35.9854113001685,final,29.1426566070306,42.8281659933063
trend,1008,2018,55.7,62.6828571428571,62.5787960768595,final,55.7360413837216,69.4215507699973
trend,1009,2018,37.3,37.7171428571428,37.6077175479172,final,30.7649628547794,44.4504722410551
trend,1010,2018,28.7,34.1885714285714,34.131560750544,final,27.2888060574061,40.9743154436818
trend,1011,2018,45.6,54.0828571428572,53.984816898206,final,47.1420622050682,60.8275715913438
trend,1012,2018,43.0,45.8914285714284,45.6328287136846,final,38.7900740205467,52.4755834068224
trend,1013,2018,33.9,34.8399999999998,34.7051060255585,final,27.8623513324206,41.5478607186963
trend,1014,2018,38.0,46.7185714285715,46.6901022013543,final,39.8473475082165,53.5328568944922
trend,1015,2018,38.6,47.4,47.0883880249703,final,40.2456333318324,53.9311427181081
trend,1016,2018,37.2,52.3699999999999,52.3294169064967,final,45.4866622133589,59.1721715996346
trend,1001,2019,47.1,52.8852631578948,53.5141271139919,final,46.6713724208541,60.3568818071298
trend,1002,2019,44.8,47.901052631579,48.6912181340427,final,41.8484634409048,55.5339728271805
trend,1003,2019,34.6,40.8010526315788,41.263375547924,final,34.4206208547862,48.1061302410619
trend,1004,2019,47.5,47.6910526315787,47.6558731759906,final,40.8131184828528,54.4986278691285
trend,1005,2019,35.4,47.517894736842,48.8770442709976,final,42.0342895778598,55.7197989641354
trend,1006,2019,38.5,39.5110526315787,39.5940112768483,final,32.7512565837105,46.4367659699862
trend,1007,2019,34.9,36.3663157894737,36.7221023403146,final,29.8793476471768,43.5648570334524
trend,1008,2019,60.2,63.6573684210525,64.2671456512455,final,57.4243909581077,71.1099003443834
trend,1009,2019,36.9,38.1873684210525,38.2237953750657,final,31.3810406819278,45.0665500682035
trend,1010,2019,30.0,34.63,35.1092888949267,final,28.2665342017888,41.9520435880645
trend,1011,2019,52.9,54.8884210526317,55.629185617461,final,48.7864309243232,62.4719403105989
trend,1012,2019,42.9,46.5442105263155,46.7967042075574,final,39.9539495144196,53.6394589006953
trend,1013,2019,33.1,35.2247368421051,35.3068222384772,final,28.4640675453394,42.1495769316151
trend,1014,2019,46.1,47.2631578947369,48.0245061835806,final,41.1817514904427,54.8672608767184
trend,1015,2019,41.3,47.8684210526316,48.6368800824984,final,41.7941253893605,55.4796347756362
trend,1016,2019,47.0,53.2047368421051,54.5294554197278,final,47.6867007265899,61.3722101128656
persistence,1001,1999,40.0,40.0,40.0,final,32.28,47.72
persistence,1002,1999,37.2,37.2,37.2,final,29.48,44.92
persistence,1003,1999,28.9,28.9,28.9,final,21.18,36.62
persistence,1004,1999,31.5,31.5,31.5,final,23.78,39.22
persistence,1005,1999,34.6,34.6,34.6,final,26.88,42.32
persistence,1006,1999,29.9,29.9,29.9,final,22.18,37.62
persistence,1007,1999,29.3,29.3,29.3,final,21.58,37.02
persistence,1008,1999,42.0,42.0,42.0,final,34.28,49.72
persistence,1009,1999,29.4,29.4,29.4,final,21.68,37.12
persistence,1010,1999,26.7,26.7,26.7,final,18.98,34.42
persistence,1011,1999,37.1,37.1,37.1,final,29.38,44.82
persistence,1012,1999,35.3,35.3,35.3,final,27.58,43.02
persistence,1013,1999,30.2,30.2,30.2,final,22.48,37.92
persistence,1014,1999,34.3,34.3,34.3,final,26.58,42.02
persistence,1015,1999,40.2,40.2,40.2,final,32.48,47.92
persistence,1016,1999,39.9,39.9,39.9,final,32.18,47.62
persistence,1001,2000,38.9,40.0,40.0,final,32.28,47.72
persistence,1002,2000,31.1,37.2,37.2,final,29.48,44.92
persistence,1003,2000,25.4,28.9,28.9,final,21.18,36.62
persistence,1004,2000,29.9,31.5,31.5,final,23.78,39.22
persistence,1005,2000,27.2,34.6,34.6,final,26.88,42.32
persistence,1006,2000,29.0,29.9,29.9,final,22.18,37.62
persistence,1007,2000,26.8,29.3,29.3,final,21.58,37.02
persistence,1008,2000,44.1,42.0,42.0,final,34.28,49.72
persistence,1009,2000,27.9,29.4,29.4,final,21.68,37.12
persistence,1010,2000,18.3,26.7,26.7,final,18.98,34.42
persistence,1011,2000,37.3,37.1,37.1,final,29.38,44.82
persistence,1012,2000,32.9,35.3,35.3,final,27.58,43.02
persistence,1013,2000,25.7,30.2,30.2,final,22.48,37.92
persistence,1014,2000,33.6,34.3,34.3,final,26.58,42.02
persistence,1015,2000,34.6,40.2,40.2,final,32.48,47.92
persistence,1016,2000,32.9,39.9,39.9,final,32.18,47.62
persistence,1001,2001,40.0,38.9,38.9,final,31.18,46.62
persistence,1002,2001,38.3,31.1,31.1,final,23.38,38.82
persistence,1003,2001,29.5,25.4,25.4,final,17.68,33.12
persistence,1004,2001,30.2,29.9,29.9,final,22.18,37.62
persistence,1005,2001,35.7,27.2,27.2,final,19.48,34.92
persistence,1006,2001,28.0,29.0,29.0,final,21.28,36.72
persistence,1007,2001,31.0,26.8,26.8,final,19.08,34.52
persistence,1008,2001,46.3,44.1,44.1,final,36.38,51.82
persistence,1009,2001,28.3,27.9,27.9,final,20.18,35.62
persistence,1010,2001,28.7,18.3,18.3,final,10.58,26.02
persistence,1011,2001,36.7,37.3,37.3,final,29.58,45.02
persistence,1012,2001,35.0,32.9,32.9,final,25.18,40.62
persistence,1013,2001,27.3,25.7,25.7,final,17.98,33.42
persistence,1014,2001,34.7,33.6,33.6,final,25.88,41.32
persistence,1015,2001,41.9,34.6,34.6,final,26.88,42.32
persistence,1016,2001,38.5,32.9,32.9,final,25.18,40.62
persistence,1001,2002,43.3,40.0,40.0,final,32.28,47.72
persistence,1002,2002,41.9,38.3,38.3,final,30.58,46.02
persistence,1003,2002,31.2,29.5,29.5,final,21.78,37.22
persistence,1004,2002,34.9,30.2,30.2,final,22.48,37.92
persistence,1005,2002,34.5,35.7,35.7,final,27.98,43.42
persistence,1006,2002,31.5,28.0,28.0,final,20.28,35.72
persistence,1007,2002,32.5,31.0,31.0,final,23.28,38.72
persistence,1008,2002,48.8,46.3,46.3,final,38.58,54.02
persistence,1009,2002,32.4,28.3,28.3,final,20.58,36.02
persistence,1010,2002,28.8,28.7,28.7,final,20.98,36.42
persistence,1011,2002,43.6,36.7,36.7,final,28.98,44.42
persistence,1012,2002,37.0,35.0,35.0,final,27.28,42.72
persistence,1013,2002,31.3,27.3,27.3,final,19.58,35.02
persistence,1014,2002,38.7,34.7,34.7,final,26.98,42.42
persistence,1015,2002,41.8,41.9,41.9,final,34.18,49.62
persistence,1016,2002,41.3,38.5,38.5,final,30.78,46.22
persistence,1001,2003,37.2,43.3,43.3,final,35.58,51.02
persistence,1002,2003,34.8,41.9,41.9,final,34.18,49.62
persistence,1003,2003,27.4,31.2,31.2,final,23.48,38.92
persistence,1004,2003,31.9,34.9,34.9,final,27.18,42.62
persistence,1005,2003,23.3,34.5,34.5,final,26.78,42.22
persistence,1006,2003,29.4,31.5,31.5,final,23.78,39.22
persistence,1007,2003,32.6,32.5,32.5,final,24.78,40.22
persistence,1008,2003,42.3,48.8,48.8,final,41.08,56.52
persistence,1009,2003,30.0,32.4,32.4,final,24.68,40.12
persistence,1010,2003,27.2,28.8,28.8,final,21.08,36.52
persistence,1011,2003,40.9,43.6,43.6,final,35.88,51.32
persistence,1012,2003,36.5,37.0,37.0,final,29.28,44.72
persistence,1013,2003,28.2,31.3,31.3,final,23.58,39.02
persistence,1014,2003,40.9,38.7,38.7,final,30.98,46.42
persistence,1015,2003,32.7,41.8,41.8,final,34.08,49.52
persistence,1016,2003,30.7,41.3,41.3,final,33.58,49.02
persistence,1001,2004,48.7,37.2,37.2,final,29.48,44.92
persistence,1002,2004,45.4,34.8,34.8,final,27.08,42.52
persistence,1003,2004,36.5,27.4,27.4,final,19.68,35.12
persistence,1004,2004,35.3,31.9,31.9,final,24.18,39.62
persistence,1005,2004,42.4,23.3,23.3,final,15.58,31.02
persistence,1006,2004,34.0,29.4,29.4,final,21.68,37.12
persistence,1007,2004,36.1,32.6,32.6,final,24.88,40.32
persistence,1008,2004,56.0,42.3,42.3,final,34.58,50.02
persistence,1009,2004,34.3,30.0,30.0,final,22.28,37.72
persistence,1010,2004,30.7,27.2,27.2,final,19.48,34.92
persistence,1011,2004,47.1,40.9,40.9,final,33.18,48.62
persistence,1012,2004,42.6,36.5,36.5,final,28.78,44.22
persistence,1013,2004,31.8,28.2,28.2,final,20.48,35.92
persistence,1014,2004,43.3,40.9,40.9,final,33.18,48.62
persistence,1015,2004,48.5,32.7,32.7,final,24.98,40.42
persistence,1016,2004,47.3,30.7,30.7,final,22.98,38.42
persistence,1001,2005,46.4,48.7,48.7,final,40.98,56.42
persistence,1002,2005,39.7,45.4,45.4,final,37.68,53.12
persistence,1003,2005,33.2,36.5,36.5,final,28.78,44.22
persistence,1004,2005,33.9,35.3,35.3,final,27.58,43.02
persistence,1005,2005,37.2,42.4,42.4,final,34.68,50.12
persistence,1006,2005,34.4,34.0,34.0,final,26.28,41.72
persistence,1007,2005,33.7,36.1,36.1,final,28.38,43.82
persistence,1008,2005,52.7,56.0,56.0,final,48.28,63.72
persistence,1009,2005,30.7,34.3,34.3,final,26.58,42.02
persistence,1010,2005,30.4,30.7,30.7,final,22.98,38.42
persistence,1011,2005,45.0,47.1,47.1,final,39.38,54.82
persistence,1012,2005,37.0,42.6,42.6,final,34.88,50.32
persistence,1013,2005,30.0,31.8,31.8,final,24.08,39.52
persistence,1014,2005,38.7,43.3,43.3,final,35.58,51.02
persistence,1015,2005,43.8,48.5,48.5,final,40.78,56.22
persistence,1016,2005,42.5,47.3,47.3,final,39.58,55.02
persistence,1001,2006,35.5,46.4,46.4,final,38.68,54.12
persistence,1002,2006,37.1,39.7,39.7,final,31.98,47.42
persistence,1003,2006,27.9,33.2,33.2,final,25.48,40.92
persistence,1004,2006,26.3,33.9,33.9,final,26.18,41.62
persistence,1005,2006,25.1,37.2,37.2,final,29.48,44.92
persistence,1006,2006,25.0,34.4,34.4,final,26.68,42.12
persistence,1007,2006,27.3,33.7,33.7,final,25.98,41.42
persistence,1008,2006,42.1,52.7,52.7,final,44.98,60.42
persistence,1009,2006,27.4,30.7,30.7,final,22.98,38.42
persistence,1010,2006,24.5,30.4,30.4,final,22.68,38.12
persistence,1011,2006,42.5,45.0,45.0,final,37.28,52.72
persistence,1012,2006,29.6,37.0,37.0,final,29.28,44.72
persistence,1013,2006,21.9,30.0,30.0,final,22.28,37.72
persistence,1014,2006,36.4,38.7,38.7,final,30.98,46.42
persistence,1015,2006,34.6,43.8,43.8,final,36.08,51.52
persistence,1016,2006,35.9,42.5,42.5,final,34.78,50.22
persistence,1001,2007,43.4,35.5,35.5,final,27.78,43.22
persistence,1002,2007,43.0,37.1,37.1,final,29.38,44.82
persistence,1003,2007,36.4,27.9,27.9,final,20.18,35.62
persistence,1004,2007,33.5,26.3,26.3,final,18.58,34.02
persistence,1005,2007,34.4,25.1,25.1,final,17.38,32.82
persistence,1006,2007,33.3,25.0,25.0,final,17.28,32.72
persistence,1007,2007,33.1,27.3,27.3,final,19.58,35.02
persistence,1008,2007,52.2,42.1,42.1,final,34.38,49.82
persistence,1009,2007,33.0,27.4,27.4,final,19.68,35.12
persistence,1010,2007,29.5,24.5,24.5,final,16.78,32.22
persistence,1011,2007,45.9,42.5,42.5,final,34.78,50.22
persistence,1012,2007,38.7,29.6,29.6,final,21.88,37.32
persistence,1013,2007,32.0,21.9,21.9,final,14.18,29.62
persistence,1014,2007,40.8,36.4,36.4,final,28.68,44.12
persistence,1015,2007,43.4,34.6,34.6,final,26.88,42.32
persistence,1016,2007,39.5,35.9,35.9,final,28.18,43.62
persistence,1001,2008,45.5,43.4,43.4,final,35.68,51.12
persistence,1002,2008,41.6,43.0,43.0,final,35.28,50.72
persistence,1003,2008,34.1,36.4,36.4,final,28.68,44.12
persistence,1004,2008,38.0,33.5,33.5,final,25.78,41.22
persistence,1005,2008,32.8,34.4,34.4,final,26.68,42.12
persistence,1006,2008,34.9,33.3,33.3,final,25.58,41.02
persistence,1007,2008,35.3,33.1,33.1,final,25.38,40.82
persistence,1008,2008,58.3,52.2,52.2,final,44.48,59.92
persistence,1009,2008,34.9,33.0,33.0,final,25.28,40.72
persistence,1010,2008,31.0,29.5,29.5,final,21.78,37.22
persistence,1011,2008,46.3,45.9,45.9,final,38.18,53.62
persistence,1012,2008,41.3,38.7,38.7,final,30.98,46.42
persistence,1013,2008,35.7,32.0,32.0,final,24.28,39.72
persistence,1014,2008,43.2,40.8,40.8,final,33.08,48.52
persistence,1015,2008,39.0,43.4,43.4,final,35.68,51.12
persistence,1016,2008,40.2,39.5,39.5,final,31.78,47.22
persistence,1001,2009,45.0,45.5,45.5,final,37.78,53.22
persistence,1002,2009,44.6,41.6,41.6,final,33.88,49.32
persistence,1003,2009,37.9,34.1,34.1,final,26.38,41.82
persistence,1004,2009,35.0,38.0,38.0,final,30.28,45.72
persistence,1005,2009,44.6,32.8,32.8,final,25.08,40.52
persistence,1006,2009,32.7,34.9,34.9,final,27.18,42.62
persistence,1007,2009,34.9,35.3,35.3,final,27.58,43.02
persistence,1008,2009,52.4,58.3,58.3,final,50.58,66.02
persistence,1009,2009,33.1,34.9,34.9,final,27.18,42.62
persistence,1010,2009,30.8,31.0,31.0,final,23.28,38.72
persistence,1011,2009,48.3,46.3,46.3,final,38.58,54.02
persistence,1012,2009,38.0,41.3,41.3,final,33.58,49.02
persistence,1013,2009,32.8,35.7,35.7,final,27.98,43.42
persistence,1014,2009,41.9,43.2,43.2,final,35.48,50.92
persistence,1015,2009,47.0,39.0,39.0,final,31.28,46.72
persistence,1016,2009,50.1,40.2,40.2,final,32.48,47.92
persistence,1001,2010,51.3,45.0,45.0,final,37.28,52.72
persistence,1002,2010,44.7,44.6,44.6,final,36.88,52.32
persistence,1003,2010,38.5,37.9,37.9,final,30.18,45.62
persistence,1004,2010,37.2,35.0,35.0,final,27.28,42.72
persistence,1005,2010,45.5,44.6,44.6,final,36.88,52.32
persistence,1006,2010,32.0,32.7,32.7,final,24.98,40.42
persistence,1007,2010,34.6,34.9,34.9,final,27.18,42.62
persistence,1008,2010,54.8,52.4,52.4,final,44.68,60.12
persistence,1009,2010,37.7,33.1,33.1,final,25.38,40.82
persistence,1010,2010,33.4,30.8,30.8,final,23.08,38.52
persistence,1011,2010,47.5,48.3,48.3,final,40.58,56.02
persistence,1012,2010,35.7,38.0,38.0,final,30.28,45.72
persistence,1013,2010,28.0,32.8,32.8,final,25.08,40.52
persistence,1014,2010,49.0,41.9,41.9,final,34.18,49.62
persistence,1015,2010,45.8,47.0,47.0,final,39.28,54.72
persistence,1016,2010,54.4,50.1,50.1,final,42.38,57.82
persistence,1001,2011,48.1,51.3,51.3,final,43.58,59.02
persistence,1002,2011,43.4,44.7,44.7,final,36.98,52.42
persistence,1003,2011,38.6,38.5,38.5,final,30.78,46.22
persistence,1004,2011,36.2,37.2,37.2,final,29.48,44.92
persistence,1005,2011,34.1,45.5,45.5,final,37.78,53.22
persistence,1006,2011,35.2,32.0,32.0,final,24.28,39.72
persistence,1007,2011,32.2,34.6,34.6,final,26.88,42.32
persistence,1008,2011,58.1,54.8,54.8,final,47.08,62.52
persistence,1009,2011,32.9,37.7,37.7,final,29.98,45.42
persistence,1010,2011,30.4,33.4,33.4,final,25.68,41.12
persistence,1011,2011,48.1,47.5,47.5,final,39.78,55.22
persistence,1012,2011,42.2,35.7,35.7,final,27.98,43.42
persistence,1013,2011,31.3,28.0,28.0,final,20.28,35.72
persistence,1014,2011,42.0,49.0,49.0,final,41.28,56.72
persistence,1015,2011,41.1,45.8,45.8,final,38.08,53.52
persistence,1016,2011,41.9,54.4,54.4,final,46.68,62.12
persistence,1001,2012,44.8,48.1,48.1,final,40.38,55.82
persistence,1002,2012,41.3,43.4,43.4,final,35.68,51.12
persistence,1003,2012,33.6,38.6,38.6,final,30.88,46.32
persistence,1004,2012,36.1,36.2,36.2,final,28.48,43.92
persistence,1005,2012,43.2,34.1,34.1,final,26.38,41.82
persistence,1006,2012,36.1,35.2,35.2,final,27.48,42.92
persistence,1007,2012,35.2,32.2,32.2,final,24.48,39.92
persistence,1008,2012,59.7,58.1,58.1,final,50.38,65.82
persistence,1009,2012,35.2,32.9,32.9,final,25.18,40.62
persistence,1010,2012,32.6,30.4,30.4,final,22.68,38.12
persistence,1011,2012,48.2,48.1,48.1,final,40.38,55.82
persistence,1012,2012,40.4,42.2,42.2,final,34.48,49.92
persistence,1013,2012,31.4,31.3,31.3,final,23.58,39.02
persistence,1014,2012,44.0,42.0,42.0,final,34.28,49.72
persistence,1015,2012,40.7,41.1,41.1,final,33.38,48.82
persistence,1016,2012,45.7,41.9,41.9,final,34.18,49.62
persistence,1001,2013,48.6,44.8,44.8,final,37.08,52.52
persistence,1002,2013,48.6,41.3,41.3,final,33.58,49.02
persistence,1003,2013,36.6,33.6,33.6,final,25.88,41.32
persistence,1004,2013,36.6,36.1,36.1,final,28.38,43.82
persistence,1005,2013,53.0,43.2,43.2,final,35.48,50.92
persistence,1006,2013,33.7,36.1,36.1,final,28.38,43.82
persistence,1007,2013,36.6,35.2,35.2,final,27.48,42.92
persistence,1008,2013,56.4,59.7,59.7,final,51.98,67.42
persistence,1009,2013,33.4,35.2,35.2,final,27.48,42.92
persistence,1010,2013,33.0,32.6,32.6,final,24.88,40.32
persistence,1011,2013,52.9,48.2,48.2,final,40.48,55.92
persistence,1012,2013,41.2,40.4,40.4,final,32.68,48.12
persistence,1013,2013,31.2,31.4,31.4,final,23.68,39.12
persistence,1014,2013,45.5,44.0,44.0,final,36.28,51.72
persistence,1015,2013,48.9,40.7,40.7,final,32.98,48.42
persistence,1016,2013,53.5,45.7,45.7,final,37.98,53.42
persistence,1001,2014,54.0,48.6,48.6,final,40.88,56.32
persistence,1002,2014,52.4,48.6,48.6,final,40.88,56.32
persistence,1003,2014,43.9,36.6,36.6,final,28.88,44.32
persistence,1004,2014,45.6,36.6,36.6,final,28.88,44.32
persistence,1005,2014,54.5,53.0,53.0,final,45.28,60.72
persistence,1006,2014,39.0,33.7,33.7,final,25.98,41.42
persistence,1007,2014,38.9,36.6,36.6,final,28.88,44.32
persistence,1008,2014,65.7,56.4,56.4,final,48.68,64.12
persistence,1009,2014,37.6,33.4,33.4,final,25.68,41.12
persistence,1010,2014,36.1,33.0,33.0,final,25.28,40.72
persistence,1011,2014,57.6,52.9,52.9,final,45.18,60.62
persistence,1012,2014,48.4,41.2,41.2,final,33.48,48.92
persistence,1013,2014,37.4,31.2,31.2,final,23.48,38.92
persistence,1014,2014,48.2,45.5,45.5,final,37.78,53.22
persistence,1015,2014,52.1,48.9,48.9,final,41.18,56.62
persistence,1016,2014,59.6,53.5,53.5,final,45.78,61.22
persistence,1001,2015,51.9,54.0,54.0,final,46.28,61.72
persistence,1002,2015,45.4,52.4,52.4,final,44.68,60.12
persistence,1003,2015,36.3,43.9,43.9,final,36.18,51.62
persistence,1004,2015,44.1,45.6,45.6,final,37.88,53.32
persistence,1005,2015,43.8,54.5,54.5,final,46.78,62.22
persistence,1006,2015,35.8,39.0,39.0,final,31.28,46.72
persistence,1007,2015,32.4,38.9,38.9,final,31.18,46.62
persistence,1008,2015,58.4,65.7,65.7,final,57.98,73.42
persistence,1009,2015,35.5,37.6,37.6,final,29.88,45.32
persistence,1010,2015,32.6,36.1,36.1,final,28.38,43.82
persistence,1011,2015,55.3,57.6,57.6,final,49.88,65.32
persistence,1012,2015,43.5,48.4,48.4,final,40.68,56.12
persistence,1013,2015,34.5,37.4,37.4,final,29.68,45.12
persistence,1014,2015,49.1,48.2,48.2,final,40.48,55.92
persistence,1015,2015,47.5,52.1,52.1,final,44.38,59.82
persistence,1016,2015,57.5,59.6,59.6,final,51.88,67.32
persistence,1001,2016,52.7,51.9,51.9,final,44.18,59.62
persistence,1002,2016,43.0,45.4,45.4,final,37.68,53.12
persistence,1003,2016,35.2,36.3,36.3,final,28.58,44.02
persistence,1004,2016,49.4,44.1,44.1,final,36.38,51.82
persistence,1005,2016,45.8,43.8,43.8,final,36.08,51.52
persistence,1006,2016,39.4,35.8,35.8,final,28.08,43.52
persistence,1007,2016,34.7,32.4,32.4,final,24.68,40.12
persistence,1008,2016,59.6,58.4,58.4,final,50.68,66.12
persistence,1009,2016,35.5,35.5,35.5,final,27.78,43.22
persistence,1010,2016,32.1,32.6,32.6,final,24.88,40.32
persistence,1011,2016,48.3,55.3,55.3,final,47.58,63.02
persistence,1012,2016,47.3,43.5,43.5,final,35.78,51.22
persistence,1013,2016,33.1,34.5,34.5,final,26.78,42.22
persistence,1014,2016,42.1,49.1,49.1,final,41.38,56.82
persistence,1015,2016,46.3,47.5,47.5,final,39.78,55.22
persistence,1016,2016,48.2,57.5,57.5,final,49.78,65.22
persistence,1001,2017,53.8,52.7,52.7,final,44.98,60.42
persistence,1002,2017,50.2,43.0,43.0,final,35.28,50.72
persistence,1003,2017,42.6,35.2,35.2,final,27.48,42.92
persistence,1004,2017,52.4,49.4,49.4,final,41.68,57.12
persistence,1005,2017,48.3,45.8,45.8,final,38.08,53.52
persistence,1006,2017,41.1,39.4,39.4,final,31.68,47.12
persistence,1007,2017,36.8,34.7,34.7,final,26.98,42.42
persistence,1008,2017,62.9,59.6,59.6,final,51.88,67.32
persistence,1009,2017,38.5,35.5,35.5,final,27.78,43.22
persistence,1010,2017,34.4,32.1,32.1,final,24.38,39.82
persistence,1011,2017,54.4,48.3,48.3,final,40.58,56.02
persistence,1012,2017,48.2,47.3,47.3,final,39.58,55.02
persistence,1013,2017,36.0,33.1,33.1,final,25.38,40.82
persistence,1014,2017,46.5,42.1,42.1,final,34.38,49.82
persistence,1015,2017,50.5,46.3,46.3,final,38.58,54.02
persistence,1016,2017,52.0,48.2,48.2,final,40.48,55.92
persistence,1001,2018,45.0,53.8,53.8,final,46.08,61.52
persistence,1002,2018,38.3,50.2,50.2,final,42.48,57.92
persistence,1003,2018,34.9,42.6,42.6,final,34.88,50.32
persistence,1004,2018,47.1,52.4,52.4,final,44.68,60.12
persistence,1005,2018,31.1,48.3,48.3,final,40.58,56.02
persistence,1006,2018,38.0,41.1,41.1,final,33.38,48.82
persistence,1007,2018,32.0,36.8,36.8,final,29.08,44.52
persistence,1008,2018,55.7,62.9,62.9,final,55.18,70.62
persistence,1009,2018,37.3,38.5,38.5,final,30.78,46.22
persistence,1010,2018,28.7,34.4,34.4,final,26.68,42.12
persistence,1011,2018,45.6,54.4,54.4,final,46.68,62.12
persistence,1012,2018,43.0,48.2,48.2,final,40.48,55.92
persistence,1013,2018,33.9,36.0,36.0,final,28.28,43.72
persistence,1014,2018,38.0,46.5,46.5,final,38.78,54.22
persistence,1015,2018,38.6,50.5,50.5,final,42.78,58.22
persistence,1016,2018,37.2,52.0,52.0,final,44.28,59.72
persistence,1001,2019,47.1,45.0,45.0,final,37.28,52.72
persistence,1002,2019,44.8,38.3,38.3,final,30.58,46.02
persistence,1003,2019,34.6,34.9,34.9,final,27.18,42.62
persistence,1004,2019,47.5,47.1,47.1,final,39.38,54.82
persistence,1005,2019,35.4,31.1,31.1,final,23.38,38.82
persistence,1006,2019,38.5,38.0,38.0,final,30.28,45.72
persistence,1007,2019,34.9,32.0,32.0,final,24.28,39.72
persistence,1008,2019,60.2,55.7,55.7,final,47.98,63.42
persistence,1009,2019,36.9,37.3,37.3,final,29.58,45.02
persistence,1010,2019,30.0,28.7,28.7,final,20.98,36.42
persistence,1011,2019,52.9,45.6,45.6,final,37.88,53.32
persistence,1012,2019,42.9,43.0,43.0,final,35.28,50.72
persistence,1013,2019,33.1,33.9,33.9,final,26.18,41.62
persistence,1014,2019,46.1,38.0,38.0,final,30.28,45.72
persistence,1015,2019,41.3,38.6,38.6,final,30.88,46.32
persistence,1016,2019,47.0,37.2,37.2,final,29.48,44.92
panel_ridge,1001,1999,40.0,39.4733627122213,39.4733627122213,final,33.1681615016185,45.7785639228241
panel_ridge,1002,1999,37.2,36.8449671862146,36.8449671862146,final,30.5397659756118,43.1501683968174
panel_ridge,1003,1999,28.9,30.957574777606,30.957574777606,final,24.6523735670032,37.2627759882087
panel_ridge,1004,1999,31.5,30.0010183301297,30.0010183301297,final,23.6958171195269,36.3062195407325
panel_ridge,1005,1999,34.6,33.6803774183417,33.6803774183417,final,27.3751762077389,39.9855786289444
panel_ridge,1006,1999,29.9,30.9439507439809,30.9439507439809,final,24.6387495333781,37.2491519545837
panel_ridge,1007,1999,29.3,31.1185448673748,31.1185448673748,final,24.813343656772,37.4237460779775
panel_ridge,1008,1999,42.0,42.9536595565876,42.9536595565876,final,36.6484583459848,49.2588607671904
panel_ridge,1009,1999,29.4,29.7552152013219,29.7552152013219,final,23.4500139907192,36.0604164119247
panel_ridge,1010,1999,26.7,26.1834552859947,26.1834552859947,final,19.8782540753919,32.4886564965975
panel_ridge,1011,1999,37.1,39.2984409274759,39.2984409274759,final,32.9932397168731,45.6036421380787
panel_ridge,1012,1999,35.3,34.7837024657802,34.7837024657802,final,28.4785012551774,41.088903676383
panel_ridge,1013,1999,30.2,29.0520367755078,29.0520367755078,final,22.746835564905,35.3572379861106
panel_ridge,1014,1999,34.3,34.8210196944818,34.8210196944818,final,28.515818483879,41.1262209050845
panel_ridge,1015,1999,40.2,38.2810930181144,38.2810930181144,final,31.9758918075117,44.5862942287172
panel_ridge,1016,1999,39.9,36.7401047607818,36.7401047607818,final,30.434903550179,43.0453059713846
panel_ridge,1001,2000,38.9,38.7109531702409,38.9016460069993,final,32.5964447963965,45.206847217602
panel_ridge,1002,2000,31.1,36.4242075164108,36.5527631959537,final,30.2475619853509,42.8579644065565
panel_ridge,1003,2000,25.4,29.6593045408791,28.9142665796685,final,22.6090653690658,35.2194677902713
panel_ridge,1004,2000,29.9,30.0383760294131,30.5811501046822,final,24.2759488940794,36.886351315285
panel_ridge,1005,2000,27.2,33.325263248556,33.6582541759229,final,27.3530529653201,39.9634553865257
panel_ridge,1006,2000,29.0,28.3119536118806,27.9339440530714,final,21.6287428424686,34.2391452636741
panel_ridge,1007,2000,26.8,30.916482190711,30.2579958138829,final,23.9527946032801,36.5631970244857
panel_ridge,1008,2000,44.1,41.3854859971663,41.0401704443796,final,34.7349692337768,47.3453716549824
panel_ridge,1009,2000,27.9,28.4402059155325,28.3115841943372,final,22.0063829837344,34.6167854049399
panel_ridge,1010,2000,18.3,27.0685597873648,27.2555981515522,final,20.9503969409494,33.560799362155
panel_ridge,1011,2000,37.3,39.2290771523215,38.433032233675,final,32.1278310230722,44.7382334442778
panel_ridge,1012,2000,32.9,33.3981914335323,33.5851402951045,final,27.2799390845017,39.8903415057072
panel_ridge,1013,2000,25.7,27.8195383961892,28.2352103754674,final,21.9300091648646,34.5404115860702
panel_ridge,1014,2000,33.6,35.8422423656584,35.6535836324974,final,29.3483824218946,41.9587848431001
panel_ridge,1015,2000,34.6,37.1504238223353,37.8452508396066,final,31.5400496290038,44.1504520502094
panel_ridge,1016,2000,32.9,37.1125202028529,38.2567031177529,final,31.9515019071501,44.5619043283557
panel_ridge,1001,2001,40.0,41.196274828663,41.2647277792677,final,34.9595265686649,47.5699289898705
panel_ridge,1002,2001,38.3,38.2798769198896,36.352006906969,final,30.0468056963662,42.6572081175717
panel_ridge,1003,2001,29.5,33.2822276862246,31.7399539346949,final,25.4347527240921,38.0451551452977
panel_ridge,1004,2001,30.2,32.8265466113906,32.7764413146323,final,26.4712401040295,39.081642525235
panel_ridge,1005,2001,35.7,36.1692638748463,33.9513354222573,final,27.6461342116545,40.2565366328601
panel_ridge,1006,2001,28.0,32.4719537856265,32.721092083686,final,26.4158908730832,39.0262932942887
panel_ridge,1007,2001,31.0,33.1855658366927,31.6950073733473,final,25.3898061627445,38.0002085839501
panel_ridge,1008,2001,46.3,46.625431314363,47.608343819104,final,41.3031426085012,53.9135450297068
panel_ridge,1009,2001,28.3,32.082382938495,31.8867769666865,final,25.5815757560837,38.1919781772893
panel_ridge,1010,2001,28.7,28.8587139294969,25.6836604744133,final,19.3784592638105,31.9888616850161
panel_ridge,1011,2001,36.7,41.3478550529213,40.6493454656996,final,34.3441442550968,46.9545466763024
panel_ridge,1012,2001,35.0,37.1266293216249,36.9462365922956,final,30.6410353816928,43.2514378028984
panel_ridge,1013,2001,27.3,29.54921402927,28.7817393388767,final,22.4765381282739,35.0869405494795
panel_ridge,1014,2001,34.7,37.3776994324339,36.5657942230428,final,30.26059301244,42.8709954336456
panel_ridge,1015,2001,41.9,40.2264950360818,39.3029987989116,final,32.9977975883088,45.6082000095144
panel_ridge,1016,2001,38.5,39.9236309539597,38.3982975869054,final,32.0930963763026,44.7034987975082
panel_ridge,1001,2002,43.3,41.5009764220523,41.0678110425508,final,34.762609831948,47.3730122531536
panel_ridge,1002,2002,41.9,38.8609802813818,38.8682667522026,final,32.5630655415998,45.1734679628054
panel_ridge,1003,2002,31.2,32.4333393106092,31.0638128006384,final,24.7586115900356,37.3690140112411
panel_ridge,1004,2002,34.9,33.1691385108356,32.2180785767457,final,25.912877366143,38.5232797873485
panel_ridge,1005,2002,34.5,36.6301162265863,36.4601980275539,final,30.1549968169511,42.7653992381567
panel_ridge,1006,2002,31.5,31.7423750015563,30.1231019781246,final,23.8179007675218,36.4283031887274
panel_ridge,1007,2002,32.5,34.5254331300727,33.7340502200647,final,27.4288490094619,40.0392514306675
panel_ridge,1008,2002,48.8,45.0008805624801,44.8830434439434,final,38.5778422333406,51.1882446545462
panel_ridge,1009,2002,32.4,30.9000105420679,29.5304278159944,final,23.2252266053916,35.8356290265971
panel_ridge,1010,2002,28.8,28.6673017319634,28.6098321791019,final,22.3046309684991,34.9150333897047
panel_ridge,1011,2002,43.6,41.9156122772892,40.23264624839,final,33.9274450377873,46.5378474589928
panel_ridge,1012,2002,37.0,35.9442515702008,35.1742092897072,final,28.8690080791044,41.47941050031
panel_ridge,1013,2002,31.3,30.3006364262578,29.4862068109011,final,23.1810056002983,35.7914080215038
panel_ridge,1014,2002,38.7,37.808223493251,36.8386413679315,final,30.5334401573287,43.1438425785343
panel_ridge,1015,2002,41.8,40.1273153886649,40.7332835118959,final,34.4280823012931,47.0384847224987
panel_ridge,1016,2002,41.3,40.0923131638043,39.5768232214711,final,33.2716220108683,45.8820244320739
panel_ridge,1001,2003,37.2,38.0332861875557,38.684703999084,final,32.3795027884812,44.9899052096867
panel_ridge,1002,2003,34.8,35.9619380860474,37.062352554518,final,30.7571513439152,43.3675537651208
panel_ridge,1003,2003,27.4,30.0803317146443,29.6337454639486,final,23.3285442533459,35.9389466745514
panel_ridge,1004,2003,31.9,31.222822046361,31.8495586923677,final,25.544357481765,38.1547599029705
panel_ridge,1005,2003,23.3,32.607655789434,31.836350917373,final,25.5311497067703,38.1415521279758
panel_ridge,1006,2003,29.4,29.6409874472701,29.5532246213581,final,23.2480234107553,35.8584258319609
panel_ridge,1007,2003,32.6,28.777900899906,28.044501275153,final,21.7393000645502,34.3497024857558
panel_ridge,1008,2003,42.3,42.5133608262565,43.889003758378,final,37.5838025477752,50.1942049689807
panel_ridge,1009,2003,30.0,29.1773533488534,29.7204923393475,final,23.4152911287447,36.0256935499503
panel_ridge,1010,2003,27.2,28.027872964269,28.0759223708569,final,21.7707211602541,34.3811235814597
panel_ridge,1011,2003,40.9,40.4349591655572,41.0448678835658,final,34.739666672963,47.3500690941686
panel_ridge,1012,2003,36.5,34.547755673078,34.9300371173538,final,28.624835906751,41.2352383279566
panel_ridge,1013,2003,28.2,28.2556199163262,28.6174846745806,final,22.3122834639779,34.9226858851834
panel_ridge,1014,2003,40.9,36.7520521673439,37.0749601645039,final,30.7697589539011,43.3801613751067
panel_ridge,1015,2003,32.7,36.8022374612645,37.4079085387586,final,31.1027073281558,43.7131097493613
panel_ridge,1016,2003,30.7,37.0043492820367,37.441646894747,final,31.1364456841442,43.7468481053498
panel_ridge,1001,2004,48.7,43.4549855731881,43.1532566401557,final,36.848055429553,49.4584578507585
panel_ridge,1002,2004,45.4,41.7120773849899,41.2913451753499,final,34.9861439647471,47.5965463859527
panel_ridge,1003,2004,36.5,34.6993655523751,33.7288302902885,final,27.4236290796857,40.0340315008913
panel_ridge,1004,2004,35.3,35.5885045533308,35.8337074433773,final,29.5285062327745,42.1389086539801
panel_ridge,1005,2004,42.4,38.7459987838799,35.375741251331,final,29.0705400407283,41.6809424619338
panel_ridge,1006,2004,34.0,34.3634197901199,34.2761593909619,final,27.9709581803591,40.5813606015647
panel_ridge,1007,2004,36.1,35.2552807173839,36.6392444751394,final,30.3340432645366,42.9444456857422
panel_ridge,1008,2004,56.0,47.2055384555024,47.1282815233479,final,40.8230803127451,53.4334827339507
panel_ridge,1009,2004,34.3,32.6829616081829,32.9808380160965,final,26.6756368054937,39.2860392266993
panel_ridge,1010,2004,30.7,32.4507006902633,32.1509318594275,final,25.8457306488247,38.4561330700303
panel_ridge,1011,2004,47.1,44.5637248641916,44.7321139205427,final,38.4269127099399,51.0373151311455
panel_ridge,1012,2004,42.6,38.7832215527278,39.4901198627893,final,33.1849186521865,45.7953210733921
panel_ridge,1013,2004,31.8,32.4419260484663,32.4217863434537,final,26.116585132851,38.7269875540565
panel_ridge,1014,2004,43.3,41.8182533177586,43.3202053391794,final,37.0150041285766,49.6254065497821
panel_ridge,1015,2004,48.5,41.8341881719645,40.3487876568504,final,34.0435864462476,46.6539888674531
panel_ridge,1016,2004,47.3,42.786225998805,40.5034513521831,final,34.1982501415803,46.8086525627859
panel_ridge,1001,2005,46.4,41.4774198355629,43.3766144104587,final,37.0714131998559,49.6818156210615
panel_ridge,1002,2005,39.7,39.598855738948,40.9342348348107,final,34.6290336242079,47.2394360454135
panel_ridge,1003,2005,33.2,32.8669035361095,33.518904635824,final,27.2137034252212,39.8241058464267
panel_ridge,1004,2005,33.9,34.5488166760708,34.4443505606456,final,28.1391493500428,40.7495517712484
panel_ridge,1005,2005,37.2,36.3224898303105,37.6455861502831,final,31.3403849396803,43.9507873608859
panel_ridge,1006,2005,34.4,32.1745166455737,32.0429240821144,final,25.7377228715116,38.3481252927172
panel_ridge,1007,2005,33.7,32.9986597905628,33.3045285924966,final,26.9993273818938,39.6097298030994
panel_ridge,1008,2005,52.7,45.4015526548216,48.5859850119679,final,42.2807838013652,54.8911862225707
panel_ridge,1009,2005,30.7,31.6498152092306,32.2353370574525,final,25.9301358468497,38.5405382680553
panel_ridge,1010,2005,30.4,30.0581160231924,29.4241956975937,final,23.1189944869909,35.7293969081965
panel_ridge,1011,2005,45.0,43.3127163161105,44.2310893817301,final,37.9258881711273,50.5362905923329
panel_ridge,1012,2005,37.0,36.872636975934,38.2546741508144,final,31.9494729402117,44.5598753614172
panel_ridge,1013,2005,30.0,29.9873479082055,29.7549095639944,final,23.4497083533916,36.0601107745971
panel_ridge,1014,2005,38.7,39.1497812515469,39.6863146204347,final,33.3811134098319,45.9915158310375
panel_ridge,1015,2005,43.8,40.4551155051667,42.8687740065364,final,36.5635727959336,49.1739752171391
panel_ridge,1016,2005,42.5,40.9508452434298,42.5852611663973,final,36.2800599557945,48.890462377
panel_ridge,1001,2006,35.5,36.2694961052797,38.0519387797931,final,31.7467375691904,44.3571399903959
panel_ridge,1002,2006,37.1,35.2655240502802,35.3021479022357,final,28.9969466916329,41.6073491128385
panel_ridge,1003,2006,27.9,28.8839256459661,29.0045382783936,final,22.6993370677908,35.3097394889964
panel_ridge,1004,2006,26.3,30.5802880336784,30.3453546262512,final,24.0401534156484,36.650555836854
panel_ridge,1005,2006,25.1,31.666312243632,31.9840544685477,final,25.6788532579449,38.2892556791505
panel_ridge,1006,2006,25.0,28.8898922256988,29.6957290774797,final,23.3905278668769,36.0009302880825
panel_ridge,1007,2006,27.3,28.2177578569647,28.4717097839814,final,22.1665085733787,34.7769109945842
panel_ridge,1008,2006,42.1,41.8744829629303,44.5172157516656,final,38.2120145410628,50.8224169622683
panel_ridge,1009,2006,27.4,29.520152343901,29.1762288108592,final,22.8710276002564,35.481430021462
panel_ridge,1010,2006,24.5,25.6685293761669,25.7923239248869,final,19.4871227142841,32.0975251354896
panel_ridge,1011,2006,42.5,39.3524359356499,39.9633932673156,final,33.6581920567128,46.2685944779184
panel_ridge,1012,2006,29.6,33.6709614315796,33.7170789719074,final,27.4118777613046,40.0222801825102
panel_ridge,1013,2006,21.9,27.5094235988939,27.5140048606678,final,21.2088036500651,33.8192060712706
panel_ridge,1014,2006,36.4,35.3073908845755,35.1445272500236,final,28.8393260394209,41.4497284606264
panel_ridge,1015,2006,34.6,35.0856963219835,36.2968629593461,final,29.9916617487434,42.6020641699489
panel_ridge,1016,2006,35.9,37.2656948747408,37.8266363841315,final,31.5214351735288,44.1318375947343
panel_ridge,1001,2007,43.4,42.0314509635381,41.7528201134341,final,35.4476189028313,48.0580213240369
panel_ridge,1002,2007,43.0,41.3675844700809,42.031839415439,final,35.7266382048362,48.3370406260418
panel_ridge,1003,2007,36.4,34.4113922628802,34.0551175042509,final,27.7499162936481,40.3603187148536
panel_ridge,1004,2007,33.5,35.6122988169798,34.0624270433201,final,27.7572258327174,40.3676282539229
panel_ridge,1005,2007,34.4,38.3700826566127,35.9924524776701,final,29.6872512670673,42.2976536882729
panel_ridge,1006,2007,33.3,32.7981132768674,31.3896019533882,final,25.0844007427854,37.694803163991
panel_ridge,1007,2007,33.1,34.5967276660263,34.2644119465298,final,27.9592107359271,40.5696131571326
panel_ridge,1008,2007,52.2,46.4467900602136,46.5284486980164,final,40.2232474874136,52.8336499086192
panel_ridge,1009,2007,33.0,32.5339324043377,31.7662354064218,final,25.461034195819,38.0714366170246
panel_ridge,1010,2007,29.5,31.7510898161729,31.3279709319849,final,25.0227697213822,37.6331721425877
panel_ridge,1011,2007,45.9,45.0521807995509,46.1918986551573,final,39.8866974445546,52.4970998657601
panel_ridge,1012,2007,38.7,37.6928311991878,36.2187555844586,final,29.9135543738558,42.5239567950614
panel_ridge,1013,2007,32.0,31.6947509221418,29.6636055333221,final,23.3584043227193,35.9688067439249
panel_ridge,1014,2007,40.8,40.7835287390828,41.1791572608821,final,34.8739560502794,47.4843584714849
panel_ridge,1015,2007,43.4,41.1471474982506,40.971279188901,final,34.6660779782982,47.2764803995038
panel_ridge,1016,2007,39.5,42.6280617124221,42.1335501465793,final,35.8283489359765,48.4387513571821
panel_ridge,1001,2008,45.5,44.061212453617,44.5567574977337,final,38.2515562871309,50.8619587083365
panel_ridge,1002,2008,41.6,40.8104553184902,41.4015451546878,final,35.096343944085,47.7067463652905
panel_ridge,1003,2008,34.1,35.2853789763671,36.0054443029041,final,29.7002430923013,42.3106455135069
panel_ridge,1004,2008,38.0,38.9494210795679,38.1845678060937,final,31.8793665954909,44.4897690166964
panel_ridge,1005,2008,32.8,37.9963000922751,36.558752198263,final,30.2535509876602,42.8639534088658
panel_ridge,1006,2008,34.9,34.6396374971191,34.8213682730942,final,28.5161670624915,41.126569483697
panel_ridge,1007,2008,35.3,33.5888908093058,33.046932898021,final,26.7417316874182,39.3521341086238
panel_ridge,1008,2008,58.3,48.5700274127153,50.6532371461384,final,44.3480359355356,56.9584383567411
panel_ridge,1009,2008,34.9,35.4163103150156,35.5850711566811,final,29.2798699460783,41.8902723672838
panel_ridge,1010,2008,31.0,34.0430043251571,33.2278954963569,final,26.9226942857541,39.5330967069596
panel_ridge,1011,2008,46.3,44.702930493799,45.0099217611165,final,38.7047205505137,51.3151229717193
panel_ridge,1012,2008,41.3,39.5144769108768,39.8791679044285,final,33.5739666938257,46.1843691150313
panel_ridge,1013,2008,35.7,33.5493898807088,33.659919108178,final,27.3547178975752,39.9651203187808
panel_ridge,1014,2008,43.2,42.3280166874285,42.3339808520294,final,36.0287796414266,48.6391820626322
panel_ridge,1015,2008,39.0,41.3153167010129,42.1310637898085,final,35.8258625792057,48.4362650004112
panel_ridge,1016,2008,40.2,41.8944162205832,40.7617600730991,final,34.4565588624963,47.0669612837019
panel_ridge,1001,2009,45.0,44.955742725107,45.4767207968831,final,39.1715195862803,51.7819220074859
panel_ridge,1002,2009,44.6,42.9457045557275,43.2315948991546,final,36.9263936885518,49.5367961097574
panel_ridge,1003,2009,37.9,36.2361973412742,35.8069772976451,final,29.5017760870423,42.1121785082478
panel_ridge,1004,2009,35.0,38.2011796734316,37.8573988528509,final,31.5521976422481,44.1626000634537
panel_ridge,1005,2009,44.6,40.0986149322824,38.2170595843445,final,31.9118583737417,44.5222607949473
panel_ridge,1006,2009,32.7,34.4307388283381,34.5250148422324,final,28.2198136316296,40.8302160528351
panel_ridge,1007,2009,34.9,35.6510157358286,36.2706001692686,final,29.9653989586658,42.5758013798714
panel_ridge,1008,2009,52.4,48.2193425460179,51.7425189661231,final,45.4373177555204,58.0477201767259
panel_ridge,1009,2009,33.1,34.0965169268719,33.9095634374348,final,27.6043622268321,40.2147646480376
panel_ridge,1010,2009,30.8,33.8912932306944,32.7894359553016,final,26.4842347446988,39.0946371659044
panel_ridge,1011,2009,48.3,46.7164611858809,47.294752396369,final,40.9895511857662,53.5999536069717
panel_ridge,1012,2009,38.0,39.2387954939761,39.8853248432338,final,33.580123632631,46.1905260538365
panel_ridge,1013,2009,32.8,33.5481889038388,34.3269145161831,final,28.0217133055804,40.6321157267859
panel_ridge,1014,2009,41.9,41.8634885213238,42.1792294977776,final,35.8740282871748,48.4844307083803
panel_ridge,1015,2009,47.0,43.4070207578816,42.5686556820391,final,36.2634544714363,48.8738568926418
panel_ridge,1016,2009,50.1,43.9468624416534,43.3333224526503,final,37.0281212420475,49.6385236632531
panel_ridge,1001,2010,51.3,46.2978023601051,46.3138277071369,final,40.0086264965342,52.6190289177397
panel_ridge,1002,2010,44.7,42.8896351649175,43.4886476131915,final,37.1834464025888,49.7938488237943
panel_ridge,1003,2010,38.5,37.5766258962014,38.1790808612433,final,31.8738796506405,44.4842820718461
panel_ridge,1004,2010,37.2,38.4725971706219,37.3134653600459,final,31.0082641494431,43.6186665706486
panel_ridge,1005,2010,45.5,39.9813642544176,41.611294203976,final,35.3060929933732,47.9164954145787
panel_ridge,1006,2010,32.0,35.440406097369,34.8137138662593,final,28.5085126556565,41.1189150768621
panel_ridge,1007,2010,34.6,35.5456281334401,35.2736889365037,final,28.9684877259009,41.5788901471065
panel_ridge,1008,2010,54.8,50.3638264226014,51.8776224410667,final,45.5724212304639,58.1828236516695
panel_ridge,1009,2010,37.7,35.5166018284338,35.1557678273618,final,28.850566616759,41.4609690379646
panel_ridge,1010,2010,33.4,32.3889310482084,31.2695885916586,final,24.9643873810558,37.5747898022614
panel_ridge,1011,2010,47.5,46.4058207221392,46.979212533902,final,40.6740113232992,53.2844137445048
panel_ridge,1012,2010,35.7,42.1382533665604,41.6896914580291,final,35.3844902474263,47.9948926686319
panel_ridge,1013,2010,28.0,35.2904921511798,35.0195765365527,final,28.7143753259499,41.3247777471555
panel_ridge,1014,2010,49.0,42.0868773550329,42.1000979863945,final,35.7948967757917,48.4052991969973
panel_ridge,1015,2010,45.8,43.6264864778642,44.927487033642,final,38.6222858230392,51.2326882442447
panel_ridge,1016,2010,54.4,44.40583559638,46.6338572028911,final,40.3286559922884,52.9390584134939
panel_ridge,1001,2011,48.1,43.2651255072213,45.0763972878443,final,38.7711960772415,51.3815984984471
panel_ridge,1002,2011,43.4,41.0885079538106,41.7440323801677,final,35.4388311695649,48.0492335907705
panel_ridge,1003,2011,38.6,35.4139287180437,35.7482780535896,final,29.4430768429868,42.0534792641924
panel_ridge,1004,2011,36.2,38.05945841045,37.5986570768792,final,31.2934558662764,43.903858287482
panel_ridge,1005,2011,34.1,38.0684375249214,40.066709067371,final,33.7615078567682,46.3719102779738
panel_ridge,1006,2011,35.2,35.9432026226637,34.6974480710346,final,28.3922468604318,41.0026492816373
panel_ridge,1007,2011,32.2,32.7443516443011,32.4019442313267,final,26.0967430207239,38.7071454419295
panel_ridge,1008,2011,58.1,48.6743299505329,50.280647132126,final,43.9754459215232,56.5858483427287
panel_ridge,1009,2011,32.9,34.3625137001384,35.1531117089977,final,28.8479104983949,41.4583129196005
panel_ridge,1010,2011,30.4,32.4700420038081,32.8361452233288,final,26.530944012726,39.1413464339315
panel_ridge,1011,2011,48.1,45.2959245162994,45.6921215863883,final,39.3869203757855,51.997322796991
panel_ridge,1012,2011,42.2,40.3435711204957,38.0123104469177,final,31.7071092363149,44.3175116575205
panel_ridge,1013,2011,31.3,32.892423701065,30.2525714499327,final,23.9473702393299,36.5577726605355
panel_ridge,1014,2011,42.0,41.4688180704446,43.9720266328071,final,37.6668254222043,50.2772278434099
panel_ridge,1015,2011,41.1,41.2639018142087,42.0509206389047,final,35.7457194283019,48.3561218495075
panel_ridge,1016,2011,41.9,42.7599202490832,46.3787592591236,final,40.0735580485208,52.6839604697264
panel_ridge,1001,2012,44.8,45.5930376702369,47.3437225415784,final,41.0385213309756,53.6489237521812
panel_ridge,1002,2012,41.3,44.0307941419501,44.8677743286197,final,38.5625731180169,51.1729755392224
panel_ridge,1003,2012,33.6,36.8756316540038,38.0292927884691,final,31.7240915778663,44.3344939990719
panel_ridge,1004,2012,36.1,38.5373659198122,37.8640649452108,final,31.558863734608,44.1692661558135
panel_ridge,1005,2012,43.2,41.3955266956865,39.9585744959717,final,33.6533732853689,46.2637757065744
panel_ridge,1006,2012,36.1,35.3361605470383,35.0670504409163,final,28.7618492303135,41.372251651519
panel_ridge,1007,2012,35.2,36.8691874631518,36.6720803428344,final,30.3668791322316,42.9772815534371
panel_ridge,1008,2012,59.7,49.7115575528607,53.124547483107,final,46.8193462725042,59.4297486937098
panel_ridge,1009,2012,35.2,34.6300876907032,34.1005184924156,final,27.7953172818129,40.4057197030184
panel_ridge,1010,2012,32.6,33.5174326684246,32.7678803843848,final,26.462679173782,39.0730815949875
panel_ridge,1011,2012,48.2,47.5629866175582,48.5783289050873,final,42.2731276944845,54.8835301156901
panel_ridge,1012,2012,40.4,39.8678761000474,40.5400800960195,final,34.2348788854167,46.8452813066223
panel_ridge,1013,2012,31.4,33.6004296422161,33.0238206554918,final,26.718619444889,39.3290218660946
panel_ridge,1014,2012,44.0,43.1503186667477,43.3426570965025,final,37.0374558858998,49.6478583071053
panel_ridge,1015,2012,40.7,43.9008191848445,43.841471123804,final,37.5362699132012,50.1466723344068
panel_ridge,1016,2012,45.7,45.9335519993348,45.6221790003296,final,39.3169777897269,51.9273802109324
panel_ridge,1001,2013,48.6,47.7355853319499,47.4484301940531,final,41.1432289834503,53.7536314046558
panel_ridge,1002,2013,48.6,43.9669899319529,42.9781824668987,final,36.6729812562959,49.2833836775015
panel_ridge,1003,2013,36.6,38.4754478400302,37.289357324275,final,30.9841561136722,43.5945585348778
panel_ridge,1004,2013,36.6,40.0022845540683,39.1197260413062,final,32.8145248307034,45.424927251909
panel_ridge,1005,2013,53.0,41.6858011569482,42.3391922882629,final,36.0339910776601,48.6443934988656
panel_ridge,1006,2013,33.7,38.105086578941,38.3816691823635,final,32.0764679717607,44.6868703929662
panel_ridge,1007,2013,36.6,36.1622016384774,35.5577968615722,final,29.2525956509694,41.862998072175
panel_ridge,1008,2013,56.4,52.687460708646,56.3042278256807,final,49.9990266150779,62.6094290362834
panel_ridge,1009,2013,33.4,36.8031088138834,37.0094713284363,final,30.7042701178335,43.314672539039
panel_ridge,1010,2013,33.0,33.742076779242,33.4098788089567,final,27.1046775983539,39.7150800195595
panel_ridge,1011,2013,52.9,47.537945191129,47.7686046825281,final,41.4634034719253,54.0738058931309
panel_ridge,1012,2013,41.2,43.1227824595136,43.3154619722326,final,37.0102607616299,49.6206631828354
panel_ridge,1013,2013,31.2,35.716343965803,34.9195789430846,final,28.6143777324819,41.2247801536874
panel_ridge,1014,2013,45.5,43.2435813297103,43.5512468663872,final,37.2460456557844,49.85644807699
panel_ridge,1015,2013,48.9,44.4628545910703,43.3038533116831,final,36.9986521010803,49.6090545222859
panel_ridge,1016,2013,53.5,44.7690389435204,44.6844708844079,final,38.3792696738051,50.9896720950107
panel_ridge,1001,2014,54.0,50.3572149454349,50.670215351998,final,44.3650141413952,56.9754165626008
panel_ridge,1002,2014,52.4,46.3270022317702,48.0045929628258,final,41.699391752223,54.3097941734286
panel_ridge,1003,2014,43.9,41.1856652310952,40.5065745607097,final,34.2013733501069,46.8117757713125
panel_ridge,1004,2014,45.6,43.2366127293854,42.0046618057984,final,35.6994605951956,48.3098630164012
panel_ridge,1005,2014,54.5,45.4785148694169,49.5753320206097,final,43.2701308100069,55.8805332312124
panel_ridge,1006,2014,39.0,39.8575111421415,38.2624504136325,final,31.9572492030297,44.5676516242353
panel_ridge,1007,2014,38.9,40.1980831715444,40.3566078590746,final,34.0514066484719,46.6618090696774
panel_ridge,1008,2014,65.7,54.7555838407848,56.0998765171184,final,49.7946753065156,62.4050777277211
panel_ridge,1009,2014,37.6,39.3523182482469,38.120068864133,final,31.8148676535302,44.4252700747358
panel_ridge,1010,2014,36.1,36.6485636921108,36.3798612484934,final,30.0746600378906,42.6850624590962
panel_ridge,1011,2014,57.6,50.3548071334209,52.2963814694693,final,45.9911802588665,58.6015826800721
panel_ridge,1012,2014,48.4,45.6963088082548,45.0000784991167,final,38.694877288514,51.3052797097195
panel_ridge,1013,2014,37.4,37.4197125191176,35.7843660242882,final,29.4791648136855,42.089567234891
panel_ridge,1014,2014,48.2,46.1533162472276,46.9703546285524,final,40.6651534179497,53.2755558391552
panel_ridge,1015,2014,52.1,46.9919713880746,48.5986404652053,final,42.2934392546025,54.9038416758081
panel_ridge,1016,2014,59.6,48.2414719832112,51.4029111181215,final,45.0977099075187,57.7081123287243
panel_ridge,1001,2015,51.9,49.2918638966721,50.6108988983254,final,44.3056976877226,56.9161001089281
panel_ridge,1002,2015,45.4,46.1976843632023,48.3966877359703,final,42.0914865253676,54.7018889465731
panel_ridge,1003,2015,36.3,40.4436256821178,41.4264732871125,final,35.1212720765097,47.7316744977153
panel_ridge,1004,2015,44.1,43.2766652454601,44.1324364440642,final,37.8272352334615,50.437637654667
panel_ridge,1005,2015,43.8,44.2852244924728,47.5518610015969,final,41.2466597909941,53.8570622121997
panel_ridge,1006,2015,35.8,40.066785432827,39.7562847598941,final,33.4510835492913,46.0614859704969
panel_ridge,1007,2015,32.4,39.03948055735,38.5694508650467,final,32.2642496544439,44.8746520756495
panel_ridge,1008,2015,58.4,54.0945065195775,58.0574271340052,final,51.7522259234024,64.362628344608
panel_ridge,1009,2015,35.5,39.1770338304298,38.5425277948412,final,32.2373265842384,44.847729005444
panel_ridge,1010,2015,32.6,36.1936192746553,35.9949869920221,final,29.6897857814193,42.3001882026249
panel_ridge,1011,2015,55.3,50.9575067108729,53.5809563082546,final,47.2757550976518,59.8861575188574
panel_ridge,1012,2015,43.5,44.9763466683651,45.9553402851047,final,39.6501390745019,52.2605414957075
panel_ridge,1013,2015,34.5,37.6220659819041,37.6149281732501,final,31.3097269626473,43.9201293838529
panel_ridge,1014,2015,49.1,46.1152255728651,46.8563199462042,final,40.5511187356015,53.161521156807
panel_ridge,1015,2015,47.5,46.3486155685958,48.1982082367475,final,41.8930070261447,54.5034094473503
panel_ridge,1016,2015,57.5,49.2363119058611,53.3491804383122,final,47.0439792277095,59.654381648915
panel_ridge,1001,2016,52.7,50.1563093810436,51.1007029584395,final,44.7955017478367,57.4059041690423
panel_ridge,1002,2016,43.0,45.7216989507614,45.432861267622,final,39.1276600570192,51.7380624782247
panel_ridge,1003,2016,35.2,40.6149633914995,39.1145764000646,final,32.8093751894618,45.4197776106674
panel_ridge,1004,2016,49.4,42.7883495380855,43.0864751049385,final,36.7812738943357,49.3916763155412
panel_ridge,1005,2016,45.8,44.7752590254252,44.599561563279,final,38.2943603526762,50.9047627738818
panel_ridge,1006,2016,39.4,40.0646491817909,38.5196666351567,final,32.2144654245539,44.8248678457594
panel_ridge,1007,2016,34.7,39.2728007207474,36.8686766462385,final,30.5634754356357,43.1738778568413
panel_ridge,1008,2016,59.6,55.2836416801566,56.842640225226,final,50.5374390146232,63.1478414358287
panel_ridge,1009,2016,35.5,39.6089486812944,38.2775123621182,final,31.9723111515154,44.5827135727209
panel_ridge,1010,2016,32.1,36.0794645152256,34.7782322067352,final,28.4730309961324,41.0834334173379
panel_ridge,1011,2016,48.3,49.8075288086889,51.3799248070817,final,45.0747235964789,57.6851260176845
panel_ridge,1012,2016,47.3,45.2300601483972,44.6954820986417,final,38.3902808880389,51.0006833092445
panel_ridge,1013,2016,33.1,37.575031159238,36.4445460370259,final,30.1393448264231,42.7497472476287
panel_ridge,1014,2016,42.1,45.4869718311844,46.5677443397069,final,40.2625431291042,52.8729455503097
panel_ridge,1015,2016,46.3,46.5506725204097,46.9675833023066,final,40.6623820917038,53.2727845129093
panel_ridge,1016,2016,48.2,48.8180441661323,51.8102860018825,final,45.5050847912797,58.1154872124853
panel_ridge,1001,2017,53.8,50.2546168414153,51.1756750179267,final,44.8704738073239,57.4808762285295
panel_ridge,1002,2017,50.2,49.0278983942203,48.0423842542855,final,41.7371830436827,54.3475854648882
panel_ridge,1003,2017,42.6,42.0081674178198,40.0474351376903,final,33.7422339270875,46.3526363482931
panel_ridge,1004,2017,52.4,43.3027965588481,45.6968434892409,final,39.3916422786381,52.0020446998437
panel_ridge,1005,2017,48.3,45.5934429350531,45.9644967284683,final,39.6592955178655,52.269697939071
panel_ridge,1006,2017,41.1,40.3895264497693,40.1488601679353,final,33.8436589573326,46.4540613785381
panel_ridge,1007,2017,36.8,39.80452797096,38.1487387558669,final,31.8435375452641,44.4539399664696
panel_ridge,1008,2017,62.9,55.6823512387323,57.2452838900607,final,50.9400826794579,63.5504851006635
panel_ridge,1009,2017,38.5,39.5352469187725,38.0474163030648,final,31.742215092462,44.3526175136676
panel_ridge,1010,2017,34.4,37.5135326503458,36.0725876303146,final,29.7673864197118,42.3777888409173
panel_ridge,1011,2017,54.4,53.7619663625786,53.2160974093255,final,46.9108961987227,59.5212986199283
panel_ridge,1012,2017,48.2,45.9533052972638,46.7028205924799,final,40.3976193818771,53.0080218030827
panel_ridge,1013,2017,36.0,37.7221765819884,36.1017892563275,final,29.7965880457247,42.4069904669303
panel_ridge,1014,2017,46.5,47.4770074205876,46.2506011605346,final,39.9453999499318,52.5558023711374
panel_ridge,1015,2017,50.5,48.9879341782772,48.8971668605738,final,42.591965649971,55.2023680711766
panel_ridge,1016,2017,52.0,50.7815959924586,50.5578051633306,final,44.2526039527278,56.8630063739334
panel_ridge,1001,2018,45.0,47.3104542983306,48.5942205404768,final,42.289019329874,54.8994217510796
panel_ridge,1002,2018,38.3,43.0460790802495,43.4704914516519,final,37.1652902410491,49.7756926622547
panel_ridge,1003,2018,34.9,38.4116246777482,38.6259244180077,final,32.320723207405,44.9311256286105
panel_ridge,1004,2018,47.1,41.3448343518702,44.6388880981934,final,38.3336868875906,50.9440893087962
panel_ridge,1005,2018,31.1,42.6887085929796,43.6687399286641,final,37.3635387180613,49.9739411392669
panel_ridge,1006,2018,38.0,38.1294875010342,38.3867465669593,final,32.0815453563565,44.6919477775621
panel_ridge,1007,2018,32.0,35.730575865782,34.6426506937557,final,28.3374494831529,40.9478519043584
panel_ridge,1008,2018,55.7,53.2104002926819,55.8238763016001,final,49.5186750909973,62.1290775122029
panel_ridge,1009,2018,37.3,37.0829257071668,36.7080677617321,final,30.4028665511293,43.0132689723349
panel_ridge,1010,2018,28.7,33.5631212906122,32.4357260468413,final,26.1305248362385,38.740927257444
panel_ridge,1011,2018,45.6,48.4584451026931,48.6894740235284,final,42.3842728129256,54.9946752341312
panel_ridge,1012,2018,43.0,43.582464684141,44.3959820634396,final,38.0907808528368,50.7011832740424
panel_ridge,1013,2018,33.9,35.325143405621,34.7015515228599,final,28.3963503122571,41.0067527334627
panel_ridge,1014,2018,38.0,43.5821919093931,43.2284222070015,final,36.9232209963987,49.5336234176042
panel_ridge,1015,2018,38.6,44.2382097668566,44.785721550775,final,38.4805203401722,51.0909227613777
panel_ridge,1016,2018,37.2,47.2426058400174,47.6837840890848,final,41.378582878482,53.9889852996876
panel_ridge,1001,2019,47.1,50.0163525413695,49.1797481182238,final,42.874546907621,55.4849493288265
panel_ridge,1002,2019,44.8,47.5875620947673,45.8690296165421,final,39.5638284059393,52.1742308271448
panel_ridge,1003,2019,34.6,40.8065571351293,39.5350146770272,final,33.2298134664244,45.84021588763
panel_ridge,1004,2019,47.5,43.7096442579365,45.7935621439734,final,39.4883609333706,52.0987633545762
panel_ridge,1005,2019,35.4,45.1117677118595,40.9155518964507,final,34.6103506858479,47.2207531070535
panel_ridge,1006,2019,38.5,40.6897497407495,40.642862937498,final,34.3376617268953,46.9480641481008
panel_ridge,1007,2019,34.9,38.3326688686486,36.9818452351974,final,30.6766440245946,43.2870464458002
panel_ridge,1008,2019,60.2,55.636280757474,56.5377528742389,final,50.2325516636361,62.8429540848417
panel_ridge,1009,2019,36.9,39.94828097976,40.0268825403564,final,33.7216813297536,46.3320837509591
panel_ridge,1010,2019,30.0,36.3718294986409,34.6109165972431,final,28.3057153866403,40.9161178078458
panel_ridge,1011,2019,52.9,52.3107878451955,51.2757585793233,final,44.9705573687205,57.580959789926
panel_ridge,1012,2019,42.9,46.1133266269895,45.9024189576923,final,39.5972177470895,52.2076201682951
panel_ridge,1013,2019,33.1,38.3548575106324,37.8388199168046,final,31.5336187062018,44.1440211274074
panel_ridge,1014,2019,46.1,46.9871344998837,44.9658495752605,final,38.6606483646577,51.2710507858633
panel_ridge,1015,2019,41.3,47.5463563860947,45.5047876638811,final,39.1995864532783,51.8099888744839
panel_ridge,1016,2019,47.0,49.6447646615068,46.0083852396163,final,39.7031840290135,52.3135864502191
local_ridge,1001,1999,40.0,40.038899639763,40.038899639763,final,34.9149604452566,45.1628388342694
local_ridge,1002,1999,37.2,37.4095491087319,37.4095491087319,final,32.2856099142255,42.5334883032383
local_ridge,1003,1999,28.9,29.3441961802164,29.3441961802164,final,24.22025698571,34.4681353747228
local_ridge,1004,1999,31.5,31.0618728386059,31.0618728386059,final,25.9379336440995,36.1858120331123
local_ridge,1005,1999,34.6,34.4885664074429,34.4885664074429,final,29.3646272129365,39.6125056019493
local_ridge,1006,1999,29.9,29.8910363012529,29.8910363012529,final,24.7670971067465,35.0149754957593
local_ridge,1007,1999,29.3,29.8075838283628,29.8075838283628,final,24.6836446338564,34.9315230228692
local_ridge,1008,1999,42.0,44.138098387836,44.138098387836,final,39.0141591933296,49.2620375823424
local_ridge,1009,1999,29.4,29.5990359469864,29.5990359469864,final,24.47509675248,34.7229751414928
local_ridge,1010,1999,26.7,26.9148957697844,26.9148957697844,final,21.790956575278,32.0388349642908
local_ridge,1011,1999,37.1,37.5550105751942,37.5550105751942,final,32.4310713806878,42.6789497697006
local_ridge,1012,1999,35.3,35.1897689283043,35.1897689283043,final,30.0658297337979,40.3137081228107
local_ridge,1013,1999,30.2,30.1757462578249,30.1757462578249,final,25.0518070633185,35.2996854523313
local_ridge,1014,1999,34.3,34.7249616610041,34.7249616610041,final,29.6010224664977,39.8489008555105
local_ridge,1015,1999,40.2,40.2141395026855,40.2141395026855,final,35.0902003081791,45.3380786971919
local_ridge,1016,1999,39.9,39.517896644191,39.517896644191,final,34.3939574496846,44.6418358386974
local_ridge,1001,2000,38.9,39.2868182463286,39.2831690097327,final,34.1592298152263,44.4071082042391
local_ridge,1002,2000,31.1,33.0323731493429,33.0127150167514,final,27.888775822245,38.1366542112578
local_ridge,1003,2000,25.4,26.0843683357054,26.042697591028,final,20.9187583965216,31.1666367855344
local_ridge,1004,2000,29.9,30.4119932911346,30.4530946915785,final,25.3291554970721,35.5770338860849
local_ridge,1005,2000,27.2,28.0020600244857,28.0125137856632,final,22.8885745911568,33.1364529801696
local_ridge,1006,2000,29.0,29.2178792600307,29.2187201587563,final,24.0947809642499,34.3426593532627
local_ridge,1007,2000,26.8,27.7154739849623,27.6678567449766,final,22.5439175504702,32.791795939483
local_ridge,1008,2000,44.1,44.4727730509229,44.2721946669048,final,39.1482554723984,49.3961338614112
local_ridge,1009,2000,27.9,28.3379824968874,28.3193106205906,final,23.1953714260842,33.443249815097
local_ridge,1010,2000,18.3,24.7399312399903,24.7197715286875,final,19.5958323341811,29.8437107231939
local_ridge,1011,2000,37.3,37.7826279950597,37.7399427349226,final,32.6160035404162,42.863881929429
local_ridge,1012,2000,32.9,33.6377680709859,33.6481090217836,final,28.5241698272772,38.77204821629
local_ridge,1013,2000,25.7,26.863145537341,26.8654208191706,final,21.7414816246642,31.989360013677
local_ridge,1014,2000,33.6,33.8046570398232,33.7647907157482,final,28.6408515212418,38.8887299102546
local_ridge,1015,2000,34.6,35.25192998679,35.2506035377287,final,30.1266643432223,40.3745427322351
local_ridge,1016,2000,32.9,33.4817701781632,33.5176158969908,final,28.3936767024844,38.6415550914972
local_ridge,1001,2001,40.0,40.5076295800595,40.4713415499114,final,35.347402355405,45.5952807444178
local_ridge,1002,2001,38.3,38.517640695978,38.3363617212497,final,33.2124225267433,43.4603009157561
local_ridge,1003,2001,29.5,29.8287188234474,29.7645171498342,final,24.6405779553278,34.8884563443406
local_ridge,1004,2001,30.2,30.1182109697957,30.0701800711485,final,24.9462408766421,35.1941192656549
local_ridge,1005,2001,35.7,35.9267306564346,35.8514881397608,final,30.7275489452544,40.9754273342672
local_ridge,1006,2001,28.0,28.4866363603026,28.4661967630714,final,23.342257568565,33.5901359575778
local_ridge,1007,2001,31.0,30.9185815885096,30.8326995292185,final,25.7087603347121,35.9566387237249
local_ridge,1008,2001,46.3,46.7528271427266,46.7178567145251,final,41.5939175200187,51.8417959090315
local_ridge,1009,2001,28.3,28.4769426228241,28.4358547935859,final,23.3119155990795,33.5597939880923
local_ridge,1010,2001,28.7,28.7858683070097,28.1817281941629,final,23.0577889996565,33.3056673886693
local_ridge,1011,2001,36.7,37.9057027943667,37.8604267004873,final,32.7364875059809,42.9843658949937
local_ridge,1012,2001,35.0,35.1523580875025,35.0831469004494,final,29.959207705943,40.2070860949558
local_ridge,1013,2001,27.3,27.5799814311584,27.4708649126741,final,22.3469257181677,32.5948041071805
local_ridge,1014,2001,34.7,35.1070672281284,35.0878680282416,final,29.9639288337352,40.211807222748
local_ridge,1015,2001,41.9,42.0232294124902,41.9620708315815,final,36.8381316370751,47.0860100260879
local_ridge,1016,2001,38.5,39.2671822892024,39.2126055106641,final,34.0886663161577,44.3365447051705
local_ridge,1001,2002,43.3,42.928369211039,42.8807476790144,final,37.756808484508,48.0046868735208
local_ridge,1002,2002,41.9,41.3344499986061,41.3140327814452,final,36.1900935869388,46.4379719759516
local_ridge,1003,2002,31.2,30.9687796991317,30.9379420675342,final,25.8140028730278,36.0618812620406
local_ridge,1004,2002,34.9,34.8926518641731,34.9003246221725,final,29.7763854276661,40.0242638166789
local_ridge,1005,2002,34.5,34.2747556456305,34.2534856849338,final,29.1295464904274,39.3774248794402
local_ridge,1006,2002,31.5,31.4158587939608,31.3702066690122,final,26.2462674745058,36.4941458635186
local_ridge,1007,2002,32.5,32.5499188029438,32.5575567926167,final,27.4336175981103,37.6814959871231
local_ridge,1008,2002,48.8,48.0249654798007,47.9824850509092,final,42.8585458564028,53.1064242454156
local_ridge,1009,2002,32.4,32.1884098172074,32.171810550517,final,27.0478713560106,37.2957497450234
local_ridge,1010,2002,28.8,28.6630192056984,28.6549637643041,final,23.5310245697977,33.7789029588105
local_ridge,1011,2002,43.6,43.1782491184577,43.0651402365297,final,37.9412010420233,48.1890794310361
local_ridge,1012,2002,37.0,37.028263098362,37.0139701457284,final,31.890030951222,42.1379093402348
local_ridge,1013,2002,31.3,31.1776124925279,31.1513469926162,final,26.0274077981098,36.2752861871226
local_ridge,1014,2002,38.7,38.5420037078036,38.5038160887169,final,33.3798768942105,43.6277552832233
local_ridge,1015,2002,41.8,41.4134454295249,41.4018850838639,final,36.2779458893575,46.5258242783703
local_ridge,1016,2002,41.3,40.9670270008479,40.8950564195636,final,35.7711172250572,46.01899561407
local_ridge,1001,2003,37.2,41.8664348550941,41.9012981258983,final,36.7773589313919,47.0252373204047
local_ridge,1002,2003,34.8,35.3010378498922,35.3540929880497,final,30.2301537935433,40.4780321825561
local_ridge,1003,2003,27.4,28.1284528316011,28.1501439729276,final,23.0262047784212,33.274083167434
local_ridge,1004,2003,31.9,31.8983387150628,31.8990280552813,final,26.7750888607749,37.0229672497877
local_ridge,1005,2003,23.3,30.0752153244671,30.0963458528215,final,24.9724066583151,35.2202850473279
local_ridge,1006,2003,29.4,30.0975223968138,30.1054158161404,final,24.981476621634,35.2293550106468
local_ridge,1007,2003,32.6,32.1940421561475,32.1893591944636,final,27.0654199999572,37.31329838897
local_ridge,1008,2003,42.3,46.1848617900366,46.2575690015028,final,41.1336298069964,51.3815081960092
local_ridge,1009,2003,30.0,30.3368603173167,30.356709926287,final,25.2327707317806,35.4806491207934
local_ridge,1010,2003,27.2,27.5949808714702,27.6078312559608,final,22.4838920614544,32.7317704504672
local_ridge,1011,2003,40.9,40.8850307101203,40.9245958259069,final,35.8006566314005,46.0485350204133
local_ridge,1012,2003,36.5,36.7188701165681,36.7162187107072,final,31.5922795162008,41.8401579052136
local_ridge,1013,2003,28.2,28.3152051019953,28.326686467218,final,23.2027472727116,33.4506256617244
local_ridge,1014,2003,40.9,40.8985695120359,40.9133913935498,final,35.7894521990434,46.0373305880562
local_ridge,1015,2003,32.7,33.6839108903445,33.7201741846446,final,28.5962349901382,38.844113379151
local_ridge,1016,2003,30.7,32.3839304034812,32.4151671260153,final,27.2912279315089,37.5391063205217
local_ridge,1001,2004,48.7,47.8852664496606,47.4475008315369,final,42.3235616370305,52.5714400260433
local_ridge,1002,2004,45.4,43.1167305486523,43.0697273972375,final,37.9457882027311,48.1936665917439
local_ridge,1003,2004,36.5,35.5065017470155,35.4381644372699,final,30.3142252427635,40.5621036317763
local_ridge,1004,2004,35.3,34.9792462827354,34.9794021304971,final,29.8554629359907,40.1033413250035
local_ridge,1005,2004,42.4,41.7135592437228,41.0779656017803,final,35.9540264072739,46.2019047962867
local_ridge,1006,2004,34.0,33.5658003791936,33.5003647023485,final,28.3764255078421,38.6243038968549
local_ridge,1007,2004,36.1,35.6630816028048,35.7011651488019,final,30.5772259542955,40.8251043433083
local_ridge,1008,2004,56.0,54.2326398036302,53.8681947881846,final,48.7442555936782,58.992133982691
local_ridge,1009,2004,34.3,32.7625795329957,32.7309781350097,final,27.6070389405033,37.8549173295161
local_ridge,1010,2004,30.7,30.7471745783771,30.7101207994826,final,25.5861816049762,35.834059993989
local_ridge,1011,2004,47.1,46.6236440938642,46.6250483865717,final,41.5011091920653,51.7489875810781
local_ridge,1012,2004,42.6,38.5164628648084,38.4959303137617,final,33.3719911192553,43.6198695082681
local_ridge,1013,2004,31.8,30.4208877157492,30.4100801433193,final,25.2861409488129,35.5340193378257
local_ridge,1014,2004,43.3,43.1068338531883,43.1069680495218,final,37.9830288550154,48.2309072440282
local_ridge,1015,2004,48.5,45.358786518814,45.2664842854248,final,40.1425450909184,50.3904234799312
local_ridge,1016,2004,47.3,46.4371831838203,46.2792110151629,final,41.1552718206565,51.4031502096693
local_ridge,1001,2005,46.4,44.7314993354488,44.8079307755837,final,39.6839915810773,49.9318699700901
local_ridge,1002,2005,39.7,39.6876909040731,39.901888014662,final,34.7779488201556,45.0258272091684
local_ridge,1003,2005,33.2,32.7282660190662,32.821467658075,final,27.6975284635686,37.9454068525814
local_ridge,1004,2005,33.9,33.7257086158761,33.7557990282925,final,28.6318598337861,38.8797382227989
local_ridge,1005,2005,37.2,37.12791348469,37.1923095753477,final,32.0683703808414,42.3162487698541
local_ridge,1006,2005,34.4,32.7350071569875,32.7757401086506,final,27.6518009141442,37.899679303157
local_ridge,1007,2005,33.7,33.677463515208,33.7184515195747,final,28.5945123250683,38.8423907140811
local_ridge,1008,2005,52.7,52.0553387684759,52.2211376176694,final,47.097198423163,57.3450768121758
local_ridge,1009,2005,30.7,30.8439000112138,30.9881278515145,final,25.8641886570081,36.1120670460209
local_ridge,1010,2005,30.4,28.9942142338233,28.9897887121769,final,23.8658495176705,34.1137279066833
local_ridge,1011,2005,45.0,44.9137110956436,44.9583987949627,final,39.8344596004563,50.0823379894691
local_ridge,1012,2005,37.0,37.0916516837871,37.4747347469026,final,32.3507955523962,42.598673941409
local_ridge,1013,2005,30.0,29.9231820786626,30.0525587785041,final,24.9286195839977,35.1764979730105
local_ridge,1014,2005,38.7,38.7720399877534,38.7901612088323,final,33.6662220143259,43.9141004033387
local_ridge,1015,2005,43.8,42.4588754296449,42.7535576236434,final,37.629618429137,47.8774968181498
local_ridge,1016,2005,42.5,42.5146425810575,42.5955847882439,final,37.4716455937375,47.7195239827503
local_ridge,1001,2006,35.5,36.4685229455143,36.6250476260121,final,31.5011084315057,41.7489868205185
local_ridge,1002,2006,37.1,37.2994087468103,37.3005634825249,final,32.1766242880185,42.4245026770313
local_ridge,1003,2006,27.9,28.2103366882785,28.2545907975002,final,23.1306516029938,33.3785299920066
local_ridge,1004,2006,26.3,27.8971255118047,27.9134760616086,final,22.7895368671022,33.037415256115
local_ridge,1005,2006,25.1,36.6656894793589,36.672452029124,final,31.5485128346176,41.7963912236304
local_ridge,1006,2006,25.0,30.6837520334437,30.839947639667,final,25.7160084451606,35.9638868341734
local_ridge,1007,2006,27.3,27.981619418082,27.9837336012864,final,22.8597944067801,33.1076727957929
local_ridge,1008,2006,42.1,43.2411000225837,43.3015767100897,final,38.1776375155833,48.4255159045961
local_ridge,1009,2006,27.4,28.3761285400702,28.3626290529214,final,23.238689858415,33.4865682474278
local_ridge,1010,2006,24.5,28.7585626032248,28.8904415845007,final,23.7665023899943,34.0143807790071
local_ridge,1011,2006,42.5,42.5485905812906,42.5566854795857,final,37.4327462850793,47.6806246740921
local_ridge,1012,2006,29.6,37.372727063446,37.3641290743492,final,32.2401898798428,42.4880682688556
local_ridge,1013,2006,21.9,25.6678009618621,25.6750073722935,final,20.5510681777871,30.7989465667999
local_ridge,1014,2006,36.4,37.2053232451649,37.1985650602233,final,32.0746258657169,42.3225042547297
local_ridge,1015,2006,34.6,35.2269197388274,35.3527327512777,final,30.2287935567713,40.4766719457841
local_ridge,1016,2006,35.9,45.2147487871818,45.2133751435445,final,40.0894359490381,50.3373143380509
local_ridge,1001,2007,43.4,43.4039457917876,43.3130871257875,final,38.1891479312811,48.4370263202939
local_ridge,1002,2007,43.0,42.6316334508849,42.6129266016483,final,37.4889874071419,47.7368657961547
local_ridge,1003,2007,36.4,35.9310625440523,35.9019493695649,final,30.7780101750585,41.0258885640713
local_ridge,1004,2007,33.5,33.7183099058919,33.5684810411146,final,28.4445418466082,38.692420235621
local_ridge,1005,2007,34.4,34.6814118590645,33.5964162765307,final,28.4724770820243,38.7203554710371
local_ridge,1006,2007,33.3,33.3595526892012,32.8263509410902,final,27.7024117465838,37.9502901355966
local_ridge,1007,2007,33.1,32.8943506608399,32.8304068675271,final,27.7064676730207,37.9543460620335
local_ridge,1008,2007,52.2,52.3174563675151,52.2104079735615,final,47.0864687790551,57.3343471680679
local_ridge,1009,2007,33.0,32.67495995341,32.5833877945818,final,27.4594486000754,37.7073269890882
local_ridge,1010,2007,29.5,29.6552181844292,29.2557157059398,final,24.1317765114334,34.3796549004462
local_ridge,1011,2007,45.9,46.0379507098173,46.0333923507029,final,40.9094531561965,51.1573315452093
local_ridge,1012,2007,38.7,38.705640023294,37.9764682308877,final,32.8525290363813,43.1004074253941
local_ridge,1013,2007,32.0,31.6885680883367,31.3351047339225,final,26.2111655394161,36.4590439284289
local_ridge,1014,2007,40.8,41.0104413258379,40.9348926812823,final,35.8109534867759,46.0588318757887
local_ridge,1015,2007,43.4,43.0271411839948,42.9683288539176,final,37.8443896594112,48.092268048424
local_ridge,1016,2007,39.5,39.8617057635419,38.9878744796793,final,33.8639352851729,44.1118136741857
local_ridge,1001,2008,45.5,45.893453538998,45.8930833780433,final,40.7691441835369,51.0170225725497
local_ridge,1002,2008,41.6,41.519027908949,41.5535849562618,final,36.4296457617554,46.6775241507682
local_ridge,1003,2008,34.1,34.0143425146871,34.0583342774865,final,28.9343950829801,39.1822734719929
local_ridge,1004,2008,38.0,38.2292740427774,38.2087940459784,final,33.084854851472,43.3327332404848
local_ridge,1005,2008,32.8,33.2568829168468,33.2304832262359,final,28.1065440317295,38.3544224207423
local_ridge,1006,2008,34.9,34.8707240219118,34.8651372901543,final,29.7411980956479,39.9890764846607
local_ridge,1007,2008,35.3,33.498148886323,33.5174411753766,final,28.3935019808702,38.641380369883
local_ridge,1008,2008,58.3,56.994883788087,56.9838650208858,final,51.8599258263794,62.1078042153922
local_ridge,1009,2008,34.9,34.3187648244956,34.3492573442305,final,29.2253181497241,39.4731965387369
local_ridge,1010,2008,31.0,30.82769433248,30.81313306964,final,25.6891938751336,35.9370722641464
local_ridge,1011,2008,46.3,46.3203550601432,46.3074136863474,final,41.183474491841,51.4313528808538
local_ridge,1012,2008,41.3,41.1408590419283,41.1403299424423,final,36.0163907479359,46.2642691369487
local_ridge,1013,2008,35.7,35.0615087414724,35.090724660594,final,29.9667854660877,40.2146638551004
local_ridge,1014,2008,43.2,42.7915268078426,42.7717849749562,final,37.6478457804498,47.8957241694626
local_ridge,1015,2008,39.0,39.847698383097,39.8826768570562,final,34.7587376625498,45.0066160515626
local_ridge,1016,2008,40.2,40.6018956912532,40.5679635027468,final,35.4440243082404,45.6919026972532
local_ridge,1001,2009,45.0,44.9976431827282,44.9607326853033,final,39.8367934907969,50.0846718798097
local_ridge,1002,2009,44.6,44.4593064880701,44.4669026077183,final,39.3429634132119,49.5908418022247
local_ridge,1003,2009,37.9,37.4966488698509,37.504684533729,final,32.3807453392226,42.6286237282354
local_ridge,1004,2009,35.0,35.3277363324919,35.3062277727085,final,30.1822885782021,40.4301669672149
local_ridge,1005,2009,44.6,43.90229367167,43.8594327642076,final,38.7354935697012,48.983371958714
local_ridge,1006,2009,32.7,32.7690821605453,32.7718285862519,final,27.6478893917455,37.8957677807583
local_ridge,1007,2009,34.9,34.2872039981565,34.4562384947347,final,29.3322993002283,39.5801776892411
local_ridge,1008,2009,52.4,52.0784681048535,52.2009031163715,final,47.0769639218651,57.3248423108779
local_ridge,1009,2009,33.1,32.8345929825709,32.8891195716654,final,27.765180377159,38.0130587661718
local_ridge,1010,2009,30.8,31.0284641890018,31.0446284555973,final,25.9206892610909,36.1685676501037
local_ridge,1011,2009,48.3,47.9051465243688,47.9032369840533,final,42.7792977895469,53.0271761785597
local_ridge,1012,2009,38.0,38.1313298906556,38.1462591550817,final,33.0223199605753,43.2701983495881
local_ridge,1013,2009,32.8,32.3855211021936,32.4454189747956,final,27.3214797802892,37.5693581693019
local_ridge,1014,2009,41.9,41.9397638931242,41.9780834079154,final,36.854144213409,47.1020226024218
local_ridge,1015,2009,47.0,46.8476251384111,46.7681012152915,final,41.6441620207851,51.8920404097979
local_ridge,1016,2009,50.1,49.6776065940142,49.6399041249632,final,44.5159649304568,54.7638433194696
local_ridge,1001,2010,51.3,51.227935555555,51.2281566523027,final,46.1042174577963,56.3520958468091
local_ridge,1002,2010,44.7,44.9943267412644,45.007525421655,final,39.8835862271486,50.1314646161614
local_ridge,1003,2010,38.5,38.6162146327743,38.6540536388451,final,33.5301144443387,43.7779928333515
local_ridge,1004,2010,37.2,37.1865178025799,37.1557723400094,final,32.031833145503,42.2797115345158
local_ridge,1005,2010,45.5,45.7823640742441,45.8478170059949,final,40.7238778114885,50.9717562005013
local_ridge,1006,2010,32.0,32.2318604190603,32.225379712557,final,27.1014405180506,37.3493189070634
local_ridge,1007,2010,34.6,34.9047924505211,34.9622798105424,final,29.838340616036,40.0862190050488
local_ridge,1008,2010,54.8,55.2013027240549,55.2314661385665,final,50.1075269440601,60.3554053330729
local_ridge,1009,2010,37.7,37.3845622510546,37.4094605022136,final,32.2855213077072,42.53339969672
local_ridge,1010,2010,33.4,33.1581561159845,33.1367235298618,final,28.0127843353554,38.2606627243682
local_ridge,1011,2010,47.5,47.9856475959085,48.0226894235983,final,42.8987502290919,53.1466286181047
local_ridge,1012,2010,35.7,40.4946048545397,40.4822845902381,final,35.3583453957317,45.6062237847445
local_ridge,1013,2010,28.0,29.3199413655046,29.3588242850206,final,24.2348850905142,34.482763479527
local_ridge,1014,2010,49.0,46.7980982596358,46.7943679460681,final,41.6704287515617,51.9183071405745
local_ridge,1015,2010,45.8,46.3656253862994,46.3799199125365,final,41.2559807180301,51.5038591070429
local_ridge,1016,2010,54.4,54.2336189360464,54.2732443280651,final,49.1493051335587,59.3971835225715
local_ridge,1001,2011,48.1,47.7765728982195,47.783333377482,final,42.6593941829756,52.9072725719884
local_ridge,1002,2011,43.4,43.1528576381206,43.1252463820287,final,38.0013071875223,48.2491855765351
local_ridge,1003,2011,38.6,38.103415818924,38.0925135408185,final,32.9685743463121,43.2164527353249
local_ridge,1004,2011,36.2,36.6091692399941,36.6104340262111,final,31.4864948317047,41.7343732207175
local_ridge,1005,2011,34.1,34.3898165833485,34.3633275639288,final,29.2393883694224,39.4872667584352
local_ridge,1006,2011,35.2,35.1375881803974,35.1158369885731,final,29.9918977940667,40.2397761830795
local_ridge,1007,2011,32.2,32.7192932450139,32.6907001842201,final,27.5667609897137,37.8146393787265
local_ridge,1008,2011,58.1,57.9844047102894,57.946757868427,final,52.8228186739207,63.0706970629334
local_ridge,1009,2011,32.9,33.1578307401287,33.1874224531676,final,28.0634832586612,38.311361647674
local_ridge,1010,2011,30.4,30.3418924010955,30.3645801575226,final,25.2406409630162,35.488519352029
local_ridge,1011,2011,48.1,48.089606628458,48.0440472610576,final,42.9201080665512,53.167986455564
local_ridge,1012,2011,42.2,41.8650574644652,41.415268016421,final,36.2913288219146,46.5392072109274
local_ridge,1013,2011,31.3,31.4823656576888,31.358539875116,final,26.2346006806096,36.4824790696224
local_ridge,1014,2011,42.0,41.9873122543802,42.1938761315906,final,37.0699369370842,47.317815326097
local_ridge,1015,2011,41.1,41.0346143951224,40.981552184988,final,35.8576129904816,46.1054913794944
local_ridge,1016,2011,41.9,41.9719904563342,41.9875989265191,final,36.8636597320127,47.1115381210255
local_ridge,1001,2012,44.8,45.2895484095625,45.3198896163993,final,40.1959504218929,50.4438288109057
local_ridge,1002,2012,41.3,41.7607030077181,41.7838878227155,final,36.6599486282091,46.9078270172219
local_ridge,1003,2012,33.6,34.0321497664977,34.0787351122123,final,28.9547959177059,39.2026743067187
local_ridge,1004,2012,36.1,36.8023730255302,36.7639882133931,final,31.6400490188867,41.8879274078995
local_ridge,1005,2012,43.2,43.0956702286604,43.0684820776004,final,37.944542883094,48.1924212721068
local_ridge,1006,2012,36.1,35.9238109600268,35.9296659113194,final,30.805726716813,41.0536051058258
local_ridge,1007,2012,35.2,35.1189664054398,35.0702506865987,final,29.9463114920923,40.1941898811051
local_ridge,1008,2012,59.7,58.3132685770452,58.3241127536005,final,53.2001735590941,63.4480519481069
local_ridge,1009,2012,35.2,34.9441701757871,34.9199826671582,final,29.7960434726518,40.0439218616646
local_ridge,1010,2012,32.6,32.2420246228518,32.247475788408,final,27.1235365939016,37.3714149829144
local_ridge,1011,2012,48.2,48.3079541202164,48.3089291388031,final,43.1849899442967,53.4328683333095
local_ridge,1012,2012,40.4,40.5533466587375,40.584768146588,final,35.4608289520816,45.7087073410944
local_ridge,1013,2012,31.4,31.3617737591541,31.3446657490046,final,26.2207265544982,36.468604943511
local_ridge,1014,2012,44.0,43.466719822457,43.4679100798968,final,38.3439708853904,48.5918492744032
local_ridge,1015,2012,40.7,42.0991600996597,42.105294026442,final,36.9813548319356,47.2292332209484
local_ridge,1016,2012,45.7,45.9095353729718,45.9027818346508,final,40.7788426401444,51.0267210291572
local_ridge,1001,2013,48.6,48.6002459963746,48.5543206874892,final,43.4303814929828,53.6782598819956
local_ridge,1002,2013,48.6,47.8390066147948,47.7957873385791,final,42.6718481440727,52.9197265330855
local_ridge,1003,2013,36.6,36.6726918835602,36.6321512319648,final,31.5082120374584,41.7560904264712
local_ridge,1004,2013,36.6,36.9495494153514,36.8836586933715,final,31.7597194988651,42.0075978878779
local_ridge,1005,2013,53.0,45.5720447218987,45.5818320623968,final,40.4578928678904,50.7057712569032
local_ridge,1006,2013,33.7,33.7058082218182,33.7223367937121,final,28.5983975992057,38.8462759882185
local_ridge,1007,2013,36.6,36.1553599989961,36.1629618883856,final,31.0390226938792,41.286901082892
local_ridge,1008,2013,56.4,56.0575634659932,56.1876549292607,final,51.0637157347543,61.3115941237671
local_ridge,1009,2013,33.4,33.4791960432384,33.5031958427875,final,28.3792566482811,38.6271350372939
local_ridge,1010,2013,33.0,32.8228510202699,32.8564332553416,final,27.7324940608352,37.980372449848
local_ridge,1011,2013,52.9,52.0098745670715,51.9997472206854,final,46.875808026179,57.1236864151918
local_ridge,1012,2013,41.2,41.1789170655093,41.164531373448,final,36.0405921789416,46.2884705679544
local_ridge,1013,2013,31.2,31.1127563428477,31.1163424068285,final,25.9924032123221,36.2402816013349
local_ridge,1014,2013,45.5,45.2030219848336,45.2530498398888,final,40.1291106453824,50.3769890343952
local_ridge,1015,2013,48.9,48.4637659555899,48.3325085385463,final,43.20856934404,53.4564477330527
local_ridge,1016,2013,53.5,49.2105464871256,49.1908896431073,final,44.0669504486009,54.3148288376137
local_ridge,1001,2014,54.0,53.7288341463998,53.7288110690917,final,48.6048718745853,58.8527502635981
local_ridge,1002,2014,52.4,45.8132718659149,45.8846618563481,final,40.7607226618417,51.0086010508545
local_ridge,1003,2014,43.9,41.5988382445801,41.5920189042641,final,36.4680797097577,46.7159580987705
local_ridge,1004,2014,45.6,45.4008147660669,45.3680229837689,final,40.2440837892625,50.4919621782753
local_ridge,1005,2014,54.5,44.6033733708722,45.3002015779913,final,40.1762623834849,50.4241407724977
local_ridge,1006,2014,39.0,38.3034668737647,38.3029219953096,final,33.1789828008032,43.426861189816
local_ridge,1007,2014,38.9,38.0891875149989,38.1308998952049,final,33.0069607006985,43.2548390897113
local_ridge,1008,2014,65.7,64.960907142515,64.9930316541888,final,59.8690924596824,70.1169708486952
local_ridge,1009,2014,37.6,37.4087651937265,37.4013356879265,final,32.2773964934201,42.5252748824329
local_ridge,1010,2014,36.1,35.1470241076982,35.1636427330556,final,30.0397035385492,40.287581927562
local_ridge,1011,2014,57.6,50.7169885429741,50.8004926145949,final,45.6765534200885,55.9244318091013
local_ridge,1012,2014,48.4,43.7206248693877,43.7226026927445,final,38.5986634982381,48.8465418872509
local_ridge,1013,2014,37.4,36.7595255438685,36.7677100090301,final,31.6437708145237,41.8916492035365
local_ridge,1014,2014,48.2,47.8081809900359,47.8360409663167,final,42.7121017718103,52.9599801608231
local_ridge,1015,2014,52.1,50.6553731118734,50.6962969160253,final,45.5723577215189,55.8202361105317
local_ridge,1016,2014,59.6,53.4342230760361,53.8366234795105,final,48.7126842850041,58.9605626740169
local_ridge,1001,2015,51.9,51.3244992994931,51.3499377961617,final,46.2259986016553,56.4738769906681
local_ridge,1002,2015,45.4,45.5421141447671,46.1600255059175,final,41.0360863114111,51.2839647004239
local_ridge,1003,2015,36.3,39.5159647747342,39.7318403906049,final,34.6079011960985,44.8557795851113
local_ridge,1004,2015,44.1,42.5452755670998,42.5639614482407,final,37.4400222537343,47.6879006427471
local_ridge,1005,2015,43.8,43.6603197750899,44.5887379376001,final,39.4647987430937,49.7126771321064
local_ridge,1006,2015,35.8,35.9374197136406,36.0027625854515,final,30.8788233909451,41.1267017799579
local_ridge,1007,2015,32.4,34.0984586153911,34.1745222141986,final,29.0505830196922,39.298461408705
local_ridge,1008,2015,58.4,59.2695407215686,59.3388761889339,final,54.2149369944275,64.4628153834403
local_ridge,1009,2015,35.5,36.1263907360842,36.1443307750593,final,31.0203915805529,41.2682699695657
local_ridge,1010,2015,32.6,32.8664849240709,32.9558850964734,final,27.831945901967,38.0798242909798
local_ridge,1011,2015,55.3,54.4814241900952,55.1271303573523,final,50.0031911628459,60.2510695518587
local_ridge,1012,2015,43.5,43.3724137879464,43.8113933537383,final,38.6874541592319,48.9353325482447
local_ridge,1013,2015,34.5,35.0485318204224,35.1086157399214,final,29.984676545415,40.2325549344278
local_ridge,1014,2015,49.1,48.3110339694006,48.3477911290773,final,43.2238519345709,53.4717303235837
local_ridge,1015,2015,47.5,47.6122861809714,47.7478089091948,final,42.6238697146884,52.8717481037012
local_ridge,1016,2015,57.5,54.2734464952755,54.8518677590773,final,49.7279285645709,59.9758069535837
local_ridge,1001,2016,52.7,52.5242065100263,52.5781951389714,final,47.454255944465,57.7021343334778
local_ridge,1002,2016,43.0,43.094304501228,43.0809725490289,final,37.9570333545225,48.2049117435353
local_ridge,1003,2016,35.2,35.8559793484805,35.554284617665,final,30.4303454231586,40.6782238121714
local_ridge,1004,2016,49.4,48.8190362330413,48.9648873856911,final,43.8409481911847,54.0888265801975
local_ridge,1005,2016,45.8,45.7331421103504,45.7462457326866,final,40.6223065381802,50.870184927193
local_ridge,1006,2016,39.4,39.3494982266722,39.3366066664657,final,34.2126674719593,44.4605458609721
local_ridge,1007,2016,34.7,35.326752257571,35.1674171744266,final,30.0434779799202,40.291356368933
local_ridge,1008,2016,59.6,60.5705015685768,60.4889285812146,final,55.3649893867082,65.612867775721
local_ridge,1009,2016,35.5,36.1106596508556,36.0518969473606,final,30.9279577528542,41.175836141867
local_ridge,1010,2016,32.1,32.165014287739,32.1400149164568,final,27.0160757219504,37.2639541109632
local_ridge,1011,2016,48.3,48.7902769065471,48.8670687951155,final,43.7431296006091,53.9910079896219
local_ridge,1012,2016,47.3,46.6073555257483,46.6193245896521,final,41.4953853951457,51.7432637841585
local_ridge,1013,2016,33.1,33.572551807134,33.5210931713908,final,28.3971539768844,38.6450323658972
local_ridge,1014,2016,42.1,42.5581727825378,42.6321869309807,final,37.5082477364743,47.7561261254871
local_ridge,1015,2016,46.3,46.3034034434539,46.2928696996117,final,41.1689305051053,51.4168088941181
local_ridge,1016,2016,48.2,48.2703251096969,48.5730131859835,final,43.4490739914771,53.6969523804899
local_ridge,1001,2017,53.8,53.2995413477201,53.3160328124442,final,48.1920936179378,58.4399720069506
local_ridge,1002,2017,50.2,48.9619567873624,48.9531099332749,final,43.8291707387685,54.0770491277813
local_ridge,1003,2017,42.6,40.9428781206079,40.8813396626884,final,35.757400468182,46.0052788571948
local_ridge,1004,2017,52.4,44.1140934993454,44.1685946271759,final,39.0446554326695,49.2925338216823
local_ridge,1005,2017,48.3,47.4969089822999,47.5031810264402,final,42.3792418319338,52.6271202209466
local_ridge,1006,2017,41.1,37.2888298677322,37.2935675187878,final,32.1696283242814,42.4175067132942
local_ridge,1007,2017,36.8,36.4151103243399,36.3563137059436,final,31.2323745114372,41.48025290045
local_ridge,1008,2017,62.9,62.1342787445369,62.0432344607848,final,56.9192952662784,67.1671736552912
local_ridge,1009,2017,38.5,38.104125218169,38.0468382726053,final,32.9228990780989,43.1707774671117
local_ridge,1010,2017,34.4,34.0933645453944,34.0872654524588,final,28.9633262579524,39.2112046469652
local_ridge,1011,2017,54.4,53.8564026706647,53.8104090203275,final,48.6864698258211,58.9343482148339
local_ridge,1012,2017,48.2,44.820503679883,44.8854817511144,final,39.761542556608,50.0094209456208
local_ridge,1013,2017,36.0,34.4575424162518,34.4132115854636,final,29.2892723909572,39.53715077997
local_ridge,1014,2017,46.5,46.6172433715829,46.5742614597844,final,41.450322265278,51.6982006542908
local_ridge,1015,2017,50.5,49.1391277613268,49.1388084789252,final,44.0148692844189,54.2627476734316
local_ridge,1016,2017,52.0,51.8074782686132,51.8008809590885,final,46.6769417645821,56.9248201535949
local_ridge,1001,2018,45.0,45.7265628146919,45.7735116306647,final,40.6495724361583,50.8974508251711
local_ridge,1002,2018,38.3,38.9564718493551,39.0726146369594,final,33.948675442453,44.1965538314658
local_ridge,1003,2018,34.9,35.1896590673165,35.3451162860209,final,30.2211770915145,40.4690554805273
local_ridge,1004,2018,47.1,46.4248531949387,47.2021671602274,final,42.078227965721,52.3261063547338
local_ridge,1005,2018,31.1,37.201688959769,37.2770281955433,final,32.1530890010369,42.4009673900497
local_ridge,1006,2018,38.0,37.9931861670878,38.3507180518211,final,33.2267788573147,43.4746572463275
local_ridge,1007,2018,32.0,32.1614120342205,32.1975191421106,final,27.0735799476042,37.321458336617
local_ridge,1008,2018,55.7,56.190953933158,56.2627874525614,final,51.138848258055,61.3867266470678
local_ridge,1009,2018,37.3,37.1661158070303,37.2032534450665,final,32.0793142505601,42.3271926395729
local_ridge,1010,2018,28.7,29.8125290647431,29.8412950206586,final,24.7173558261522,34.965234215165
local_ridge,1011,2018,45.6,46.4430591634288,46.4940548867757,final,41.3701156922693,51.6179940812821
local_ridge,1012,2018,43.0,43.1059176118373,43.4229534950036,final,38.2990143004972,48.54689268951
local_ridge,1013,2018,33.9,33.9326688458826,34.0773692260545,final,28.9534300315481,39.2013084205609
local_ridge,1014,2018,38.0,39.9110201953669,39.9000214096502,final,34.7760822151438,45.0239606041566
local_ridge,1015,2018,38.6,39.1491785795587,39.2768441519388,final,34.1529049574324,44.4007833464452
local_ridge,1016,2018,37.2,45.7197671887843,45.7378279562353,final,40.6138887617289,50.8617671507417
local_ridge,1001,2019,47.1,54.2314385387752,54.1632785344987,final,49.0393393399923,59.2872177290051
local_ridge,1002,2019,44.8,47.790515616845,47.7289309566413,final,42.6049917621349,52.8528701511477
local_ridge,1003,2019,34.6,40.9668755534966,40.9397021792641,final,35.8157629847577,46.0636413737705
local_ridge,1004,2019,47.5,45.886613620462,45.9499502077325,final,40.8260110132261,51.0738894022389
local_ridge,1005,2019,35.4,40.4719304015709,39.8995213308311,final,34.7755821363247,45.0234605253375
local_ridge,1006,2019,38.5,39.1459365030731,39.1465757194919,final,34.0226365249855,44.2705149139983
local_ridge,1007,2019,34.9,33.198223734445,33.1830814167812,final,28.0591422222748,38.3070206112876
local_ridge,1008,2019,60.2,64.3422441961465,64.2961870328745,final,59.1722478383681,69.4201262273809
local_ridge,1009,2019,36.9,38.1777943337803,38.1903542212131,final,33.0664150267067,43.3142934157195
local_ridge,1010,2019,30.0,32.2765460043445,32.1721778970353,final,27.0482387025289,37.2961170915417
local_ridge,1011,2019,52.9,55.7668693294657,55.6877806188646,final,50.5638414243582,60.811719813371
local_ridge,1012,2019,42.9,47.0994147676229,47.0894784693018,final,41.9655392747954,52.2134176638082
local_ridge,1013,2019,33.1,34.06859022115,34.0655255051612,final,28.9415863106548,39.1894646996676
local_ridge,1014,2019,46.1,48.5390909405534,48.3598151201359,final,43.2358759256295,53.4837543146423
local_ridge,1015,2019,41.3,46.3178925545497,46.2663732453112,final,41.1424340508048,51.3903124398176
local_ridge,1016,2019,47.0,51.4746284526286,50.6753756471175,final,45.5514364526111,55.7993148416239
pcr,1001,1999,40.0,39.9891474341954,39.9891474341954,final,31.9549048686582,48.0233899997327
pcr,1002,1999,37.2,37.7604007122615,37.7604007122615,final,29.7261581467242,45.7946432777988
pcr,1003,1999,28.9,29.0606707162872,29.0606707162872,final,21.02642815075,37.0949132818245
pcr,1004,1999,31.5,29.5440130980578,29.5440130980578,final,21.5097705325205,37.5782556635951
pcr,1005,1999,34.6,31.7218522675564,31.7218522675564,final,23.6876097020192,39.7560948330937
pcr,1006,1999,29.9,29.1160424569055,29.1160424569055,final,21.0817998913682,37.1502850224428
pcr,1007,1999,29.3,30.6110583035016,30.6110583035016,final,22.5768157379643,38.6453008690389
pcr,1008,1999,42.0,44.6365157537203,44.6365157537203,final,36.6022731881831,52.6707583192576
pcr,1009,1999,29.4,29.4803925871214,29.4803925871214,final,21.4461500215841,37.5146351526587
pcr,1010,1999,26.7,26.3996369156177,26.3996369156177,final,18.3653943500805,34.433879481155
pcr,1011,1999,37.1,39.6705535624283,39.6705535624283,final,31.636310996891,47.7047961279655
pcr,1012,1999,35.3,34.1405043765736,34.1405043765736,final,26.1062618110363,42.1747469421109
pcr,1013,1999,30.2,28.3303788291577,28.3303788291577,final,20.2961362636204,36.364621394695
pcr,1014,1999,34.3,36.3741229051817,36.3741229051817,final,28.3398803396444,44.4083654707189
pcr,1015,1999,40.2,39.7454897226076,39.7454897226076,final,31.7112471570703,47.7797322881449
pcr,1016,1999,39.9,37.1727611855771,37.1727611855771,final,29.1385186200398,45.2070037511143
pcr,1001,2000,38.9,38.3309072916253,38.3320648044542,final,30.2978222389169,46.3663073699914
pcr,1002,2000,31.1,34.8860990258454,34.8263278136308,final,26.7920852480935,42.860570379168
pcr,1003,2000,25.4,27.573777653057,27.5566408377929,final,19.5223982722556,35.5908834033302
pcr,1004,2000,29.9,28.3814864811983,28.5901081079149,final,20.5558655423776,36.6243506734521
pcr,1005,2000,27.2,29.7579532037755,30.0649306489091,final,22.0306880833718,38.0991732144463
pcr,1006,2000,29.0,27.7438344440564,27.82744977796,final,19.7932072124228,35.8616923434973
pcr,1007,2000,26.8,27.7882855832713,27.6484507430047,final,19.6142081774674,35.6826933085419
pcr,1008,2000,44.1,43.5984859155876,43.3172804510424,final,35.2830378855052,51.3515230165797
pcr,1009,2000,27.9,27.6356603752576,27.6270858636979,final,19.5928432981607,35.6613284292352
pcr,1010,2000,18.3,23.9725215221409,24.0045576442679,final,15.9703150787307,32.0388002098052
pcr,1011,2000,37.3,37.1703812208347,36.8962111508698,final,28.8619685853325,44.9304537164071
pcr,1012,2000,32.9,33.4029176528621,33.526587122678,final,25.4923445571407,41.5608296882152
pcr,1013,2000,25.7,26.7182231865607,26.9176332182012,final,18.883390652664,34.9518757837385
pcr,1014,2000,33.6,34.6425530747122,34.421331299628,final,26.3870887340908,42.4555738651653
pcr,1015,2000,34.6,37.5663908960329,37.6148680475592,final,29.5806254820219,45.6491106130965
pcr,1016,2000,32.9,35.3977122467255,35.6885940503534,final,27.6543514848161,43.7228366158906
pcr,1001,2001,40.0,42.3216632206556,42.3823615036838,final,34.3481189381466,50.4166040692211
pcr,1002,2001,38.3,39.1449232458507,38.7411055429317,final,30.7068629773945,46.775348108469
pcr,1003,2001,29.5,30.452427363503,30.2205766135565,final,22.1863340480192,38.2548191790938
pcr,1004,2001,30.2,30.3700717303099,30.5320333263559,final,22.4977907608186,38.5662758918931
pcr,1005,2001,35.7,33.3181533653813,33.0453272243133,final,25.011084658776,41.0795697898506
pcr,1006,2001,28.0,30.3779632862589,30.5119433765376,final,22.4777008110004,38.5461859420749
pcr,1007,2001,31.0,31.3669604222091,31.2615518707316,final,23.2273093051944,39.2957944362689
pcr,1008,2001,46.3,47.453191022904,47.5066815058962,final,39.472438940359,55.5409240714335
pcr,1009,2001,28.3,30.1572145798957,30.1854085123114,final,22.1511659467741,38.2196510778487
pcr,1010,2001,28.7,26.5042151998135,25.8991954696922,final,17.864952904155,33.9334380352295
pcr,1011,2001,36.7,40.7014793253948,40.7153042035347,final,32.6810616379974,48.7495467690719
pcr,1012,2001,35.0,36.4509405584374,36.3973003736589,final,28.3630578081216,44.4315429391962
pcr,1013,2001,27.3,28.6881016566129,28.5795000206153,final,20.5452574550781,36.6137425861526
pcr,1014,2001,34.7,36.9700170804845,36.8588204675783,final,28.8245779020411,44.8930630331156
pcr,1015,2001,41.9,40.1466638387322,39.8302745553515,final,31.7960319898142,47.8645171208888
pcr,1016,2001,38.5,38.8260603311993,38.5596593693809,final,30.5254168038436,46.5939019349181
pcr,1001,2002,43.3,41.658973824356,41.4113498973756,final,33.3771073318383,49.4455924629128
pcr,1002,2002,41.9,40.0851849203544,39.9950671072826,final,31.9608245417453,48.0293096728199
pcr,1003,2002,31.2,32.1291405015733,32.0275565156549,final,23.9933139501177,40.0617990811922
pcr,1004,2002,34.9,32.820269160705,32.8021296522039,final,24.7678870866667,40.8363722177412
pcr,1005,2002,34.5,35.7830251923694,36.0370681611695,final,28.0028255956323,44.0713107267068
pcr,1006,2002,31.5,31.1563101325851,30.9026813539061,final,22.8684387883689,38.9369239194434
pcr,1007,2002,32.5,33.8230595689003,33.7839203087417,final,25.7496777432045,41.818162874279
pcr,1008,2002,48.8,47.6247538301125,47.5017567963009,final,39.4675142307637,55.5359993618382
pcr,1009,2002,32.4,31.2657559881556,31.0676692185383,final,23.033426653001,39.1019117840755
pcr,1010,2002,28.8,28.3363904091496,28.5705883971215,final,20.5363458315843,36.6048309626588
pcr,1011,2002,43.6,42.6255056641166,42.1987159318809,final,34.1644733663436,50.2329584974181
pcr,1012,2002,37.0,37.2381922549115,37.0834378548337,final,29.0491952892964,45.1176804203709
pcr,1013,2002,31.3,30.4953463219571,30.3472941926903,final,22.313051627153,38.3815367582276
pcr,1014,2002,38.7,38.1984015403421,37.9562860867392,final,29.9220435212019,45.9905286522765
pcr,1015,2002,41.8,41.4908203550836,41.6778276616159,final,33.6435850960786,49.7120702271531
pcr,1016,2002,41.3,40.7967549700055,40.7619780312463,final,32.727735465709,48.7962205967836
pcr,1001,2003,37.2,39.9623316490602,40.1373601985394,final,32.1031176330021,48.1716027640767
pcr,1002,2003,34.8,38.2846656549346,38.4782301791804,final,30.4439876136431,46.5124727447177
pcr,1003,2003,27.4,29.9768969253007,29.8777966692131,final,21.8435541036758,37.9120392347503
pcr,1004,2003,31.9,31.372232683397,31.5940525894482,final,23.559810023911,39.6282951549855
pcr,1005,2003,23.3,32.4579595696969,32.3211146846495,final,24.2868721191123,40.3553572501868
pcr,1006,2003,29.4,29.0999604071528,29.1366176767668,final,21.1023751112296,37.1708602423041
pcr,1007,2003,32.6,29.3804631724721,29.2393483013894,final,21.2051057358522,37.2735908669267
pcr,1008,2003,42.3,46.4754539332397,46.6008033246445,final,38.5665607591073,54.6350458901818
pcr,1009,2003,30.0,29.1125456396199,29.233521823361,final,21.1992792578237,37.2677643888983
pcr,1010,2003,27.2,27.8246533611739,27.8741010271621,final,19.8398584616248,35.9083435926994
pcr,1011,2003,40.9,41.6826990230412,41.7866366278258,final,33.7523940622886,49.8208791933631
pcr,1012,2003,36.5,35.4891879499331,35.4637828433644,final,27.4295402778271,43.4980254089017
pcr,1013,2003,28.2,28.3219711830932,28.4077939251014,final,20.3735513595641,36.4420364906387
pcr,1014,2003,40.9,38.7775455144716,38.8310449967577,final,30.7968024312205,46.865287562295
pcr,1015,2003,32.7,39.0929093563786,39.1258858351097,final,31.0916432695724,47.1601284006469
pcr,1016,2003,30.7,38.2472720174046,38.3009471195693,final,30.266704554032,46.3351896851065
pcr,1001,2004,48.7,45.098453533661,44.8038287989118,final,36.7695862333745,52.8380713644491
pcr,1002,2004,45.4,42.9557717235992,42.5841042974145,final,34.5498617318772,50.6183468629518
pcr,1003,2004,36.5,34.2638672953966,33.9890206551132,final,25.9547780895759,42.0232632206504
pcr,1004,2004,35.3,36.0666707817303,36.1229613816358,final,28.0887188160985,44.157203947173
pcr,1005,2004,42.4,38.8229126048969,37.8461430667484,final,29.8119005012111,45.8803856322857
pcr,1006,2004,34.0,34.3802456643281,34.412247283499,final,26.3780047179617,42.4464898490363
pcr,1007,2004,36.1,35.717527292463,36.060916611464,final,28.0266740459267,44.0951591770012
pcr,1008,2004,56.0,51.2261790679147,50.7808335541142,final,42.7465909885769,58.8150761196514
pcr,1009,2004,34.3,34.0909355774068,34.1855896735642,final,26.151347108027,42.2198322391015
pcr,1010,2004,30.7,32.8386842603444,32.7720599898993,final,24.737817424362,40.8063025554366
pcr,1011,2004,47.1,46.0890691637019,46.0055880610145,final,37.9713454954772,54.0398306265517
pcr,1012,2004,42.6,39.450242295156,39.5580534742494,final,31.5238109087122,47.5922960397867
pcr,1013,2004,31.8,32.5200157864706,32.5070065855377,final,24.4727640200004,40.541249151075
pcr,1014,2004,43.3,43.4383306823066,43.6647074064876,final,35.6304648409504,51.6989499720249
pcr,1015,2004,48.5,44.4723862376989,43.7905313908925,final,35.7562888253552,51.8247739564297
pcr,1016,2004,47.3,44.0079325925302,43.2029557473479,final,35.1687131818106,51.2371983128851
pcr,1001,2005,46.4,42.0604204543892,42.4445541527063,final,34.4103115871691,50.4787967182436
pcr,1002,2005,39.7,39.3376572291409,39.5983536983162,final,31.5641111327789,47.6325962638534
pcr,1003,2005,33.2,30.6911844717432,30.9296858860038,final,22.8954433204665,38.9639284515411
pcr,1004,2005,33.9,32.7719854619654,32.6902138992408,final,24.6559713337035,40.724456464778
pcr,1005,2005,37.2,35.633788858446,36.0153138014467,final,27.9810712359094,44.049556366984
pcr,1006,2005,34.4,29.7974125276201,29.7568562902725,final,21.7226137247352,37.7910988558098
pcr,1007,2005,33.7,32.3951302785829,32.4359240478775,final,24.4016814823402,40.4701666134148
pcr,1008,2005,52.7,48.1296421076351,48.6388082413737,final,40.6045656758364,56.6730508069109
pcr,1009,2005,30.7,30.6328023603039,30.6551007508947,final,22.6208581853574,38.689343316432
pcr,1010,2005,30.4,27.3168652999762,27.0887575406741,final,19.0545149751369,35.1230001062114
pcr,1011,2005,45.0,43.5692971183846,43.6771209669784,final,35.6428784014411,51.7113635325157
pcr,1012,2005,37.0,36.0731861351303,36.4091329533299,final,28.3748903877926,44.4433755188672
pcr,1013,2005,30.0,28.7213058853129,28.6445104504938,final,20.6102678849566,36.6787530160311
pcr,1014,2005,38.7,37.8008396484896,37.7860855762926,final,29.7518430107554,45.8203281418299
pcr,1015,2005,43.8,40.8312522032328,41.2608293819158,final,33.2265868163786,49.2950719474531
pcr,1016,2005,42.5,41.5366877510672,41.8878130357636,final,33.8535704702263,49.9220556013008
pcr,1001,2006,35.5,36.9926862756351,37.4555370969634,final,29.4212945314261,45.4897796625007
pcr,1002,2006,37.1,35.1655963634816,35.2042431142398,final,27.1700005487025,43.238485679777
pcr,1003,2006,27.9,26.3454116809215,26.6129968964038,final,18.5787543308665,34.647239461941
pcr,1004,2006,26.3,29.2966130508989,29.4169248114996,final,21.3826822459624,37.4511673770369
pcr,1005,2006,25.1,30.8811974135565,31.0482463420581,final,23.0140037765208,39.0824889075953
pcr,1006,2006,25.0,27.9631056886458,28.4540084061639,final,20.4197658406266,36.4882509717011
pcr,1007,2006,27.3,26.7803202046755,26.9194949832309,final,18.8852524176937,34.9537375487682
pcr,1008,2006,42.1,44.4440161622377,44.9314813376104,final,36.8972387720732,52.9657239031477
pcr,1009,2006,27.4,28.3219716074608,28.3291387724817,final,20.2948962069444,36.363381338019
pcr,1010,2006,24.5,24.092230791797,24.4210717343752,final,16.3868291688379,32.4553142999124
pcr,1011,2006,42.5,39.5510768667545,39.703672756949,final,31.6694301914117,47.7379153224863
pcr,1012,2006,29.6,32.7579563233804,32.8568084250793,final,24.822565859542,40.8910509906166
pcr,1013,2006,21.9,24.8510083256965,24.9873912667142,final,16.9531487011769,33.0216338322515
pcr,1014,2006,36.4,35.4035453704218,35.4994480040359,final,27.4652054384987,43.5336905695732
pcr,1015,2006,34.6,35.9685322176936,36.2851728833636,final,28.2509303178263,44.3194154489008
pcr,1016,2006,35.9,37.4495619201875,37.5523068660809,final,29.5180643005437,45.5865494316182
pcr,1001,2007,43.4,43.7834666329401,43.6242597186753,final,35.5900171531381,51.6585022842126
pcr,1002,2007,43.0,40.983758272509,41.1900778715697,final,33.1558353060325,49.224320437107
pcr,1003,2007,36.4,32.8583778198626,33.0241870815088,final,24.9899445159715,41.0584296470461
pcr,1004,2007,33.5,34.9747579238719,34.6551452062725,final,26.6209026407352,42.6893877718097
pcr,1005,2007,34.4,37.5624568400882,36.9458459580888,final,28.9116033925516,44.9800885236261
pcr,1006,2007,33.3,31.4301062542393,31.1140673644673,final,23.0798247989301,39.1483099300046
pcr,1007,2007,33.1,33.1614439692658,33.2168719704271,final,25.1826294048899,41.2511145359644
pcr,1008,2007,52.2,50.7610963591168,50.5110883123704,final,42.4768457468332,58.5453308779077
pcr,1009,2007,33.0,31.004416521033,30.9060808847647,final,22.8718383192274,38.940323450302
pcr,1010,2007,29.5,30.0238764990911,30.0673683422399,final,22.0331257767026,38.1016109077771
pcr,1011,2007,45.9,46.0061901782998,46.3207163852538,final,38.2864738197166,54.3549589507911
pcr,1012,2007,38.7,37.4776119013843,37.1407906350306,final,29.1065480694933,45.1750332005678
pcr,1013,2007,32.0,29.9641706674413,29.6494220580567,final,21.6151794925194,37.6836646235939
pcr,1014,2007,40.8,41.3551869772414,41.4614668227585,final,33.4272242572212,49.4957093882958
pcr,1015,2007,43.4,42.302610343105,42.1566454508117,final,34.1224028852744,50.1908880163489
pcr,1016,2007,39.5,43.6126456054198,43.4473724493641,final,35.4131298838268,51.4816150149014
pcr,1001,2008,45.5,45.5293057212168,45.4884059418389,final,37.4541633763017,53.5226485073762
pcr,1002,2008,41.6,41.156680305016,41.3717285901683,final,33.337486024631,49.4059711557056
pcr,1003,2008,34.1,34.7395596306855,35.1173019252285,final,27.0830593596912,43.1515444907658
pcr,1004,2008,38.0,38.6113689908093,38.4540742784645,final,30.4198317129272,46.4883168440017
pcr,1005,2008,32.8,37.8644019039066,37.5271006214977,final,29.4928580559605,45.561343187035
pcr,1006,2008,34.9,34.9634495660261,35.162888669959,final,27.1286461044217,43.1971312354962
pcr,1007,2008,35.3,32.5079868152036,32.5014333250921,final,24.4671907595548,40.5356758906293
pcr,1008,2008,58.3,53.8661026197636,54.0195731864384,final,45.9853306209011,62.0538157519756
pcr,1009,2008,34.9,35.6199861156151,35.8328310335526,final,27.7985884680153,43.8670735990899
pcr,1010,2008,31.0,31.7293803837287,31.6735047705892,final,23.6392622050519,39.7077473361264
pcr,1011,2008,46.3,45.2726278116664,45.2613017809469,final,37.2270592154097,53.2955443464842
pcr,1012,2008,41.3,41.0844683508,41.2148458054542,final,33.1806032399169,49.2490883709915
pcr,1013,2008,35.7,33.1874848137259,33.4046222734165,final,25.3703797078792,41.4388648389537
pcr,1014,2008,43.2,41.8377346348578,41.7785195091282,final,33.7442769435909,49.8127620746654
pcr,1015,2008,39.0,42.3158028378808,42.432848210289,final,34.3986056447518,50.4670907758263
pcr,1016,2008,40.2,42.8162233507018,42.3775768467505,final,34.3433342812133,50.4118194122878
pcr,1001,2009,45.0,46.763726062405,46.7606003731551,final,38.7263578076179,54.7948429386924
pcr,1002,2009,44.6,43.7248937963847,43.7721773829114,final,35.7379348173741,51.8064199484486
pcr,1003,2009,37.9,35.0913129473478,35.0230988041941,final,26.9888562386569,43.0573413697314
pcr,1004,2009,35.0,37.0864264500435,37.0212190638079,final,28.9869764982706,45.0554616293451
pcr,1005,2009,44.6,40.3330467689119,39.7928878534865,final,31.7586452879492,47.8271304190238
pcr,1006,2009,32.7,33.8422813695974,33.8355139665715,final,25.8012714010342,41.8697565321087
pcr,1007,2009,34.9,34.34005208866,34.6378425962794,final,26.6036000307422,42.6720851618167
pcr,1008,2009,52.4,54.1102864480879,54.5831970198513,final,46.548954454314,62.6174395853885
pcr,1009,2009,33.1,33.1290388615181,33.0522465913328,final,25.0180040257955,41.08648915687
pcr,1010,2009,30.8,30.9682086750232,30.8904144311059,final,22.8561718655687,38.9246569966432
pcr,1011,2009,48.3,47.8120422073168,47.9216196574319,final,39.8873770918947,55.9558622229692
pcr,1012,2009,38.0,40.1964377102722,40.2194258822381,final,32.1851833167009,48.2536684477754
pcr,1013,2009,32.8,31.6210585844304,31.8890383979916,final,23.8547958324543,39.9232809635288
pcr,1014,2009,41.9,42.5415331719757,42.6868296543874,final,34.6525870888501,50.7210722199247
pcr,1015,2009,47.0,44.5247319699713,44.1710751120326,final,36.1368325464953,52.2053176775699
pcr,1016,2009,50.1,45.3465643615628,45.067523243887,final,37.0332806783497,53.1017658094243
pcr,1001,2010,51.3,51.5963189303474,51.4082034578686,final,43.3739608923313,59.4424460234058
pcr,1002,2010,44.7,47.6944192703188,47.7877563369253,final,39.753513771388,55.8219989024625
pcr,1003,2010,38.5,40.7391264644094,41.0386953732197,final,33.0044528076824,49.0729379387569
pcr,1004,2010,37.2,40.5251685376548,40.3026344912354,final,32.2683919256982,48.3368770567727
pcr,1005,2010,45.5,44.988258194658,45.4433628394331,final,37.4091202738958,53.4776054049703
pcr,1006,2010,32.0,41.2429507819271,41.1211173497826,final,33.0868747842453,49.1553599153198
pcr,1007,2010,34.6,38.7179910175535,38.7777139349331,final,30.7434713693958,46.8119565004703
pcr,1008,2010,54.8,60.8248971460508,60.6424814352927,final,52.6082388697554,68.67672400083
pcr,1009,2010,37.7,37.881406689612,37.8783094630806,final,29.8440668975433,45.9125520286178
pcr,1010,2010,33.4,33.4071308810449,33.3891900822715,final,25.3549475167342,41.4234326478088
pcr,1011,2010,47.5,51.8867258409315,51.9387704371287,final,43.9045278715914,59.973013002666
pcr,1012,2010,35.7,47.5868705866159,47.3526029605681,final,39.3183603950308,55.3868455261054
pcr,1013,2010,28.0,36.8651117395131,36.9908552583861,final,28.9566126928488,45.0250978239234
pcr,1014,2010,49.0,46.2659675448455,46.1975429077493,final,38.1633003422121,54.2317854732866
pcr,1015,2010,45.8,48.8259432089146,49.0899503157471,final,41.0557077502099,57.1241928812844
pcr,1016,2010,54.4,50.2973852612609,50.8043771406025,final,42.7701345750652,58.8386197061398
pcr,1001,2011,48.1,46.125431509695,46.0938267288989,final,38.0595841633616,54.1280692944362
pcr,1002,2011,43.4,42.7639472027827,42.4445684694052,final,34.410325903868,50.4788110349425
pcr,1003,2011,38.6,35.1228615919001,34.8840408692433,final,26.849798303706,42.9182834347805
pcr,1004,2011,36.2,38.0251662771023,37.6705104924734,final,29.6362679269361,45.7047530580107
pcr,1005,2011,34.1,39.3120281213162,39.3666094724405,final,31.3323669069032,47.4008520379777
pcr,1006,2011,35.2,35.6003717069083,34.6145371771003,final,26.5802946115631,42.6487797426376
pcr,1007,2011,32.2,32.6429428943967,32.2037262595444,final,24.1694836940071,40.2379688250817
pcr,1008,2011,58.1,55.1920033448631,54.5493999398193,final,46.515157374282,62.5836425053566
pcr,1009,2011,32.9,34.1388300854153,34.1194816129657,final,26.0852390474284,42.1537241785029
pcr,1010,2011,30.4,30.825013836021,30.824253270599,final,22.7900107050617,38.8584958361362
pcr,1011,2011,48.1,47.4378832654846,46.9700039151751,final,38.9357613496378,55.0042464807124
pcr,1012,2011,42.2,41.8734677933981,40.6056380978686,final,32.5713955323314,48.6398806634059
pcr,1013,2011,31.3,32.6043590345397,31.6588240566291,final,23.6245814910919,39.6930666221664
pcr,1014,2011,42.0,42.7816909632228,43.0732973628996,final,35.0390547973623,51.1075399284368
pcr,1015,2011,41.1,42.3452794270916,42.0225384138625,final,33.9882958483253,50.0567809793998
pcr,1016,2011,41.9,44.7408211850291,45.1783978169263,final,37.1441552513891,53.2126403824636
pcr,1001,2012,44.8,46.2625888989333,46.4731924004709,final,38.4389498349336,54.5074349660082
pcr,1002,2012,41.3,42.9334066113301,43.0012467226832,final,34.967004157146,51.0354892882205
pcr,1003,2012,33.6,34.2424916447982,34.6133562299834,final,26.5791136644461,42.6475987955207
pcr,1004,2012,36.1,36.8331292806612,36.6384607185255,final,28.6042181529882,44.6727032840628
pcr,1005,2012,43.2,41.2394119555531,40.683507524863,final,32.6492649593258,48.7177500904003
pcr,1006,2012,36.1,32.458319684688,32.4156168441406,final,24.3813742786033,40.4498594096778
pcr,1007,2012,35.2,34.1087664446269,34.0615230468926,final,26.0272804813553,42.0957656124299
pcr,1008,2012,59.7,53.7088532379567,54.0190143091165,final,45.9847717435793,62.0532568746538
pcr,1009,2012,35.2,32.1563465074384,32.0242153835602,final,23.9899728180229,40.0584579490975
pcr,1010,2012,32.6,30.0918894461634,30.0465583257149,final,22.0123157601776,38.0808008912521
pcr,1011,2012,48.2,48.9454419227426,49.0160619611966,final,40.9818193956594,57.0503045267339
pcr,1012,2012,40.4,39.3956222947714,39.4304495628114,final,31.3962069972741,47.4646921283486
pcr,1013,2012,31.4,30.4417976006799,30.302677290959,final,22.2684347254218,38.3369198564963
pcr,1014,2012,44.0,42.9247209312805,42.8413473462247,final,34.8071047806874,50.8755899117619
pcr,1015,2012,40.7,43.5943668573717,43.461547859689,final,35.4273052941517,51.4957904252263
pcr,1016,2012,45.7,46.0319036772719,45.7289074065693,final,37.694664841032,53.7631499721066
pcr,1001,2013,48.6,48.3559920856181,48.1999952969842,final,40.1657527314469,56.2342378625214
pcr,1002,2013,48.6,42.8485379622913,42.6743221002082,final,34.6400795346709,50.7085646657454
pcr,1003,2013,36.6,36.8037021390744,36.7351752731958,final,28.7009327076586,44.7694178387331
pcr,1004,2013,36.6,38.1977576450281,38.1195635513084,final,30.0853209857711,46.1538061168457
pcr,1005,2013,53.0,40.9674384749995,41.1765508503162,final,33.142308284779,49.2107934158535
pcr,1006,2013,33.7,35.2355641516733,35.6239784455562,final,27.589735880019,43.6582210110935
pcr,1007,2013,36.6,33.2221104886789,33.3384992636874,final,25.3042566981501,41.3727418292246
pcr,1008,2013,56.4,57.6086266803338,58.2476303373389,final,50.2133877718016,66.2818729028761
pcr,1009,2013,33.4,33.4742276770872,33.7988576335298,final,25.7646150679925,41.833100199067
pcr,1010,2013,33.0,30.0234728292909,30.2909828536202,final,22.2567402880829,38.3252254191575
pcr,1011,2013,52.9,47.4067278498799,47.3272205145338,final,39.2929779489966,55.3614630800711
pcr,1012,2013,41.2,43.1337568594821,43.2408817643036,final,35.2066391987663,51.2751243298408
pcr,1013,2013,31.2,32.2056483956423,32.3078483352591,final,24.2736057697219,40.3420909007964
pcr,1014,2013,45.5,41.8489590993345,41.9636462009034,final,33.9294036353661,49.9978887664407
pcr,1015,2013,48.9,43.9299803833839,43.6212730390249,final,35.5870304734877,51.6555156045622
pcr,1016,2013,53.5,45.4786366665633,45.4432364882713,final,37.408993922734,53.4774790538086
pcr,1001,2014,54.0,54.6039990257931,54.6300244188975,final,46.5957818533602,62.6642669844347
pcr,1002,2014,52.4,48.9361432839311,49.5495826505823,final,41.515340085045,57.5838252161195
pcr,1003,2014,43.9,42.9923913347261,42.9706648745044,final,34.9364223089671,51.0049074400416
pcr,1004,2014,45.6,45.8086357765582,45.6382221614805,final,37.6039795959432,53.6724647270178
pcr,1005,2014,54.5,48.1900773181562,49.4734461159841,final,41.4392035504468,57.5076886815214
pcr,1006,2014,39.0,42.2536784989432,42.089898316708,final,34.0556557511707,50.1241408822453
pcr,1007,2014,38.9,40.0974028904972,40.4576817880813,final,32.423439222544,48.4919243536185
pcr,1008,2014,65.7,63.9163535068255,63.7874438173517,final,55.7532012518144,71.8216863828889
pcr,1009,2014,37.6,40.0116083265046,40.0036913518429,final,31.9694487863056,48.0379339173802
pcr,1010,2014,36.1,36.6941600842775,37.0116304823169,final,28.9773879167796,45.0458730478541
pcr,1011,2014,57.6,54.3503716992269,54.9362730520514,final,46.9020304865141,62.9705156175886
pcr,1012,2014,48.4,48.9110327562601,48.7047821411364,final,40.6705395755991,56.7390247066737
pcr,1013,2014,37.4,38.7582387424065,38.6509783083026,final,30.6167357427654,46.6852208738399
pcr,1014,2014,48.2,48.3110868568346,48.700499531914,final,40.6662569663767,56.7347420974512
pcr,1015,2014,52.1,50.1671863709972,50.6972786615959,final,42.6630360960586,58.7315212271332
pcr,1016,2014,59.6,51.7594465762859,52.6149890471708,final,44.5807464816335,60.6492316127081
pcr,1001,2015,51.9,51.7521914280888,51.6877701074905,final,43.6535275419532,59.7220126730278
pcr,1002,2015,45.4,47.1571782701899,47.5266262568312,final,39.4923836912939,55.5608688223685
pcr,1003,2015,36.3,39.7087321245628,39.8055358383216,final,31.7712932727843,47.8397784038588
pcr,1004,2015,44.1,43.3430109063953,43.320758234328,final,35.2865156687907,51.3550007998652
pcr,1005,2015,43.8,46.1132154973067,46.7862191524104,final,38.7519765868731,54.8204617179476
pcr,1006,2015,35.8,39.9729518041885,39.6259210032214,final,31.5916784376841,47.6601635687586
pcr,1007,2015,32.4,37.3202706475289,37.1925580648922,final,29.1583154993549,45.2268006304295
pcr,1008,2015,58.4,60.837512745089,61.0277528906257,final,52.9935103250885,69.061995456163
pcr,1009,2015,35.5,38.4231405890817,38.1659232981177,final,30.1316807325804,46.200165863655
pcr,1010,2015,32.6,35.5133972379704,35.4500253190741,final,27.4157827535369,43.4842678846114
pcr,1011,2015,55.3,53.6952374478251,54.041836262806,final,46.0075936972687,62.0760788283433
pcr,1012,2015,43.5,46.3880294485436,46.3335237231675,final,38.2992811576303,54.3677662887048
pcr,1013,2015,34.5,36.6526018479094,36.5077348369754,final,28.4734922714381,44.5419774025127
pcr,1014,2015,49.1,47.3686205451179,47.3567722445201,final,39.3225296789828,55.3910148100574
pcr,1015,2015,47.5,47.9450327475324,48.1511827595914,final,40.1169401940541,56.1854253251286
pcr,1016,2015,57.5,51.7841376982703,52.6203953480476,final,44.5861527825103,60.6546379135849
pcr,1001,2016,52.7,50.6305730666212,50.64633803145,final,42.6120954659128,58.6805805969873
pcr,1002,2016,43.0,44.5525628882238,44.3651457900857,final,36.3309032245485,52.399388355623
pcr,1003,2016,35.2,37.8023000258482,37.4387315172037,final,29.4044889516665,45.472974082741
pcr,1004,2016,49.4,41.6127309615656,41.6934698949183,final,33.659227329381,49.7277124604555
pcr,1005,2016,45.8,44.6073301275597,44.3606072177514,final,36.3263646522141,52.3948497832887
pcr,1006,2016,39.4,38.2018213433514,37.7567427016002,final,29.7225001360629,45.7909852671375
pcr,1007,2016,34.7,35.3584548842421,34.8336687185709,final,26.7994261530337,42.8679112841082
pcr,1008,2016,59.6,59.7370049636025,59.4770247594826,final,51.4427821939453,67.5112673250199
pcr,1009,2016,35.5,36.0135444885537,35.7017681958752,final,27.6675256303379,43.7360107614124
pcr,1010,2016,32.1,32.2398663397208,31.9291292532641,final,23.8948866877269,39.9633718188014
pcr,1011,2016,48.3,51.6743886824797,51.8455494268569,final,43.8113068613197,59.8797919923942
pcr,1012,2016,47.3,44.664385273631,44.3563538645443,final,36.322111299007,52.3905964300815
pcr,1013,2016,33.1,33.3173868181482,33.0877946369643,final,25.0535520714271,41.1220372025016
pcr,1014,2016,42.1,44.744893452553,44.929558900968,final,36.8953163354307,52.9638014665053
pcr,1015,2016,46.3,45.4527654908882,45.4052991936241,final,37.3710566280868,53.4395417591614
pcr,1016,2016,48.2,48.9568275922322,49.566469962685,final,41.5322273971478,57.6007125282223
pcr,1001,2017,53.8,52.7422551232857,52.9629760354676,final,44.9287334699304,60.9972186010049
pcr,1002,2017,50.2,49.1633866853788,48.9977934521116,final,40.9635508865743,57.0320360176489
pcr,1003,2017,42.6,41.3137667807582,41.0362106968918,final,33.0019681313545,49.0704532624291
pcr,1004,2017,52.4,43.3744880711201,44.2050625155934,final,36.1708199500561,52.2393050811307
pcr,1005,2017,48.3,47.7092503314161,47.8364580998717,final,39.8022155343344,55.8707006654089
pcr,1006,2017,41.1,39.9108436276996,40.0386389519929,final,32.0043963864556,48.0728815175301
pcr,1007,2017,36.8,38.0066748979716,37.9364454250985,final,29.9022028595612,45.9706879906358
pcr,1008,2017,62.9,62.5154634373555,62.5008507636476,final,54.4666081981103,70.5350933291849
pcr,1009,2017,38.5,37.9877767382199,37.9330031165321,final,29.8987605509948,45.9672456820693
pcr,1010,2017,34.4,35.291950450167,35.2770325878406,final,27.2427900223033,43.3112751533779
pcr,1011,2017,54.4,55.447287065755,55.0873815595301,final,47.0531389939928,63.1216241250673
pcr,1012,2017,48.2,47.3805409414795,47.6616503042606,final,39.6274077387233,55.6958928697979
pcr,1013,2017,36.0,35.4448134020056,35.421627361453,final,27.3873847959157,43.4558699269902
pcr,1014,2017,46.5,47.6868148468901,47.4047158338468,final,39.3704732683095,55.4389583993841
pcr,1015,2017,50.5,49.0986273808679,49.1889917086279,final,41.1547491430906,57.2232342741652
pcr,1016,2017,52.0,53.2994876812422,53.2187659733009,final,45.1845234077637,61.2530085388382
pcr,1001,2018,45.0,46.8206648923727,46.9334818323083,final,38.899239266771,54.9677243978456
pcr,1002,2018,38.3,41.0896901313525,41.2002532214006,final,33.1660106558634,49.2344957869379
pcr,1003,2018,34.9,35.5215228192427,35.6587098659805,final,27.6244673004432,43.6929524315177
pcr,1004,2018,47.1,37.9956414629519,38.9582844022696,final,30.9240418367324,46.9925269678069
pcr,1005,2018,31.1,40.683374853368,40.7463830241895,final,32.7121404586523,48.7806255897268
pcr,1006,2018,38.0,34.0889267659686,34.2157597915698,final,26.1815172260326,42.2500023571071
pcr,1007,2018,32.0,30.4210263656391,30.2923248493442,final,22.2580822838069,38.3265674148815
pcr,1008,2018,55.7,56.9235204168902,56.9645343128172,final,48.9302917472799,64.9987768783545
pcr,1009,2018,37.3,31.858241100777,31.9128738030761,final,23.8786312375388,39.9471163686133
pcr,1010,2018,28.7,28.0538899086655,27.9587562686193,final,19.924513703082,35.9929988341566
pcr,1011,2018,45.6,48.0464959480766,47.9347944172125,final,39.9005518516752,55.9690369827498
pcr,1012,2018,43.0,41.8592407916327,41.9466426457282,final,33.9124000801909,49.9808852112655
pcr,1013,2018,33.9,29.6876985705732,29.7469136558531,final,21.7126710903158,37.7811562213904
pcr,1014,2018,38.0,41.3583852215574,41.2318019383444,final,33.1975593728071,49.2660445038816
pcr,1015,2018,38.6,41.301546275069,41.4510138584915,final,33.4167712929542,49.4852564240287
pcr,1016,2018,37.2,46.4845784001351,46.3459776591538,final,38.3117350936165,54.3802202246911
pcr,1001,2019,47.1,52.7070876517402,52.5128991982411,final,44.4786566327039,60.5471417637784
pcr,1002,2019,44.8,47.6330363275525,47.3354935921384,final,39.3012510266012,55.3697361576757
pcr,1003,2019,34.6,40.7176769822352,40.6513866090925,final,32.6171440435552,48.6856291746298
pcr,1004,2019,47.5,43.8989559917111,44.8700085515845,final,36.8357659860472,52.9042511171218
pcr,1005,2019,35.4,47.1073109028652,46.0851674266696,final,38.0509248611324,54.1194099922069
pcr,1006,2019,38.5,41.1957506118694,41.6128978123343,final,33.5786552467971,49.6471403778716
pcr,1007,2019,34.9,35.7096661584949,35.8780763087959,final,27.8438337432586,43.9123188743332
pcr,1008,2019,60.2,63.3971288314934,63.2666306060507,final,55.2323880405135,71.300873171588
pcr,1009,2019,36.9,39.2880772282322,39.8684842813816,final,31.8342417158443,47.9027268469189
pcr,1010,2019,30.0,34.0774945194497,34.146407321554,final,26.1121647560167,42.1806498870913
pcr,1011,2019,52.9,55.1263928446448,54.8654545101721,final,46.8312119446348,62.8996970757094
pcr,1012,2019,42.9,47.7934913061741,47.915162387665,final,39.8809198221278,55.9494049532023
pcr,1013,2019,33.1,36.2030355002283,36.6523110938199,final,28.6180685282827,44.6865536593572
pcr,1014,2019,46.1,47.9930535888653,47.6348549795768,final,39.6006124140395,55.6690975451141
pcr,1015,2019,41.3,47.931315901449,47.6431744123647,final,39.6089318468275,55.677416977902
pcr,1016,2019,47.0,51.6929420696127,50.7026676218185,final,42.6684250562812,58.7369101873557
hierarchical,1001,1999,40.0,39.679670600477,39.679670600477,final,33.7710508797462,45.5882903212077
hierarchical,1002,1999,37.2,37.3907235074968,37.3907235074968,final,31.4821037867661,43.2993432282276
hierarchical,1003,1999,28.9,29.9454342398521,29.9454342398521,final,24.0368145191213,35.8540539605828
hierarchical,1004,1999,31.5,30.9513456879267,30.9513456879267,final,25.042725967196,36.8599654086575
hierarchical,1005,1999,34.6,34.1324546195392,34.1324546195392,final,28.2238348988084,40.0410743402699
hierarchical,1006,1999,29.9,30.2824994351031,30.2824994351031,final,24.3738797143724,36.1911191558339
hierarchical,1007,1999,29.3,30.2473205306731,30.2473205306731,final,24.3387008099423,36.1559402514038
hierarchical,1008,1999,42.0,41.9977117443062,41.9977117443062,final,36.0890920235755,47.906331465037
hierarchical,1009,1999,29.4,30.0063622506489,30.0063622506489,final,24.0977425299182,35.9149819713797
hierarchical,1010,1999,26.7,26.3093999616821,26.3093999616821,final,20.4007802409514,32.2180196824129
hierarchical,1011,1999,37.1,39.0012084437812,39.0012084437812,final,33.0925887230504,44.9098281645119
hierarchical,1012,1999,35.3,35.1285203003965,35.1285203003965,final,29.2199005796657,41.0371400211272
hierarchical,1013,1999,30.2,30.3165580763611,30.3165580763611,final,24.4079383556304,36.2251777970919
hierarchical,1014,1999,34.3,35.038261692876,35.038261692876,final,29.1296419721452,40.9468814136067
hierarchical,1015,1999,40.2,39.6620030579532,39.6620030579532,final,33.7533833372224,45.5706227786839
hierarchical,1016,1999,39.9,38.6902081736828,38.6902081736828,final,32.7815884529521,44.5988278944136
hierarchical,1001,2000,38.9,38.6915082441455,38.8137608334445,final,32.9051411127137,44.7223805541752
hierarchical,1002,2000,31.1,32.4786036186143,32.4058146624137,final,26.4971949416829,38.3144343831444
hierarchical,1003,2000,25.4,26.640122762213,26.241136459507,final,20.3325167387763,32.1497561802378
hierarchical,1004,2000,29.9,30.0007363763181,30.2101283658791,final,24.3015086451484,36.1187480866099
hierarchical,1005,2000,27.2,28.3621389466863,28.5405759976133,final,22.6319562768825,34.449195718344
hierarchical,1006,2000,29.0,28.859723682962,28.7137441181254,final,22.8051243973947,34.6223638388562
hierarchical,1007,2000,26.8,27.2012939245078,26.8397523740184,final,20.9311326532877,32.7483720947492
hierarchical,1008,2000,44.1,42.7540421663357,42.7549154710774,final,36.8462957503467,48.6635351918082
hierarchical,1009,2000,27.9,28.0086538035758,27.7772377821136,final,21.8686180613829,33.6858575028444
hierarchical,1010,2000,18.3,22.0456365793245,22.1947077109026,final,16.2860879901719,28.1033274316334
hierarchical,1011,2000,37.3,37.7163168820131,36.9907273626139,final,31.0821076418832,42.8993470833447
hierarchical,1012,2000,32.9,33.3348588974501,33.4003035220146,final,27.4916838012838,39.3089232427453
hierarchical,1013,2000,25.7,26.3698012729858,26.3253172928701,final,20.4166975721393,32.2339370136008
hierarchical,1014,2000,33.6,33.2980994043523,33.01634442442,final,27.1077247036893,38.9249641451508
hierarchical,1015,2000,34.6,34.9262435704001,35.1315682121536,final,29.2229484914228,41.0401879328843
hierarchical,1016,2000,32.9,33.7557850541037,34.2174978519307,final,28.3088781311999,40.1261175726614
hierarchical,1001,2001,40.0,40.1529443028001,40.2325144485271,final,34.3238947277964,46.1411341692579
hierarchical,1002,2001,38.3,38.3846791177993,37.8585398928531,final,31.9499201721223,43.7671596135838
hierarchical,1003,2001,29.5,30.5514428876237,30.078154394732,final,24.1695346740013,35.9867741154628
hierarchical,1004,2001,30.2,30.3516335325324,30.3131878486214,final,24.4045681278906,36.2218075693521
hierarchical,1005,2001,35.7,35.7943798699688,35.3508536261425,final,29.4422339054117,41.2594733468732
hierarchical,1006,2001,28.0,28.5868137906075,28.6403497539026,final,22.7317300331718,34.5489694746333
hierarchical,1007,2001,31.0,31.003175099743,30.8500226840919,final,24.9414029633612,36.7586424048227
hierarchical,1008,2001,46.3,45.7681214388625,46.2818015147397,final,40.373181794009,52.1904212354705
hierarchical,1009,2001,28.3,28.6283140071637,28.5868466649713,final,22.6782269442405,34.495466385702
hierarchical,1010,2001,28.7,28.5073394263951,27.0778303926404,final,21.1692106719097,32.9864501133712
hierarchical,1011,2001,36.7,42.0829520327375,41.9240661581635,final,36.0154464374327,47.8326858788943
hierarchical,1012,2001,35.0,35.1071634950302,34.941201125444,final,29.0325814047132,40.8498208461747
hierarchical,1013,2001,27.3,27.6622071592238,27.406579857889,final,21.4979601371583,33.3151995786198
hierarchical,1014,2001,34.7,35.5009664820977,35.616185783179,final,29.7075660624483,41.5248055039098
hierarchical,1015,2001,41.9,41.1221337741107,40.9976240622861,final,35.0890043415554,46.9062437830169
hierarchical,1016,2001,38.5,39.8474442262397,39.5208368686156,final,33.6122171478848,45.4294565893463
hierarchical,1001,2002,43.3,42.6844126879475,42.626042032417,final,36.7174223116863,48.5346617531478
hierarchical,1002,2002,41.9,40.4291015714956,40.3967840838534,final,34.4881643631226,46.3054038045841
hierarchical,1003,2002,31.2,31.4481219364286,31.0468424544223,final,25.1382227336915,36.955462175153
hierarchical,1004,2002,34.9,35.1767135088219,35.1188431041564,final,29.2102233834257,41.0274628248872
hierarchical,1005,2002,34.5,34.7603889948269,34.7243692492195,final,28.8157495284887,40.6329889699502
hierarchical,1006,2002,31.5,31.3725013833324,31.1485459629279,final,25.2399262421971,37.0571656836586
hierarchical,1007,2002,32.5,33.0423343389626,33.0411225733068,final,27.1325028525761,38.9497422940376
hierarchical,1008,2002,48.8,48.1833206399364,48.3863102231233,final,42.4776905023925,54.294929943854
hierarchical,1009,2002,32.4,31.9276892605687,31.8023893738313,final,25.8937696531006,37.7110090945621
hierarchical,1010,2002,28.8,29.2555971863886,29.3291254170602,final,23.4205056963295,35.237745137791
hierarchical,1011,2002,43.6,43.1978191845935,41.1434344635712,final,35.2348147428405,47.052054184302
hierarchical,1012,2002,37.0,37.1859421125985,37.1450435414237,final,31.2364238206929,43.0536632621544
hierarchical,1013,2002,31.3,31.4995178929655,31.3612828038864,final,25.4526630831556,37.2699025246171
hierarchical,1014,2002,38.7,38.4270056947062,38.1213196523887,final,32.2126999316579,44.0299393731194
hierarchical,1015,2002,41.8,41.1247962482514,41.4216661589895,final,35.5130464382588,47.3302858797203
hierarchical,1016,2002,41.3,41.0527642593785,40.5385169069998,final,34.6298971862691,46.4471366277306
hierarchical,1001,2003,37.2,38.0518305463899,38.2867672801086,final,32.3781475593778,44.1953870008393
hierarchical,1002,2003,34.8,35.2207075470768,35.7820707617809,final,29.8734510410501,41.6906904825116
hierarchical,1003,2003,27.4,28.7122078629461,28.6175129981118,final,22.7088932773811,34.5261327188426
hierarchical,1004,2003,31.9,31.4754630065643,31.3698562686319,final,25.4612365479011,37.2784759893626
hierarchical,1005,2003,23.3,30.8785692987597,30.7791927542092,final,24.8705730334784,36.6878124749399
hierarchical,1006,2003,29.4,29.8108894093534,29.8595488082186,final,23.9509290874879,35.7681685289494
hierarchical,1007,2003,32.6,31.3450879984995,31.1381080044601,final,25.2294882837293,37.0467277251908
hierarchical,1008,2003,42.3,42.6871406513086,42.922494161312,final,37.0138744405812,48.8311138820428
hierarchical,1009,2003,30.0,29.868387430653,30.0486431640798,final,24.1400234433491,35.9572628848106
hierarchical,1010,2003,27.2,27.5623899785751,27.3885129139151,final,21.4798931931844,33.2971326346459
hierarchical,1011,2003,40.9,40.6776787080401,40.8311696024851,final,34.9225498817543,46.7397893232158
hierarchical,1012,2003,36.5,36.3170300512393,36.2460658975939,final,30.3374461768632,42.1546856183247
hierarchical,1013,2003,28.2,27.7734498775306,27.69730457503,final,21.7886848542993,33.6059242957608
hierarchical,1014,2003,40.9,40.4546043173066,40.5587916342864,final,34.6501719135556,46.4674113550171
hierarchical,1015,2003,32.7,33.8218237439782,34.0795128823419,final,28.1708931616112,39.9881326030727
hierarchical,1016,2003,30.7,35.9087394749792,36.0030961262989,final,30.0944764055681,41.9117158470297
hierarchical,1001,2004,48.7,46.7372363025715,46.4121381689154,final,40.5035184481846,52.3207578896461
hierarchical,1002,2004,45.4,42.1319702648409,41.9714087083795,final,36.0627889876487,47.8800284291102
hierarchical,1003,2004,36.5,35.7771656911941,35.2763661730028,final,29.3677464522721,41.1849858937336
hierarchical,1004,2004,35.3,35.9600577932743,36.1220808444772,final,30.2134611237464,42.030700565208
hierarchical,1005,2004,42.4,42.2193331062742,39.3269987737569,final,33.4183790530261,45.2356184944876
hierarchical,1006,2004,34.0,34.1742645366536,34.0174500379414,final,28.1088303172106,39.9260697586721
hierarchical,1007,2004,36.1,35.9572266053938,36.4361593594721,final,30.5275396387413,42.3447790802028
hierarchical,1008,2004,56.0,48.0138422073699,47.8660913386833,final,41.9574716179526,53.7747110594141
hierarchical,1009,2004,34.3,33.706819019675,33.7570484941188,final,27.8484287733881,39.6656682148496
hierarchical,1010,2004,30.7,30.599542095482,30.4612372340401,final,24.5526175133094,36.3698569547709
hierarchical,1011,2004,47.1,46.8019050745122,46.88675321408,final,40.9781334933493,52.7953729348108
hierarchical,1012,2004,42.6,41.1048227025232,41.1746525402877,final,35.266032819557,47.0832722610185
hierarchical,1013,2004,31.8,31.7505716790202,31.9133630338422,final,26.0047433131114,37.8219827545729
hierarchical,1014,2004,43.3,43.6193818607026,43.7893655573378,final,37.880745836607,49.6979852780686
hierarchical,1015,2004,48.5,43.0124517259966,42.584311637567,final,36.6756919168362,48.4929313582977
hierarchical,1016,2004,47.3,46.7437116245055,44.7558145137558,final,38.8471947930251,50.6644342344866
hierarchical,1001,2005,46.4,42.1423377668627,42.891419632436,final,36.9827999117052,48.8000393531667
hierarchical,1002,2005,39.7,39.6119451545581,40.8591772151312,final,34.9505574944005,46.767796935862
hierarchical,1003,2005,33.2,32.9638601354349,33.2397273084675,final,27.3311075877367,39.1483470291982
hierarchical,1004,2005,33.9,33.7618871053575,33.5099783688041,final,27.6013586480734,39.4185980895349
hierarchical,1005,2005,37.2,36.9958271257653,37.0647780106715,final,31.1561582899408,42.9733977314023
hierarchical,1006,2005,34.4,32.5300892226168,32.4635817747815,final,26.5549620540508,38.3722014955123
hierarchical,1007,2005,33.7,33.7052325286357,33.759721492807,final,27.8511017720762,39.6683412135377
hierarchical,1008,2005,52.7,46.1337518645491,49.181640912988,final,43.2730211922572,55.0902606337187
hierarchical,1009,2005,30.7,31.6314223411262,31.8578077771044,final,25.9491880563736,37.7664274978351
hierarchical,1010,2005,30.4,29.5462994246346,29.5846388307621,final,23.6760191100313,35.4932585514928
hierarchical,1011,2005,45.0,45.0071347650965,45.120901645539,final,39.2122819248083,51.0295213662698
hierarchical,1012,2005,37.0,37.061525303631,37.6321544633328,final,31.723534742602,43.5407741840635
hierarchical,1013,2005,30.0,29.9802638441351,29.9991279890855,final,24.0905082683548,35.9077477098163
hierarchical,1014,2005,38.7,38.7713073315463,38.6494163671073,final,32.7407966463766,44.5580360878381
hierarchical,1015,2005,43.8,40.5854140174553,42.6797175262777,final,36.771097805547,48.5883372470085
hierarchical,1016,2005,42.5,42.4831930173108,42.6954985203411,final,36.7868787996104,48.6041182410719
hierarchical,1001,2006,35.5,35.8961083483047,37.5210301729531,final,31.6124104522224,43.4296498936839
hierarchical,1002,2006,37.1,36.4768504203981,36.5104562426287,final,30.6018365218979,42.4190759633594
hierarchical,1003,2006,27.9,27.969056192406,28.0591781416332,final,22.1505584209025,33.967797862364
hierarchical,1004,2006,26.3,27.0479651245326,27.1006754252754,final,21.1920557045446,33.0092951460061
hierarchical,1005,2006,25.1,31.9238547940089,32.0017766537476,final,26.0931569330168,37.9103963744783
hierarchical,1006,2006,25.0,26.2205679594225,26.9342128344591,final,21.0255931137283,32.8428325551898
hierarchical,1007,2006,27.3,27.8569413637054,27.8549443875451,final,21.9463246668143,33.7635641082758
hierarchical,1008,2006,42.1,41.8404266816237,44.346412200698,final,38.4377924799672,50.2550319214287
hierarchical,1009,2006,27.4,27.787875427386,27.4324013650515,final,21.5237816443208,33.3410210857823
hierarchical,1010,2006,24.5,25.0767295372944,25.4025413609355,final,19.4939216402048,31.3111610816663
hierarchical,1011,2006,42.5,41.3595739649642,41.3568510069454,final,35.4482312862147,47.2654707276762
hierarchical,1012,2006,29.6,30.3866321253605,30.3631512095048,final,24.4545314887741,36.2717709302356
hierarchical,1013,2006,21.9,23.4376809834654,23.4452132179743,final,17.5365934972435,29.353832938705
hierarchical,1014,2006,36.4,36.4956792892173,36.4684650967937,final,30.559845376063,42.3770848175245
hierarchical,1015,2006,34.6,34.7707133591466,35.9975487994011,final,30.0889290786703,41.9061685201318
hierarchical,1016,2006,35.9,38.0733915402857,38.0798058661487,final,32.171186145418,43.9884255868795
hierarchical,1001,2007,43.4,43.3919668589827,43.2407935002611,final,37.3321737795303,49.1494132209918
hierarchical,1002,2007,43.0,41.4244097151814,41.6622325617273,final,35.7536128409966,47.5708522824581
hierarchical,1003,2007,36.4,36.1564310040803,36.1300759509964,final,30.2214562302657,42.0386956717272
hierarchical,1004,2007,33.5,34.4546235265983,34.169165266084,final,28.2605455453532,40.0777849868147
hierarchical,1005,2007,34.4,35.4346956750271,32.8303954802588,final,26.921775759528,38.7390152009895
hierarchical,1006,2007,33.3,33.6812354597161,33.2154099885699,final,27.3067902678392,39.1240297093007
hierarchical,1007,2007,33.1,32.8972329459896,32.6846782323041,final,26.7760585115733,38.5932979530348
hierarchical,1008,2007,52.2,52.0933161021741,52.1923813466745,final,46.2837616259438,58.1010010674053
hierarchical,1009,2007,33.0,32.8809929500131,32.7329616566196,final,26.8243419358888,38.6415813773503
hierarchical,1010,2007,29.5,31.9061375888291,31.686030788253,final,25.7774110675223,37.5946505089838
hierarchical,1011,2007,45.9,45.8228626111223,46.2581021985429,final,40.3494824778122,52.1667219192737
hierarchical,1012,2007,38.7,38.2256809988076,37.9254656133504,final,32.0168458926197,43.8340853340812
hierarchical,1013,2007,32.0,32.2515199261219,31.6646693840725,final,25.7560496633418,37.5732891048033
hierarchical,1014,2007,40.8,40.8849766004764,40.8484609360806,final,34.9398412153499,46.7570806568114
hierarchical,1015,2007,43.4,42.462599866226,42.3974477128031,final,36.4888279920724,48.3060674335339
hierarchical,1016,2007,39.5,40.5583597250322,39.7288924836361,final,33.8202727629054,45.6375122043669
hierarchical,1001,2008,45.5,45.0463483756623,45.0494141956932,final,39.1407944749625,50.958033916424
hierarchical,1002,2008,41.6,41.3208976336983,41.9222161273495,final,36.0135964066188,47.8308358480803
hierarchical,1003,2008,34.1,34.6509986760625,34.7439559271561,final,28.8353362064253,40.6525756478868
hierarchical,1004,2008,38.0,38.6415926764576,38.2772639632451,final,32.3686442425143,44.1858836839758
hierarchical,1005,2008,32.8,33.763509280595,33.368621313406,final,27.4600015926752,39.2772410341367
hierarchical,1006,2008,34.9,35.2376874618148,35.0921902887415,final,29.1835705680107,41.0008100094722
hierarchical,1007,2008,35.3,34.1444129217553,34.2217982551471,final,28.3131785344164,40.1304179758779
hierarchical,1008,2008,58.3,47.1889869663126,47.2297025009003,final,41.3210827801695,53.138322221631
hierarchical,1009,2008,34.9,34.8856401496836,34.9310587719748,final,29.0224390512441,40.8396784927056
hierarchical,1010,2008,31.0,31.2559454945066,30.337651541838,final,24.4290318211072,36.2462712625687
hierarchical,1011,2008,46.3,46.1315058081916,46.1609450215017,final,40.2523253007709,52.0695647422325
hierarchical,1012,2008,41.3,41.1275129806259,41.3085351600943,final,35.3999154393636,47.2171548808251
hierarchical,1013,2008,35.7,35.1245408935516,35.0285491978956,final,29.1199294771648,40.9371689186264
hierarchical,1014,2008,43.2,42.5355049781751,42.5030739573149,final,36.5944542365841,48.4116936780456
hierarchical,1015,2008,39.0,40.1598249706524,40.5175804365375,final,34.6089607158068,46.4262001572683
hierarchical,1016,2008,40.2,40.682932911563,40.279013642874,final,34.3703939221433,46.1876333636047
hierarchical,1001,2009,45.0,44.8963598071052,45.0694943548474,final,39.1608746341167,50.9781140755782
hierarchical,1002,2009,44.6,44.1220527195377,44.22857115653,final,38.3199514357992,50.1371908772607
hierarchical,1003,2009,37.9,37.5597948964656,37.3495081886291,final,31.4408884678983,43.2581279093598
hierarchical,1004,2009,35.0,35.808388179899,35.5635265902698,final,29.654906869539,41.4721463110005
hierarchical,1005,2009,44.6,42.4051518999174,42.0374319699275,final,36.1288122491968,47.9460516906583
hierarchical,1006,2009,32.7,32.5176654144899,32.3887881817347,final,26.480168461004,38.2974079024655
hierarchical,1007,2009,34.9,34.8702417938944,35.3112675401613,final,29.4026478194305,41.219887260892
hierarchical,1008,2009,52.4,51.2614126845022,55.5018917511304,final,49.5932720303996,61.4105114718611
hierarchical,1009,2009,33.1,33.2973227692791,33.3028031556743,final,27.3941834349436,39.2114228764051
hierarchical,1010,2009,30.8,31.5108940065296,31.4132133082564,final,25.5045935875257,37.3218330289872
hierarchical,1011,2009,48.3,47.7835926075973,47.8478978236064,final,41.9392781028757,53.7565175443372
hierarchical,1012,2009,38.0,38.1484649583958,38.2142940230097,final,32.305674302279,44.1229137437405
hierarchical,1013,2009,32.8,32.8182515690888,33.0378735141982,final,27.1292537934675,38.946493234929
hierarchical,1014,2009,41.9,41.8738459890861,42.127448178318,final,36.2188284575872,48.0360678990487
hierarchical,1015,2009,47.0,46.2661594759144,45.8235163529073,final,39.9148966321766,51.7321360736381
hierarchical,1016,2009,50.1,47.6129825133884,47.4286728653068,final,41.520053144576,53.3372925860375
hierarchical,1001,2010,51.3,50.3903471523462,50.4299010676463,final,44.5212813469155,56.338520788377
hierarchical,1002,2010,44.7,45.1940755663525,45.3764824658501,final,39.4678627451194,51.2851021865809
hierarchical,1003,2010,38.5,39.1743747465684,39.3042128284358,final,33.395593107705,45.2128325491665
hierarchical,1004,2010,37.2,37.6811460023028,37.3726274951084,final,31.4640077743776,43.2812472158391
hierarchical,1005,2010,45.5,45.5759040766371,46.413560138655,final,40.5049404179243,52.3221798593858
hierarchical,1006,2010,32.0,32.8968140776266,32.9664014312399,final,27.0577817105092,38.8750211519707
hierarchical,1007,2010,34.6,36.2598582279976,36.2712153427511,final,30.3625956220204,42.1798350634819
hierarchical,1008,2010,54.8,53.8885090467897,54.3230468933622,final,48.4144271726314,60.2316666140929
hierarchical,1009,2010,37.7,37.5246315214776,37.4493239802156,final,31.5407042594848,43.3579437009463
hierarchical,1010,2010,33.4,33.5630345518313,33.2917243531896,final,27.3831046324588,39.2003440739203
hierarchical,1011,2010,47.5,48.1543149915831,48.351400057607,final,42.4427803368762,54.2600197783377
hierarchical,1012,2010,35.7,43.023000710132,42.9663395806476,final,37.0577198599168,48.8749593013783
hierarchical,1013,2010,28.0,34.6592768810476,34.6523112338632,final,28.7436915131325,40.560930954594
hierarchical,1014,2010,49.0,46.6449946792291,46.6549762655573,final,40.7463565448265,52.563595986288
hierarchical,1015,2010,45.8,45.9768525905149,46.2569202469198,final,40.348300526189,52.1655399676505
hierarchical,1016,2010,54.4,52.1300172226688,53.0791787040153,final,47.1705589832845,58.987798424746
hierarchical,1001,2011,48.1,42.2282376801904,42.5754034918657,final,36.6667837711349,48.4840232125964
hierarchical,1002,2011,43.4,42.4216733942251,42.233111191112,final,36.3244914703812,48.1417309118427
hierarchical,1003,2011,38.6,37.73730609594,37.4799333444892,final,31.5713136237585,43.38855306522
hierarchical,1004,2011,36.2,36.7601832321105,36.5765555516667,final,30.667935830936,42.4851752723975
hierarchical,1005,2011,34.1,34.4726048363642,34.4436363123354,final,28.5350165916046,40.3522560330661
hierarchical,1006,2011,35.2,35.0730034574026,34.730737517177,final,28.8221177964463,40.6393572379078
hierarchical,1007,2011,32.2,33.9489000240703,33.3154209661253,final,27.4068012453946,39.2240406868561
hierarchical,1008,2011,58.1,46.7814211234595,47.1292884416591,final,41.2206687209283,53.0379081623899
hierarchical,1009,2011,32.9,33.8176066105295,33.8845353738984,final,27.9759156531677,39.7931550946292
hierarchical,1010,2011,30.4,30.759818318126,30.6975967545223,final,24.7889770337915,36.606216475253
hierarchical,1011,2011,48.1,47.5596088497056,47.3098918332305,final,41.4012721124997,53.2185115539612
hierarchical,1012,2011,42.2,41.8922070408898,39.0974095618419,final,33.1887898411111,45.0060292825726
hierarchical,1013,2011,31.3,32.3060267205452,29.7645371077306,final,23.8559173869999,35.6731568284614
hierarchical,1014,2011,42.0,41.8221771047314,42.7209566070368,final,36.8123368863061,48.6295763277676
hierarchical,1015,2011,41.1,40.5251433698274,40.4576482003335,final,34.5490284796028,46.3662679210643
hierarchical,1016,2011,41.9,41.8018787624903,42.6682097099652,final,36.7595899892344,48.5768294306959
hierarchical,1001,2012,44.8,45.0449223037789,47.2858597525855,final,41.3772400318547,53.1944794733162
hierarchical,1002,2012,41.3,41.9328175844769,42.3061924945356,final,36.3975727738048,48.2148122152663
hierarchical,1003,2012,33.6,35.0261612812682,35.355405377192,final,29.4467856564612,41.2640250979227
hierarchical,1004,2012,36.1,36.5545954591012,36.3408034977346,final,30.4321837770039,42.2494232184654
hierarchical,1005,2012,43.2,41.9326773435282,41.7904740175186,final,35.8818542967878,47.6990937382493
hierarchical,1006,2012,36.1,35.336800341923,35.3852681259842,final,29.4766484052535,41.293887846715
hierarchical,1007,2012,35.2,35.6532845163888,34.9858229699744,final,29.0772032492436,40.8944426907051
hierarchical,1008,2012,59.7,51.439755545103,55.759451386016,final,49.8508316652853,61.6680711067468
hierarchical,1009,2012,35.2,34.4355139331039,34.0853125957864,final,28.1766928750556,39.9939323165171
hierarchical,1010,2012,32.6,32.4918151704148,32.3544917741433,final,26.4458720534126,38.2631114948741
hierarchical,1011,2012,48.2,48.1986421476841,48.404880530599,final,42.4962608098683,54.3135002513298
hierarchical,1012,2012,40.4,40.3685969045058,40.4860650053896,final,34.5774452846588,46.3946847261203
hierarchical,1013,2012,31.4,31.2832529722217,30.899306410733,final,24.9906866900023,36.8079261314638
hierarchical,1014,2012,44.0,43.0823008643731,43.1501663472654,final,37.2415466265346,49.0587860679961
hierarchical,1015,2012,40.7,41.8360056852215,42.0553976973781,final,36.1467779766474,47.9640174181089
hierarchical,1016,2012,45.7,44.9489199341693,44.9863675595469,final,39.0777478388162,50.8949872802777
hierarchical,1001,2013,48.6,47.9173344404931,47.8238607042121,final,41.9152409834814,53.7324804249429
hierarchical,1002,2013,48.6,46.3305260059603,46.0890133993391,final,40.1803936786083,51.9976331200698
hierarchical,1003,2013,36.6,37.2570162898262,36.7127268501039,final,30.8041071293731,42.6213465708346
hierarchical,1004,2013,36.6,37.122066985972,36.94857222701,final,31.0399525062793,42.8571919477408
hierarchical,1005,2013,53.0,43.0803952853033,43.5640645222252,final,37.6554448014944,49.4726842429559
hierarchical,1006,2013,33.7,34.7140356778842,35.005308144573,final,29.0966884238422,40.9139278653037
hierarchical,1007,2013,36.6,36.7742012570991,36.6012068148151,final,30.6925870940844,42.5098265355459
hierarchical,1008,2013,56.4,52.4734407134599,55.6259339730775,final,49.7173142523467,61.5345536938082
hierarchical,1009,2013,33.4,34.454198445141,34.7459618652336,final,28.8373421445029,40.6545815859644
hierarchical,1010,2013,33.0,32.5398681727293,32.5811565326468,final,26.6725368119161,38.4897762533776
hierarchical,1011,2013,52.9,50.4141474126549,50.4146656322181,final,44.5060459114873,56.3232853529488
hierarchical,1012,2013,41.2,41.3235463713483,41.3355312523548,final,35.426911531624,47.2441509730855
hierarchical,1013,2013,31.2,33.0269625638255,33.0715186565853,final,27.1628989358546,38.9801383773161
hierarchical,1014,2013,45.5,44.9460998056213,45.296336454817,final,39.3877167340863,51.2049561755478
hierarchical,1015,2013,48.9,46.450681551335,46.0171289748825,final,40.1085092541517,51.9257486956132
hierarchical,1016,2013,53.5,45.5984648221528,45.8851118890639,final,39.9764921683331,51.7937316097946
hierarchical,1001,2014,54.0,53.7520259281352,54.0125628392,final,48.1039431184692,59.9211825599307
hierarchical,1002,2014,52.4,47.2809891227115,48.1471258948316,final,42.2385061741009,54.0557456155624
hierarchical,1003,2014,43.9,42.7624411609943,42.5116932035403,final,36.6030734828096,48.4203129242711
hierarchical,1004,2014,45.6,45.2251404424469,45.0258954124321,final,39.1172756917014,50.9345151331629
hierarchical,1005,2014,54.5,45.6595747229429,49.4453569926932,final,43.5367372719624,55.3539767134239
hierarchical,1006,2014,39.0,39.0372781014442,38.6502749495404,final,32.7416552288096,44.5588946702711
hierarchical,1007,2014,38.9,39.0051454205403,38.9386621231245,final,33.0300424023938,44.8472818438553
hierarchical,1008,2014,65.7,59.7416270966541,61.2401846456342,final,55.3315649249034,67.1488043663649
hierarchical,1009,2014,37.6,38.0771737230722,37.6748425922258,final,31.7662228714951,43.5834623129566
hierarchical,1010,2014,36.1,36.8852447495003,37.0608524439126,final,31.1522327231818,42.9694721646433
hierarchical,1011,2014,57.6,51.5054666979971,52.4541835996334,final,46.5455638789026,58.3628033203642
hierarchical,1012,2014,48.4,47.8039955120857,47.7568444737536,final,41.8482247530228,53.6654641944843
hierarchical,1013,2014,37.4,37.6984760053768,37.001222165072,final,31.0926024443412,42.9098418858027
hierarchical,1014,2014,48.2,47.6737735491641,47.8851676112666,final,41.9765478905358,53.7937873319973
hierarchical,1015,2014,52.1,48.7646450367287,49.6994188127634,final,43.7907990920326,55.6080385334941
hierarchical,1016,2014,59.6,50.4458009169126,53.4613940418868,final,47.5527743211561,59.3700137626176
hierarchical,1001,2015,51.9,51.2396272230399,51.3342656558832,final,45.4256459351524,57.242885376614
hierarchical,1002,2015,45.4,46.3527126574101,48.306365164267,final,42.3977454435363,54.2149848849978
hierarchical,1003,2015,36.3,42.076359787238,42.5105051193725,final,36.6018853986418,48.4191248401033
hierarchical,1004,2015,44.1,43.0966413638035,43.2397051962291,final,37.3310854754983,49.1483249169598
hierarchical,1005,2015,43.8,43.6796190219371,47.0535362528675,final,41.1449165321368,52.9621559735983
hierarchical,1006,2015,35.8,39.8996018620493,39.8853748056739,final,33.9767550849432,45.7939945264047
hierarchical,1007,2015,32.4,37.252438752254,37.2123103721143,final,31.3036906513836,43.1209300928451
hierarchical,1008,2015,58.4,57.0632634926117,59.3372555661696,final,53.4286358454388,65.2458752869003
hierarchical,1009,2015,35.5,39.118799338644,38.9366876646051,final,33.0280679438743,44.8453073853358
hierarchical,1010,2015,32.6,35.3640411179094,35.0643552195723,final,29.1557354988416,40.9729749403031
hierarchical,1011,2015,55.3,53.188739134483,55.5146963455542,final,49.6060766248234,61.4233160662849
hierarchical,1012,2015,43.5,44.5904292367907,44.817892254515,final,38.9092725337842,50.7265119752457
hierarchical,1013,2015,34.5,39.1528812524773,39.0389689342347,final,33.1303492135039,44.9475886549654
hierarchical,1014,2015,49.1,47.9326085541233,48.133441029282,final,42.2248213085512,54.0420607500127
hierarchical,1015,2015,47.5,47.4211768494937,48.6941033467127,final,42.7854836259819,54.6027230674434
hierarchical,1016,2015,57.5,50.7065172933619,54.2001851943792,final,48.2915654736485,60.10880491511
hierarchical,1001,2016,52.7,52.6694506545631,52.9214796035329,final,47.0128598828021,58.8300993242636
hierarchical,1002,2016,43.0,43.1779317096195,42.8143322729155,final,36.9057125521847,48.7229519936462
hierarchical,1003,2016,35.2,37.9403100330963,35.7357826254845,final,29.8271629047537,41.6444023462152
hierarchical,1004,2016,49.4,45.595014887651,45.977943184127,final,40.0693234633962,51.8865629048577
hierarchical,1005,2016,45.8,45.1860469602635,45.2319899373753,final,39.3233702166446,51.1406096581061
hierarchical,1006,2016,39.4,39.5889624371446,38.0243637975046,final,32.1157440767739,43.9329835182353
hierarchical,1007,2016,34.7,37.0636232831194,35.2117070907216,final,29.3030873699908,41.1203268114523
hierarchical,1008,2016,59.6,59.408088047735,59.918248836854,final,54.0096291161233,65.8268685575848
hierarchical,1009,2016,35.5,36.5133851371695,35.1322830904594,final,29.2236633697287,41.0409028111902
hierarchical,1010,2016,32.1,33.4304543421916,32.3755677657599,final,26.4669480450292,38.2841874864907
hierarchical,1011,2016,48.3,48.6183053999794,49.4240606877531,final,43.5154409670224,55.3326804084839
hierarchical,1012,2016,47.3,47.208319313275,46.7921608281548,final,40.883541107424,52.7007805488855
hierarchical,1013,2016,33.1,34.6350392528667,32.8592834787698,final,26.9506637580391,38.7679031995006
hierarchical,1014,2016,42.1,42.8923646235628,43.3378954652414,final,37.4292757445106,49.2465151859721
hierarchical,1015,2016,46.3,45.8950381730972,45.9251207514071,final,40.0165010306763,51.8337404721378
hierarchical,1016,2016,48.2,47.6585098530071,50.251218647395,final,44.3425989266642,56.1598383681257
hierarchical,1001,2017,53.8,52.4960359683687,52.507695018667,final,46.5990752979363,58.4163147393978
hierarchical,1002,2017,50.2,48.4599427884463,48.3920357769395,final,42.4834160562087,54.3006554976702
hierarchical,1003,2017,42.6,41.667710300066,40.6218806087332,final,34.7132608880025,46.530500329464
hierarchical,1004,2017,52.4,43.2132209135101,44.6653801062703,final,38.7567603855396,50.573999827001
hierarchical,1005,2017,48.3,46.6857230824009,46.9200361018351,final,41.0114163811043,52.8286558225658
hierarchical,1006,2017,41.1,40.0696411487526,39.9975242988613,final,34.0889045781306,45.9061440195921
hierarchical,1007,2017,36.8,37.8133316911831,36.9112631738414,final,31.0026434531107,42.8198828945722
hierarchical,1008,2017,62.9,54.6496066190385,54.7228491410073,final,48.8142294202765,60.631468861738
hierarchical,1009,2017,38.5,38.8689803988864,38.4822255235595,final,32.5736058028287,44.3908452442902
hierarchical,1010,2017,34.4,34.6636441511419,34.155880928287,final,28.2472612075563,40.0645006490178
hierarchical,1011,2017,54.4,53.9052981774112,53.7838180404233,final,47.8751983196925,59.692437761154
hierarchical,1012,2017,48.2,46.7853136624384,46.820303274249,final,40.9116835535182,52.7289229949797
hierarchical,1013,2017,36.0,36.2789873914184,35.6931450565657,final,29.784525335835,41.6017647772965
hierarchical,1014,2017,46.5,46.859321043721,46.5569178704759,final,40.6482981497452,52.4655375912067
hierarchical,1015,2017,50.5,48.7120884531528,48.8666407108594,final,42.9580209901287,54.7752604315902
hierarchical,1016,2017,52.0,51.6555608944599,51.8622187056015,final,45.9535989848708,57.7708384263323
hierarchical,1001,2018,45.0,45.2723873717928,45.7700406607417,final,39.8614209400109,51.6786603814724
hierarchical,1002,2018,38.3,38.9812953025843,39.6453820206862,final,33.7367622999555,45.554001741417
hierarchical,1003,2018,34.9,35.4421476020092,35.7979526887837,final,29.8893329680529,41.7065724095144
hierarchical,1004,2018,47.1,41.3462123124062,44.8523142571962,final,38.9436945364654,50.7609339779269
hierarchical,1005,2018,31.1,35.2506605651907,35.8667436762505,final,29.9581239555197,41.7753633969812
hierarchical,1006,2018,38.0,38.2099000434368,38.6031328770752,final,32.6945131563444,44.5117525978059
hierarchical,1007,2018,32.0,32.569318750493,32.1825842726389,final,26.2739645519082,38.0912039933697
hierarchical,1008,2018,55.7,55.1551040278287,58.3038376597075,final,52.3952179389768,64.2124573804383
hierarchical,1009,2018,37.3,36.7749757758374,36.6341557036505,final,30.7255359829198,42.5427754243813
hierarchical,1010,2018,28.7,29.313327981412,29.2127091178964,final,23.3040893971657,35.1213288386272
hierarchical,1011,2018,45.6,45.7014910296643,45.8902922412685,final,39.9816725205378,51.7989119619993
hierarchical,1012,2018,43.0,42.7060485186311,43.2459585864248,final,37.3373388656941,49.1545783071556
hierarchical,1013,2018,33.9,34.3228407606056,34.2163662033734,final,28.3077464826427,40.1249859241042
hierarchical,1014,2018,38.0,39.4424198627111,39.3052862494683,final,33.3966665287375,45.2139059701991
hierarchical,1015,2018,38.6,39.7253307407845,40.4076808977325,final,34.4990611770017,46.3163006184633
hierarchical,1016,2018,37.2,41.3032847759613,41.4347387498108,final,35.52611902908,47.3433584705415
hierarchical,1001,2019,47.1,52.954040531609,52.8500848486664,final,46.9414651279356,58.7587045693972
hierarchical,1002,2019,44.8,46.9536792021843,46.6936652448573,final,40.7850455241266,52.6022849655881
hierarchical,1003,2019,34.6,41.5091997339685,41.3022910074309,final,35.3936712867001,47.2109107281616
hierarchical,1004,2019,47.5,43.6363865768314,45.8322994219599,final,39.9236797012292,51.7409191426907
hierarchical,1005,2019,35.4,40.7764254785769,39.1923404643656,final,33.2837207436349,45.1009601850964
hierarchical,1006,2019,38.5,40.5340941372363,40.4539865235039,final,34.5453668027731,46.3626062442346
hierarchical,1007,2019,34.9,35.4306361098352,35.2133576099914,final,29.3047378892607,41.1219773307222
hierarchical,1008,2019,60.2,60.5118609376814,60.7198185700302,final,54.8111988492994,66.628438290761
hierarchical,1009,2019,36.9,37.6806306171159,37.8810042666907,final,31.97238454596,43.7896239874215
hierarchical,1010,2019,30.0,35.0692110434962,34.8351365753744,final,28.9265168546437,40.7437562961052
hierarchical,1011,2019,52.9,51.9119666877857,51.8732329930778,final,45.964613272347,57.7818527138085
hierarchical,1012,2019,42.9,46.6736041475294,46.7857896970891,final,40.8771699763584,52.6944094178199
hierarchical,1013,2019,33.1,35.9703069447298,35.8089312548238,final,29.9003115340931,41.7175509755546
hierarchical,1014,2019,46.1,47.4805007016386,46.9300062314611,final,41.0213865107303,52.8386259521918
hierarchical,1015,2019,41.3,45.9994501881237,45.5699716666908,final,39.6613519459601,51.4785913874216
hierarchical,1016,2019,47.0,47.3268480692035,45.7608438584152,final,39.8522241376845,51.669463579146
stress_lag,1001,1999,40.0,40.0960670900902,40.0960670900902,final,34.0249011903264,46.167232989854
stress_lag,1002,1999,37.2,37.6149887317573,37.6149887317573,final,31.5438228319934,43.6861546315211
stress_lag,1003,1999,28.9,30.897553639425,30.897553639425,final,24.8263877396612,36.9687195391888
stress_lag,1004,1999,31.5,31.7108944050979,31.7108944050979,final,25.6397285053341,37.7820603048617
stress_lag,1005,1999,34.6,34.016000854274,34.016000854274,final,27.9448349545102,40.0871667540378
stress_lag,1006,1999,29.9,29.6574422011726,29.6574422011726,final,23.5862763014087,35.7286081009364
stress_lag,1007,1999,29.3,31.8641433573036,31.8641433573036,final,25.7929774575398,37.9353092570674
stress_lag,1008,1999,42.0,43.5373092843813,43.5373092843813,final,37.4661433846175,49.6084751841451
stress_lag,1009,1999,29.4,29.9047405082401,29.9047405082401,final,23.8335746084763,35.9759064080039
stress_lag,1010,1999,26.7,27.4401261549145,27.4401261549145,final,21.3689602551507,33.5112920546783
stress_lag,1011,1999,37.1,39.0643491972432,39.0643491972432,final,32.9931832974794,45.135515097007
stress_lag,1012,1999,35.3,35.0220542790357,35.0220542790357,final,28.9508883792719,41.0932201787995
stress_lag,1013,1999,30.2,28.5714743126557,28.5714743126557,final,22.5003084128919,34.6426402124195
stress_lag,1014,1999,34.3,35.8753933133224,35.8753933133224,final,29.8042274135586,41.9465592130862
stress_lag,1015,1999,40.2,38.9826338191456,38.9826338191456,final,32.9114679193818,45.0537997189094
stress_lag,1016,1999,39.9,38.5368464742238,38.5368464742238,final,32.46568057446,44.6080123739876
stress_lag,1001,2000,38.9,37.0719023571032,37.0257518518387,final,30.9545859520749,43.0969177516025
stress_lag,1002,2000,31.1,33.7117921716746,33.5124321241112,final,27.4412662243473,39.583598023875
stress_lag,1003,2000,25.4,26.7892278425189,25.8296056694541,final,19.7584397696903,31.9007715692179
stress_lag,1004,2000,29.9,29.070359010164,28.9690456119588,final,22.897879712195,35.0402115117226
stress_lag,1005,2000,27.2,30.9963521536625,31.2769045845104,final,25.2057386847465,37.3480704842742
stress_lag,1006,2000,29.0,28.1570252173973,28.2735496688115,final,22.2023837690477,34.3447155685754
stress_lag,1007,2000,26.8,28.0005419534648,26.7687308160709,final,20.6975649163071,32.8398967158347
stress_lag,1008,2000,44.1,39.341041454425,38.6025200715522,final,32.5313541717884,44.673685971316
stress_lag,1009,2000,27.9,28.4449237784401,28.202447094064,final,22.1312811943002,34.2736129938278
stress_lag,1010,2000,18.3,24.7766530353637,24.4210973921493,final,18.3499314923854,30.4922632919131
stress_lag,1011,2000,37.3,37.2880482756627,36.3443774734812,final,30.2732115737174,42.415543373245
stress_lag,1012,2000,32.9,31.3334462863838,31.466971049615,final,25.3958051498512,37.5381369493788
stress_lag,1013,2000,25.7,26.2776916960556,27.0600333203992,final,20.9888674206354,33.131199220163
stress_lag,1014,2000,33.6,34.3124247875994,33.5556078867039,final,27.4844419869401,39.6267737864677
stress_lag,1015,2000,34.6,35.0414187657762,35.6262398973997,final,29.5550739976359,41.6974057971635
stress_lag,1016,2000,32.9,34.5397740034999,35.1946311862101,final,29.1234652864463,41.2657970859739
stress_lag,1001,2001,40.0,39.5744540155205,40.4526697480183,final,34.3815038482545,46.5238356477821
stress_lag,1002,2001,38.3,37.382784533957,36.1280829680469,final,30.0569170682831,42.1992488678107
stress_lag,1003,2001,29.5,31.4375561567063,30.7701729061099,final,24.6990070063461,36.8413388058737
stress_lag,1004,2001,30.2,30.7528374581964,31.1513959118053,final,25.0802300120415,37.2225618115692
stress_lag,1005,2001,35.7,35.4927073680687,33.6689447258472,final,27.5977788260834,39.740110625611
stress_lag,1006,2001,28.0,29.0518780533538,29.456842043684,final,23.3856761439202,35.5280079434478
stress_lag,1007,2001,31.0,32.3263646510593,31.749625856415,final,25.6784599566512,37.8207917561788
stress_lag,1008,2001,46.3,44.4358175892111,46.7220150914442,final,40.6508491916804,52.793180991208
stress_lag,1009,2001,28.3,29.5481587875671,29.2863781123949,final,23.2152122126311,35.3575440121587
stress_lag,1010,2001,28.7,27.3706619752276,24.259286271809,final,18.1881203720452,30.3304521715728
stress_lag,1011,2001,36.7,39.9024899245712,39.9082315174146,final,33.8370656176508,45.9793974171784
stress_lag,1012,2001,35.0,35.205073505359,35.9576438740404,final,29.8864779742766,42.0288097738042
stress_lag,1013,2001,27.3,27.3359622021928,27.0584398619717,final,20.9872739622078,33.1296057617355
stress_lag,1014,2001,34.7,35.8230647613108,35.4808168189636,final,29.4096509191998,41.5519827187275
stress_lag,1015,2001,41.9,39.4963628396486,39.2843058380816,final,33.2131399383178,45.3554717378454
stress_lag,1016,2001,38.5,38.8809288068131,38.0931835060027,final,32.0220176062388,44.1643494057665
stress_lag,1001,2002,43.3,42.7959266725325,43.0003584105872,final,36.9291925108234,49.0715243103511
stress_lag,1002,2002,41.9,39.810065321567,40.2506944397649,final,34.1795285400011,46.3218603395287
stress_lag,1003,2002,31.2,33.5412625074699,32.6104630471516,final,26.5392971473878,38.6816289469154
stress_lag,1004,2002,34.9,33.6250032817746,33.3594208851292,final,27.2882549853654,39.4305867848931
stress_lag,1005,2002,34.5,36.0057468766306,36.1053299876861,final,30.0341640879223,42.17649588745
stress_lag,1006,2002,31.5,33.4939780275817,32.9886571773996,final,26.9174912776358,39.0598230771634
stress_lag,1007,2002,32.5,32.9578430626565,32.3206592075625,final,26.2494933077987,38.3918251073263
stress_lag,1008,2002,48.8,46.9315342555993,47.8270850637094,final,41.7559191639456,53.8982509634733
stress_lag,1009,2002,32.4,33.1481665433911,32.5485526835101,final,26.4773867837462,38.6197185832739
stress_lag,1010,2002,28.8,29.2623405015362,29.9009527614988,final,23.829786861735,35.9721186612626
stress_lag,1011,2002,43.6,41.9867758731053,40.4483038741657,final,34.3771379744019,46.5194697739295
stress_lag,1012,2002,37.0,37.14862731991,37.0501102743767,final,30.9789443746129,43.1212761741405
stress_lag,1013,2002,31.3,31.9431255515608,31.9258493563512,final,25.8546834565874,37.997015256115
stress_lag,1014,2002,38.7,37.9697989735172,37.4302801213216,final,31.3591142215578,43.5014460210854
stress_lag,1015,2002,41.8,40.4969147766124,41.6516189455275,final,35.5804530457637,47.7227848452913
stress_lag,1016,2002,41.3,39.8990931110125,39.71609540714,final,33.6449295073761,45.7872613069038
stress_lag,1001,2003,37.2,37.4492722669764,37.6914284385762,final,31.6202625388124,43.76259433834
stress_lag,1002,2003,34.8,35.3840434334813,36.3880453376598,final,30.316879437896,42.4592112374236
stress_lag,1003,2003,27.4,29.6056457155516,28.4809062488407,final,22.4097403490769,34.5520721486045
stress_lag,1004,2003,31.9,32.4022987552265,33.0148055221267,final,26.9436396223629,39.0859714218905
stress_lag,1005,2003,23.3,31.8574241229905,31.1340652797938,final,25.06289938003,37.2052311795576
stress_lag,1006,2003,29.4,28.8125746611179,27.854670207337,final,21.7835043075732,33.9258361071008
stress_lag,1007,2003,32.6,28.2351330152968,28.0151858028477,final,21.9440199030839,34.0863517026115
stress_lag,1008,2003,42.3,42.4251449081591,43.3227534241712,final,37.2515875244074,49.3939193239351
stress_lag,1009,2003,30.0,29.3107021882555,28.9512839528633,final,22.8801180530995,35.0224498526271
stress_lag,1010,2003,27.2,28.7837920104289,28.5616842341852,final,22.4905183344214,34.632850133949
stress_lag,1011,2003,40.9,40.1157432898303,40.8907340644144,final,34.8195681646506,46.9618999641782
stress_lag,1012,2003,36.5,33.6113130538625,33.5399126824813,final,27.4687467827175,39.6110785822451
stress_lag,1013,2003,28.2,28.5842031733369,28.2752464939458,final,22.204080594182,34.3464123937096
stress_lag,1014,2003,40.9,37.3743310742259,37.725118698637,final,31.6539527988732,43.7962845984008
stress_lag,1015,2003,32.7,35.2803623862781,35.9063628345644,final,29.8351969348006,41.9775287343282
stress_lag,1016,2003,30.7,36.3040190288924,36.9770128782383,final,30.9058469784745,43.0481787780022
stress_lag,1001,2004,48.7,45.5122215518892,45.3924714786999,final,39.3213055789361,51.4636373784637
stress_lag,1002,2004,45.4,43.1455406763883,42.8649669697604,final,36.7938010699966,48.9361328695242
stress_lag,1003,2004,36.5,36.5271484660514,35.4675591299783,final,29.3963932302145,41.5387250297422
stress_lag,1004,2004,35.3,37.1246474416728,36.883343772272,final,30.8121778725082,42.9545096720358
stress_lag,1005,2004,42.4,40.1411626305006,36.030187200021,final,29.9590213002572,42.1013530997848
stress_lag,1006,2004,34.0,36.3500432997901,36.6322416693787,final,30.5610757696149,42.7034075691425
stress_lag,1007,2004,36.1,36.4919180228664,38.5887944512788,final,32.5176285515149,44.6599603510426
stress_lag,1008,2004,56.0,49.8825352314365,49.822415780151,final,43.7512498803872,55.8935816799148
stress_lag,1009,2004,34.3,34.6626401125306,34.9937778857247,final,28.9226119859609,41.0649437854886
stress_lag,1010,2004,30.7,33.8016527017761,33.0408010777027,final,26.9696351779388,39.1119669774665
stress_lag,1011,2004,47.1,45.5268570552334,45.903612959856,final,39.8324470600921,51.9747788596198
stress_lag,1012,2004,42.6,40.9357106367705,42.323432092578,final,36.2522661928142,48.3945979923418
stress_lag,1013,2004,31.8,34.838495251497,34.6539245462007,final,28.5827586464369,40.7250904459645
stress_lag,1014,2004,43.3,42.867706349998,44.5614331212261,final,38.4902672214623,50.6325990209899
stress_lag,1015,2004,48.5,43.4885308413634,42.2489281035227,final,36.1777622037589,48.3200940032865
stress_lag,1016,2004,47.3,43.7077962664542,41.0156328059775,final,34.9444669062137,47.0867987057413
stress_lag,1001,2005,46.4,43.392732390016,44.9241370147778,final,38.852971115014,50.9953029145416
stress_lag,1002,2005,39.7,40.5995864107508,41.682625740715,final,35.6114598409512,47.7537916404788
stress_lag,1003,2005,33.2,34.6079064463072,34.5948643584887,final,28.5236984587249,40.6660302582525
stress_lag,1004,2005,33.9,35.226728132575,34.3501698722625,final,28.2790039724987,40.4213357720263
stress_lag,1005,2005,37.2,37.9943997202743,39.0795422577948,final,33.008376358031,45.1507081575586
stress_lag,1006,2005,34.4,34.4784443923897,33.3494866444565,final,27.2783207446927,39.4206525442203
stress_lag,1007,2005,33.7,34.2337902109342,34.0455133019474,final,27.9743474021836,40.1166792017112
stress_lag,1008,2005,52.7,47.4801582026179,50.4189803293399,final,44.3478144295761,56.4901462291037
stress_lag,1009,2005,30.7,33.2393729741087,33.065161135208,final,26.9939952354442,39.1363270349718
stress_lag,1010,2005,30.4,30.1106136557244,28.6205837276032,final,22.5494178278394,34.691749627367
stress_lag,1011,2005,45.0,43.66667331001,44.4224091367752,final,38.3512432370113,50.493575036539
stress_lag,1012,2005,37.0,38.1998387223274,38.9993611701004,final,32.9281952703366,45.0705270698642
stress_lag,1013,2005,30.0,32.3892179450749,30.9295287740106,final,24.8583628742468,37.0006946737744
stress_lag,1014,2005,38.7,39.0853905800056,39.2930638878105,final,33.2218979880467,45.3642297875743
stress_lag,1015,2005,43.8,41.9017111459845,44.3092144186588,final,38.238048518895,50.3803803184226
stress_lag,1016,2005,42.5,41.8053021728862,43.5309921793227,final,37.4598262795589,49.6021580790865
stress_lag,1001,2006,35.5,35.4350731863254,36.8797606389792,final,30.8085947392154,42.950926538743
stress_lag,1002,2006,37.1,34.0858151771289,33.6536550341889,final,27.582489134425,39.7248209339527
stress_lag,1003,2006,27.9,27.0744250290226,26.3980686014344,final,20.3269027016706,32.4692345011982
stress_lag,1004,2006,26.3,29.1286013968301,28.4912429256882,final,22.4200770259244,34.5624088254521
stress_lag,1005,2006,25.1,30.9720800716071,30.5904514781086,final,24.5192855783448,36.6616173778724
stress_lag,1006,2006,25.0,27.6033537826502,27.5656691984648,final,21.494503298701,33.6368350982286
stress_lag,1007,2006,27.3,27.5861271358529,27.3296950120453,final,21.2585291122815,33.4008609118091
stress_lag,1008,2006,42.1,40.5160837963166,43.0236890139168,final,36.952523114153,49.0948549136806
stress_lag,1009,2006,27.4,28.5190494781453,27.2991380006554,final,21.2279721008916,33.3703039004192
stress_lag,1010,2006,24.5,26.2867306352895,26.4257514590953,final,20.3545855593314,32.4969173588591
stress_lag,1011,2006,42.5,38.7583490556076,39.3988774651585,final,33.3277115653947,45.4700433649223
stress_lag,1012,2006,29.6,32.7558326786738,32.1794317153542,final,26.1082658155904,38.250597615118
stress_lag,1013,2006,21.9,24.5478367849548,23.4000595883243,final,17.3288936885605,29.4712254880881
stress_lag,1014,2006,36.4,35.4893339765538,35.3041928426366,final,29.2330269428728,41.3753587424004
stress_lag,1015,2006,34.6,34.9587194816996,35.8706549808231,final,29.7994890810593,41.9418208805869
stress_lag,1016,2006,35.9,35.7511374001916,36.0848693337532,final,30.0137034339894,42.156035233517
stress_lag,1001,2007,43.4,42.3940448210876,42.4252355780209,final,36.3540696782571,48.4964014777847
stress_lag,1002,2007,43.0,41.2386845131521,42.6866949858897,final,36.6155290861259,48.7578608856535
stress_lag,1003,2007,36.4,35.0030111289723,35.3996162724043,final,29.3284503726405,41.4707821721681
stress_lag,1004,2007,33.5,36.4622359512605,35.1033795152743,final,29.0322136155105,41.1745454150381
stress_lag,1005,2007,34.4,37.507017145839,34.6860775087196,final,28.6149116089558,40.7572434084834
stress_lag,1006,2007,33.3,33.0206042457966,31.7699564710102,final,25.6987905712464,37.841122370774
stress_lag,1007,2007,33.1,32.999465387469,32.862010283155,final,26.7908443833912,38.9331761829188
stress_lag,1008,2007,52.2,47.8582287253427,48.6191400116943,final,42.5479741119305,54.6903059114581
stress_lag,1009,2007,33.0,32.7478403701226,32.210250454743,final,26.1390845549792,38.2814163545068
stress_lag,1010,2007,29.5,31.4687147366967,30.6103716609075,final,24.5392057611437,36.6815375606713
stress_lag,1011,2007,45.9,43.6034144285834,45.4008986809419,final,39.3297327811781,51.4720645807057
stress_lag,1012,2007,38.7,38.2344655692135,36.7184076505838,final,30.64724175082,42.7895735503476
stress_lag,1013,2007,32.0,32.5882546375843,31.3162372862853,final,25.2450713865215,37.3874031860491
stress_lag,1014,2007,40.8,39.5839142446864,40.0213970191701,final,33.9502311194063,46.0925629189339
stress_lag,1015,2007,43.4,41.4538711600794,41.281542787136,final,35.2103768873722,47.3527086868998
stress_lag,1016,2007,39.5,39.8897709329481,39.9612843324869,final,33.890118432723,46.0324502322507
stress_lag,1001,2008,45.5,44.774557003454,45.2578165644195,final,39.1866506646557,51.3289824641834
stress_lag,1002,2008,41.6,38.5470830957254,39.3932167672238,final,33.32205086746,45.4643826669876
stress_lag,1003,2008,34.1,34.1173380722663,34.7884497108748,final,28.717283811111,40.8596156106386
stress_lag,1004,2008,38.0,39.0585257962814,37.6354714939712,final,31.5643055942073,43.706637393735
stress_lag,1005,2008,32.8,37.5358990372174,36.0432920371381,final,29.9721261373743,42.1144579369019
stress_lag,1006,2008,34.9,34.5878442081081,34.7220655654234,final,28.6508996656596,40.7932314651872
stress_lag,1007,2008,35.3,34.0081236571992,34.0564203544399,final,27.985254454676,40.1275862542037
stress_lag,1008,2008,58.3,49.9871799520739,52.0729612313873,final,46.0017953316235,58.1441271311511
stress_lag,1009,2008,34.9,38.0331330720764,38.1542702306519,final,32.0831043308881,44.2254361304157
stress_lag,1010,2008,31.0,32.6773080149433,31.7315400132803,final,25.6603741135165,37.8027059130442
stress_lag,1011,2008,46.3,42.5327905639468,43.6360672886241,final,37.5649013888603,49.7072331883879
stress_lag,1012,2008,41.3,40.9828193840264,41.2064615197321,final,35.1352956199683,47.2776274194959
stress_lag,1013,2008,35.7,34.9398091362801,34.6572123726725,final,28.5860464729087,40.7283782724363
stress_lag,1014,2008,43.2,40.7864928513584,41.3706988682156,final,35.2995329684518,47.4418647679794
stress_lag,1015,2008,39.0,39.4456247786163,40.3805425448127,final,34.3093766450489,46.4517084445765
stress_lag,1016,2008,40.2,40.2506203848443,40.0633749350646,final,33.9922090353008,46.1345408348284
stress_lag,1001,2009,45.0,45.5523873921235,45.9008892651349,final,39.829723365371,51.9720551648987
stress_lag,1002,2009,44.6,43.5628290635031,45.0294463778244,final,38.9582804780606,51.1006122775883
stress_lag,1003,2009,37.9,35.9296988030628,35.9213696156726,final,29.8502037159087,41.9925355154364
stress_lag,1004,2009,35.0,37.6175994655617,37.1090850483143,final,31.0379191485505,43.1802509480781
stress_lag,1005,2009,44.6,40.8349521989945,38.5598324546164,final,32.4886665548526,44.6309983543802
stress_lag,1006,2009,32.7,35.4797246952723,35.6296839321298,final,29.5585180323659,41.7008498318936
stress_lag,1007,2009,34.9,36.2357636775365,36.856379394152,final,30.7852134943881,42.9275452939158
stress_lag,1008,2009,52.4,48.7002569275906,52.6937248782103,final,46.6225589784465,58.7648907779742
stress_lag,1009,2009,33.1,34.8326675970917,33.327514539979,final,27.2563486402152,39.3986804397428
stress_lag,1010,2009,30.8,32.5378882547688,31.7321116636269,final,25.6609457638631,37.8032775633907
stress_lag,1011,2009,48.3,47.3688304950603,49.1785930136059,final,43.1074271138421,55.2497589133697
stress_lag,1012,2009,38.0,39.7508821585739,39.9032553143917,final,33.8320894146279,45.9744212141555
stress_lag,1013,2009,32.8,34.3001392856644,34.66533398892,final,28.5941680891562,40.7364998886838
stress_lag,1014,2009,41.9,41.421831814416,42.5812775128822,final,36.5101116131184,48.652443412646
stress_lag,1015,2009,47.0,43.7676371966145,43.5535596319438,final,37.48239373218,49.6247255317076
stress_lag,1016,2009,50.1,44.684539792505,44.6602218253942,final,38.5890559256303,50.731387725158
stress_lag,1001,2010,51.3,46.5680597772944,46.3026935918057,final,40.2315276920419,52.3738594915695
stress_lag,1002,2010,44.7,44.4467694140853,44.9450249844375,final,38.8738590846737,51.0161908842013
stress_lag,1003,2010,38.5,38.4192566610558,39.3657867961571,final,33.2946208963933,45.4369526959209
stress_lag,1004,2010,37.2,39.1508313953012,37.8933400129528,final,31.822174113189,43.9645059127166
stress_lag,1005,2010,45.5,40.440050061823,42.2487741337001,final,36.1776082339363,48.319940033464
stress_lag,1006,2010,32.0,34.7425909143297,33.407214782269,final,27.3360488825052,39.4783806820328
stress_lag,1007,2010,34.6,35.4263340302428,34.7846348950408,final,28.713468995277,40.8558007948046
stress_lag,1008,2010,54.8,51.4141977496462,53.1915495147527,final,47.1203836149888,59.2627154145165
stress_lag,1009,2010,37.7,35.7168006046693,34.8844293421891,final,28.8132634424253,40.955595241953
stress_lag,1010,2010,33.4,34.186096118076,33.3512168584307,final,27.2800509586669,39.4223827581945
stress_lag,1011,2010,47.5,47.1822524753512,47.6295850957053,final,41.5584191959415,53.7007509954691
stress_lag,1012,2010,35.7,42.6564083910706,41.8152868769196,final,35.7441209771558,47.8864527766834
stress_lag,1013,2010,28.0,35.8317667847617,35.1111018209795,final,29.0399359212157,41.1822677207433
stress_lag,1014,2010,49.0,43.5481695398524,43.7778809149486,final,37.7067150151847,49.8490468147124
stress_lag,1015,2010,45.8,44.6254653771795,46.1782882682891,final,40.1071223685253,52.2494541680529
stress_lag,1016,2010,54.4,43.979382597381,46.5809626450428,final,40.509796745279,52.6521285448066
stress_lag,1001,2011,48.1,44.5446237373415,46.8178416723716,final,40.7466757726078,52.8890075721354
stress_lag,1002,2011,43.4,40.9613827420065,41.083034386471,final,35.0118684867071,47.1542002862348
stress_lag,1003,2011,38.6,35.5450708789231,35.5838598740464,final,29.5126939742826,41.6550257738102
stress_lag,1004,2011,36.2,37.823189903928,36.8860130362365,final,30.8148471364727,42.9571789360003
stress_lag,1005,2011,34.1,38.862587971108,41.293381347285,final,35.2222154475212,47.3645472470488
stress_lag,1006,2011,35.2,36.5925153687393,35.2749782567975,final,29.2038123570337,41.3461441565614
stress_lag,1007,2011,32.2,32.5996193412181,32.2026495467013,final,26.1314836469375,38.2738154464651
stress_lag,1008,2011,58.1,50.6029002106773,52.2294352127549,final,46.1582693129911,58.3006011125187
stress_lag,1009,2011,32.9,34.3845485894486,35.3372750023002,final,29.2661091025363,41.408440902064
stress_lag,1010,2011,30.4,31.3185948924817,30.9409553386907,final,24.8697894389269,37.0121212384545
stress_lag,1011,2011,48.1,45.0676125110457,45.2202580090546,final,39.1490921092908,51.2914239088184
stress_lag,1012,2011,42.2,42.3069843413176,38.9651347883379,final,32.8939688885741,45.0363006881017
stress_lag,1013,2011,31.3,33.4806032474758,29.7182326594734,final,23.6470667597096,35.7893985592372
stress_lag,1014,2011,42.0,40.7186784587115,43.3377307284937,final,37.2665648287299,49.4088966282575
stress_lag,1015,2011,41.1,41.6476901052482,42.211935012041,final,36.1407691122772,48.2831009118048
stress_lag,1016,2011,41.9,42.7593503567229,47.7654014179884,final,41.6942355182246,53.8365673177522
stress_lag,1001,2012,44.8,45.4948825672071,47.2028807044773,final,41.1317148047135,53.2740466042411
stress_lag,1002,2012,41.3,44.1753638126163,45.3468723749909,final,39.2757064752271,51.4180382747547
stress_lag,1003,2012,33.6,37.0843391888184,38.5519231694772,final,32.4807572697134,44.623089069241
stress_lag,1004,2012,36.1,39.2822933935778,38.502515072655,final,32.4313491728911,44.5736809724188
stress_lag,1005,2012,43.2,40.9189464668555,38.6310053933119,final,32.5598394935481,44.7021712930757
stress_lag,1006,2012,36.1,34.9041006995403,34.2351381256189,final,28.1639722258551,40.3063040253827
stress_lag,1007,2012,35.2,36.7281742788874,36.5361976665704,final,30.4650317668065,42.6073635663342
stress_lag,1008,2012,59.7,49.7547007468528,53.3562977450613,final,47.2851318452975,59.4274636448251
stress_lag,1009,2012,35.2,34.228951628491,33.5157764149148,final,27.444610515151,39.5869423146786
stress_lag,1010,2012,32.6,35.2107497342588,34.769457941392,final,28.6982920416282,40.8406238411559
stress_lag,1011,2012,48.2,47.1694074652357,48.6261624751099,final,42.5549965753461,54.6973283748737
stress_lag,1012,2012,40.4,39.4525176687728,39.4011225302029,final,33.3299566304391,45.4722884299667
stress_lag,1013,2012,31.4,34.7270487286871,33.6794897617413,final,27.6083238619775,39.7506556615051
stress_lag,1014,2012,44.0,44.2336894189313,44.8492346226135,final,38.7780687228497,50.9204005223773
stress_lag,1015,2012,40.7,44.2776575404299,44.0145479254532,final,37.9433820256894,50.085713825217
stress_lag,1016,2012,45.7,45.5409219410576,45.128091146196,final,39.0569252464322,51.1992570459598
stress_lag,1001,2013,48.6,47.4658125745384,47.131991892076,final,41.0608259923122,53.2031577918398
stress_lag,1002,2013,48.6,45.2724537265207,43.8911326867468,final,37.8199667869829,49.9622985865106
stress_lag,1003,2013,36.6,37.9413294420431,36.2674574227509,final,30.1962915229871,42.3386233225147
stress_lag,1004,2013,36.6,39.8879634001644,38.3591937884738,final,32.28802788871,44.4303596882376
stress_lag,1005,2013,53.0,42.9542747525953,44.0500899062666,final,37.9789240065028,50.1212558060305
stress_lag,1006,2013,33.7,37.0624484563912,37.6369569265638,final,31.5657910268,43.7081228263277
stress_lag,1007,2013,36.6,38.0320214353598,37.2978884972576,final,31.2267225974938,43.3690543970214
stress_lag,1008,2013,56.4,52.4147094078056,57.1924182476204,final,51.1212523478566,63.2635841473842
stress_lag,1009,2013,33.4,36.2749065831251,36.7413969591667,final,30.6702310594029,42.8125628589305
stress_lag,1010,2013,33.0,34.6814965830148,33.4272958026849,final,27.356129902921,39.4984617024487
stress_lag,1011,2013,52.9,48.1723609067774,48.6674562214842,final,42.5962903217204,54.738622121248
stress_lag,1012,2013,41.2,42.3256108906633,42.7807801715715,final,36.7096142718077,48.8519460713354
stress_lag,1013,2013,31.2,34.7817395345603,33.1834296479561,final,27.1122637481923,39.2545955477199
stress_lag,1014,2013,45.5,43.4113651336371,43.2991010404027,final,37.2279351406389,49.3702669401665
stress_lag,1015,2013,48.9,45.4678212862643,43.7491192521015,final,37.6779533523377,49.8202851518653
stress_lag,1016,2013,53.5,46.7644505624815,46.8408714553158,final,40.769705555552,52.9120373550796
stress_lag,1001,2014,54.0,51.5688165877878,52.1136787533903,final,46.0425128536265,58.1848446531541
stress_lag,1002,2014,52.4,47.405263593405,49.003812499881,final,42.9326466001172,55.0749783996448
stress_lag,1003,2014,43.9,43.412894425458,42.7685215042184,final,36.6973556044546,48.8396874039822
stress_lag,1004,2014,45.6,43.9277058896326,42.3481725440693,final,36.2770066443054,48.4193384438331
stress_lag,1005,2014,54.5,47.4636964664069,52.2896498233848,final,46.2184839236209,58.3608157231486
stress_lag,1006,2014,39.0,41.1107849605668,39.4954690907665,final,33.4243031910027,45.5666349905303
stress_lag,1007,2014,38.9,42.2807429983853,41.5928017613876,final,35.5216358616238,47.6639676611515
stress_lag,1008,2014,65.7,57.6836906486955,59.59821907131,final,53.5270531715462,65.6693849710738
stress_lag,1009,2014,37.6,40.9827053771432,39.6016039898227,final,33.5304380900589,45.6727698895865
stress_lag,1010,2014,36.1,37.5743832455839,36.7665944717824,final,30.6954285720186,42.8377603715462
stress_lag,1011,2014,57.6,51.5988489863341,53.8700006643487,final,47.7988347645849,59.9411665641125
stress_lag,1012,2014,48.4,48.0431022723944,47.502360262966,final,41.4311943632022,53.5735261627298
stress_lag,1013,2014,37.4,39.2376692435311,37.5170062246915,final,31.4458403249277,43.5881721244553
stress_lag,1014,2014,48.2,46.9969480561973,48.0003255323461,final,41.9291596325823,54.0714914321099
stress_lag,1015,2014,52.1,48.7298587458286,50.3786729406604,final,44.3075070408966,56.4498388404242
stress_lag,1016,2014,59.6,49.5061125282729,52.7418617269164,final,46.6706958271526,58.8130276266803
stress_lag,1001,2015,51.9,47.2384942495253,48.4064316020451,final,42.3352657022813,54.4775975018089
stress_lag,1002,2015,45.4,46.9240889921947,49.3235538725281,final,43.2523879727643,55.3947197722919
stress_lag,1003,2015,36.3,39.7346931327236,39.9686980178633,final,33.8975321180995,46.0398639176271
stress_lag,1004,2015,44.1,42.8376446221842,43.641012540082,final,37.5698466403182,49.7121784398458
stress_lag,1005,2015,43.8,43.4698904251265,46.8501215007705,final,40.7789556010067,52.9212874005343
stress_lag,1006,2015,35.8,38.5091825782371,37.4951642256112,final,31.4239983258474,43.566330125375
stress_lag,1007,2015,32.4,37.8374325409338,36.2133279969287,final,30.1421620971649,42.2844938966925
stress_lag,1008,2015,58.4,52.3496843327423,56.2007089299456,final,50.1295430301818,62.2718748297094
stress_lag,1009,2015,35.5,38.0470163351924,36.4219690669816,final,30.3508031672178,42.4931349667454
stress_lag,1010,2015,32.6,36.4449134314954,35.7366216359045,final,29.6654557361407,41.8077875356683
stress_lag,1011,2015,55.3,51.0499293475232,53.9328744975127,final,47.8617085977489,60.0040403972765
stress_lag,1012,2015,43.5,42.7824594700499,42.9539126746935,final,36.8827467749297,49.0250785744573
stress_lag,1013,2015,34.5,37.4954622558649,36.6126483388583,final,30.5414824390945,42.6838142386221
stress_lag,1014,2015,49.1,45.6943721470307,46.2723167377722,final,40.2011508380084,52.343482637536
stress_lag,1015,2015,47.5,46.5582639869367,48.1772754667957,final,42.1061095670319,54.2484413665595
stress_lag,1016,2015,57.5,48.3753752004846,53.2244656274524,final,47.1532997276885,59.2956315272162
stress_lag,1001,2016,52.7,50.1901481278147,52.4295294338968,final,46.358363534133,58.5006953336606
stress_lag,1002,2016,43.0,44.727289233694,43.9951188620112,final,37.9239529622474,50.066284761775
stress_lag,1003,2016,35.2,40.6045238516294,38.9545017331826,final,32.8833358334188,45.0256676329465
stress_lag,1004,2016,49.4,40.7356134282948,41.3420473116864,final,35.2708814119226,47.4132132114503
stress_lag,1005,2016,45.8,44.4784975205615,44.637081731437,final,38.5659158316732,50.7082476312008
stress_lag,1006,2016,39.4,39.5251914443235,38.2237036536349,final,32.1525377538711,44.2948695533987
stress_lag,1007,2016,34.7,39.0260844479246,36.4139489198263,final,30.3427830200624,42.4851148195901
stress_lag,1008,2016,59.6,54.7964761107609,57.7030398964589,final,51.6318739966951,63.7742057962227
stress_lag,1009,2016,35.5,38.5055291991767,37.2819458609528,final,31.210779961189,43.3531117607166
stress_lag,1010,2016,32.1,35.3601890251513,33.5130976081519,final,27.4419317083881,39.5842635079157
stress_lag,1011,2016,48.3,48.6977634428565,50.7394918624161,final,44.6683259626523,56.8106577621799
stress_lag,1012,2016,47.3,43.9616707311657,44.3063762694915,final,38.2352103697277,50.3775421692553
stress_lag,1013,2016,33.1,35.8120069421592,34.3729907662861,final,28.3018248665223,40.4441566660499
stress_lag,1014,2016,42.1,44.1544216414278,45.7904808372435,final,39.7193149374797,51.8616467370073
stress_lag,1015,2016,46.3,46.146755247147,46.5991640042752,final,40.5279981045114,52.670329904039
stress_lag,1016,2016,48.2,47.3419002747582,51.7253581733068,final,45.654192273543,57.7965240730706
stress_lag,1001,2017,53.8,51.9877827596462,53.1935123381273,final,47.1223464383635,59.2646782378911
stress_lag,1002,2017,50.2,49.8249660374768,48.995178533785,final,42.9240126340212,55.0663444335488
stress_lag,1003,2017,42.6,43.4084533414838,40.8121271049709,final,34.740961205207,46.8832930047347
stress_lag,1004,2017,52.4,44.7545200951658,48.9168801470373,final,42.8457142472735,54.9880460468011
stress_lag,1005,2017,48.3,46.5158789556154,47.1507270297799,final,41.0795611300161,53.2218929295437
stress_lag,1006,2017,41.1,39.8653402435055,39.805198436307,final,33.7340325365432,45.8763643360708
stress_lag,1007,2017,36.8,40.0478554975728,37.9696101494408,final,31.898444249677,44.0407760492046
stress_lag,1008,2017,62.9,56.4437664170634,58.7513730524913,final,52.6802071527275,64.8225389522551
stress_lag,1009,2017,38.5,40.076709153891,38.6328568315304,final,32.5616909317666,44.7040227312942
stress_lag,1010,2017,34.4,40.1773352796113,38.6111447077184,final,32.5399788079546,44.6823106074823
stress_lag,1011,2017,54.4,53.0472170411286,52.8561319999731,final,46.7849661002093,58.9272978997369
stress_lag,1012,2017,48.2,46.0074398549792,47.611168898414,final,41.5400029986502,53.6823347981778
stress_lag,1013,2017,36.0,38.1071787285079,36.8043341170607,final,30.7331682172969,42.8755000168245
stress_lag,1014,2017,46.5,48.9106769817734,47.923735494432,final,41.8525695946682,53.9949013941958
stress_lag,1015,2017,50.5,49.9471905110905,50.0208090912584,final,43.9496431914946,56.0919749910222
stress_lag,1016,2017,52.0,48.814657385032,49.226887378155,final,43.1557214783911,55.2980532779188
stress_lag,1001,2018,45.0,45.8069638864671,46.6775506942158,final,40.6063847944519,52.7487165939796
stress_lag,1002,2018,38.3,39.3188687557834,39.4990345841179,final,33.4278686843541,45.5702004838817
stress_lag,1003,2018,34.9,36.7117617097702,36.3233817749017,final,30.2522158751379,42.3945476746655
stress_lag,1004,2018,47.1,40.1302118584455,43.8030904713633,final,37.7319245715995,49.8742563711271
stress_lag,1005,2018,31.1,40.3198266001866,41.1769160318956,final,35.1057501321318,47.2480819316594
stress_lag,1006,2018,38.0,38.0641221181416,38.657251061034,final,32.5860851612701,44.7284169607978
stress_lag,1007,2018,32.0,34.2239868261699,32.6637212649014,final,26.5925553651376,38.7348871646652
stress_lag,1008,2018,55.7,51.8460282162028,54.9475944412054,final,48.8764285414416,61.0187603409692
stress_lag,1009,2018,37.3,36.9225714510954,36.1651224221004,final,30.0939565223365,42.2362883218642
stress_lag,1010,2018,28.7,29.9625829241757,27.1871585620342,final,21.1159926622704,33.2583244617981
stress_lag,1011,2018,45.6,43.7372797484236,44.3871549242667,final,38.3159890245028,50.4583208240305
stress_lag,1012,2018,43.0,43.2276879132968,44.2809909582882,final,38.2098250585244,50.3521568580521
stress_lag,1013,2018,33.9,32.932153907292,31.9198679838618,final,25.848702084098,37.9910338836256
stress_lag,1014,2018,38.0,41.2428783748921,40.0847922849123,final,34.0136263851485,46.1559581846761
stress_lag,1015,2018,38.6,42.1525471688879,42.4181161291241,final,36.3469502293603,48.4892820288879
stress_lag,1016,2018,37.2,43.7246448184328,45.2548792721175,final,39.1837133723537,51.3260451718814
stress_lag,1001,2019,47.1,43.0661066246419,42.6784422220283,final,36.6072763222645,48.7496081217921
stress_lag,1002,2019,44.8,42.2045604876521,41.7150972611356,final,35.6439313613718,47.7862631608994
stress_lag,1003,2019,34.6,36.1009698799828,35.2306019085346,final,29.1594360087708,41.3017678082985
stress_lag,1004,2019,47.5,39.1907786857972,42.5390558535258,final,36.467889953762,48.6102217532896
stress_lag,1005,2019,35.4,39.393149763443,34.9639570435426,final,28.8927911437788,41.0351229433064
stress_lag,1006,2019,38.5,32.2681181540636,32.2373139718188,final,26.166148072055,38.3084798715826
stress_lag,1007,2019,34.9,34.5663892705884,33.497988888804,final,27.4268229890402,39.5691547885678
stress_lag,1008,2019,60.2,47.6404734407543,49.4919164784303,final,43.4207505786665,55.5630823781942
stress_lag,1009,2019,36.9,34.9181571775012,35.0994733620221,final,29.0283074622583,41.170639261786
stress_lag,1010,2019,30.0,33.5643261379087,32.9577829415414,final,26.8866170417776,39.0289488413052
stress_lag,1011,2019,52.9,47.259860622735,48.1547090114591,final,42.0835431116953,54.225874911223
stress_lag,1012,2019,42.9,37.013941387347,36.904560409622,final,30.8333945098582,42.9757263093858
stress_lag,1013,2019,33.1,33.7692838943022,34.2342358997683,final,28.1630700000045,40.3054017995321
stress_lag,1014,2019,46.1,42.625173504595,41.0672989465959,final,34.9961330468321,47.1384648463597
stress_lag,1015,2019,41.3,39.5543524902094,37.8477134459108,final,31.776547546147,43.9188793456746
stress_lag,1016,2019,47.0,44.6636268291929,41.529195935541,final,35.4580300357771,47.6003618353048
ensemble,1001,1999,40.0,39.7875400601024,39.7875400601024,final,34.0864724662858,45.488607653919
ensemble,1002,1999,37.2,37.2975559439802,37.2975559439802,final,31.5964883501636,42.9986235377968
ensemble,1003,1999,28.9,29.7882143795814,29.7882143795814,final,24.0871467857648,35.489281973398
ensemble,1004,1999,31.5,30.4489270515344,30.4489270515344,final,24.7478594577178,36.149994645351
ensemble,1005,1999,34.6,33.3881044508535,33.3881044508535,final,27.6870368570369,39.0891720446701
ensemble,1006,1999,29.9,29.7612886604419,29.7612886604419,final,24.0602210666252,35.4623562542585
ensemble,1007,1999,29.3,30.5767244036547,30.5767244036547,final,24.8756568098381,36.2777919974714
ensemble,1008,1999,42.0,43.3414738183172,43.3414738183172,final,37.6404062245006,49.0425414121339
ensemble,1009,1999,29.4,29.5923422732814,29.5923422732814,final,23.8912746794647,35.293409867098
ensemble,1010,1999,26.7,26.5797698818703,26.5797698818703,final,20.8787022880536,32.2808374756869
ensemble,1011,1999,37.1,38.6537063271089,38.6537063271089,final,32.9526387332923,44.3547739209255
ensemble,1012,1999,35.3,34.7555036846207,34.7555036846207,final,29.0544360908041,40.4565712784374
ensemble,1013,1999,30.2,29.1734499246443,29.1734499246443,final,23.4723823308277,34.8745175184609
ensemble,1014,1999,34.3,35.3536843159946,35.3536843159946,final,29.652616722178,41.0547519098112
ensemble,1015,1999,40.2,39.3276322513423,39.3276322513423,final,33.6265646575257,45.0286998451589
ensemble,1016,1999,39.9,38.1774126823813,38.1774126823813,final,32.4763450885647,43.8784802761979
ensemble,1001,2000,38.9,38.763671351037,38.7918990313997,final,33.0908314375831,44.4929666252163
ensemble,1002,2000,31.1,34.8583777529017,34.8159915902661,final,29.1149239964494,40.5170591840827
ensemble,1003,2000,25.4,27.7517991700883,27.3918554002886,final,21.690787806472,33.0929229941052
ensemble,1004,2000,29.9,29.732695617394,29.81068845866,final,24.1096208648434,35.5117560524766
ensemble,1005,2000,27.2,30.8029962268457,30.9160583353768,final,25.2149907415602,36.6171259291934
ensemble,1006,2000,29.0,28.7024664431549,28.6356552045432,final,22.9345876107266,34.3367227983598
ensemble,1007,2000,26.8,28.7841846862057,28.3957058133367,final,22.6946382195201,34.0967734071533
ensemble,1008,2000,44.1,42.5178464429315,42.2940509443627,final,36.5929833505461,47.9951185381793
ensemble,1009,2000,27.9,28.496107512865,28.3860541844374,final,22.6849865906208,34.0871217782541
ensemble,1010,2000,18.3,25.0393313568501,25.0130840672033,final,19.3120164733867,30.7141516610199
ensemble,1011,2000,37.3,37.9998709792685,37.581595943062,final,31.8805283492454,43.2826635368786
ensemble,1012,2000,32.9,33.3641107065881,33.419669095885,final,27.7186015020684,39.1207366897016
ensemble,1013,2000,25.7,27.3351170311211,27.5251794257241,final,21.8241118319075,33.2262470195407
ensemble,1014,2000,33.6,34.7006451763753,34.4848689647078,final,28.7838013708912,40.1859365585245
ensemble,1015,2000,34.6,36.7734613705156,37.000816350122,final,31.2997487563054,42.7018839439386
ensemble,1016,2000,32.9,35.7327285496895,36.0899449429428,final,30.3888773491262,41.7910125367594
ensemble,1001,2001,40.0,40.4032337155593,40.6009782588975,final,34.8999106650809,46.3020458527142
ensemble,1002,2001,38.3,37.3904760679842,36.7956925174088,final,31.0946249235922,42.4967601112255
ensemble,1003,2001,29.5,30.3154103251334,29.9024959240209,final,24.2014283302043,35.6035635178375
ensemble,1004,2001,30.2,30.6327518077386,30.6901704094257,final,24.9891028156091,36.3912380032423
ensemble,1005,2001,35.7,34.0629545187415,33.3359447212815,final,27.6348771274649,39.0370123150982
ensemble,1006,2001,28.0,29.5889884962485,29.7186120179789,final,24.0175444241623,35.4196796117955
ensemble,1007,2001,31.0,31.1317233170901,30.8031858759978,final,25.1021182821812,36.5042534698144
ensemble,1008,2001,46.3,45.8396137708878,46.4998309756487,final,40.7987633818321,52.2008985694653
ensemble,1009,2001,28.3,29.5205436498667,29.449457837966,final,23.7483902441494,35.1505254317826
ensemble,1010,2001,28.7,26.7557738680373,25.4274120375914,final,19.7263444437748,31.128479631408
ensemble,1011,2001,36.7,39.9858344086331,39.880801142099,final,34.1797335482823,45.5818687359156
ensemble,1012,2001,35.0,35.2808955421343,35.3670607739785,final,29.6659931801619,41.0681283677952
ensemble,1013,2001,27.3,27.8422310710453,27.6359739697656,final,21.934906375949,33.3370415635822
ensemble,1014,2001,34.7,35.9871502034808,35.8448258593618,final,30.1437582655452,41.5458934531784
ensemble,1015,2001,41.9,39.7434129057059,39.5567770141453,final,33.8557094203287,45.2578446079619
ensemble,1016,2001,38.5,38.4527599480091,38.0466909954742,final,32.3456234016576,43.7477585892908
ensemble,1001,2002,43.3,41.9532575417389,41.8908272094529,final,36.1897596156362,47.5918948032695
ensemble,1002,2002,41.9,39.6771797378797,39.738182048771,final,34.0371144549544,45.4392496425877
ensemble,1003,2002,31.2,31.6253401662212,31.1773567976614,final,25.4762892038448,36.878424391478
ensemble,1004,2002,34.9,33.1196116235994,32.9144351192089,final,27.2133675253923,38.6155027130255
ensemble,1005,2002,34.5,35.1704438717022,35.1395278299822,final,29.4384602361656,40.8405954237988
ensemble,1006,2002,31.5,31.2253669864409,30.8394424465167,final,25.1383748527001,36.5405100403333
ensemble,1007,2002,32.5,32.7944449205545,32.5564784879169,final,26.8554108941003,38.2575460817335
ensemble,1008,2002,48.8,47.0260500793802,47.1829844785496,final,41.481916884733,52.8840520723662
ensemble,1009,2002,32.4,31.3161546554262,30.975354169012,final,25.2742865751954,36.6764217628286
ensemble,1010,2002,28.8,28.6216394699988,28.7421838542177,final,23.0411162604011,34.4432514480343
ensemble,1011,2002,43.6,41.696613774343,40.8335480529073,final,35.1324804590907,46.5346156467239
ensemble,1012,2002,37.0,36.4851025865972,36.324680096926,final,30.6236125031093,42.0257476907426
ensemble,1013,2002,31.3,30.3764162898333,30.2231723803402,final,24.5221047865236,35.9242399741568
ensemble,1014,2002,38.7,37.757755722042,37.468630253762,final,31.7675626599454,43.1696978475786
ensemble,1015,2002,41.8,40.865484616061,41.2030978776168,final,35.5020302838002,46.9041654714334
ensemble,1016,2002,41.3,40.0817444711288,39.8751204476213,final,34.1740528538047,45.5761880414379
ensemble,1001,2003,37.2,39.8757150528007,40.052618867877,final,34.3515512740603,45.7536864616936
ensemble,1002,2003,34.8,36.9965540731007,37.4191910439256,final,31.718123450109,43.1202586377422
ensemble,1003,2003,27.4,29.7385738960727,29.4334386508393,final,23.7323710570227,35.1345062446559
ensemble,1004,2003,31.9,32.1008902010447,32.2666745992786,final,26.565607005462,37.9677421930952
ensemble,1005,2003,23.3,32.186621911908,31.8933655486069,final,26.1922979547902,37.5944331424235
ensemble,1006,2003,29.4,29.862342408099,29.6657265189142,final,23.9646589250976,35.3667941127308
ensemble,1007,2003,32.6,30.4885463142972,30.2784368891686,final,24.577369295352,35.9795044829853
ensemble,1008,2003,42.3,45.0060583700005,45.417074294915,final,39.7160067010984,51.1181418887316
ensemble,1009,2003,30.0,30.054149280272,30.0850110145663,final,24.3839434207497,35.7860786083829
ensemble,1010,2003,27.2,28.0341913621409,27.9613232539337,final,22.2602556601171,33.6623908477504
ensemble,1011,2003,40.9,41.1943944010694,41.4404669295486,final,35.739399335732,47.1415345233652
ensemble,1012,2003,36.5,35.5742516679833,35.5855686491891,final,29.8845010553725,41.2866362430057
ensemble,1013,2003,28.2,28.7219373065426,28.6867488023069,final,22.9856812084902,34.3878163961235
ensemble,1014,2003,40.9,38.7582696707556,38.8867701524794,final,33.1857025586628,44.5878377462961
ensemble,1015,2003,32.7,36.8954304474608,37.1268662706711,final,31.4257986768545,42.8279338644877
ensemble,1016,2003,30.7,37.0046798081067,37.192012409821,final,31.4909448160044,42.8930800036376
ensemble,1001,2004,48.7,44.3656539401139,44.2066665146497,final,38.5055989208331,49.9077341084663
ensemble,1002,2004,45.4,41.3121180148192,41.1772948215924,final,35.4762272277758,46.878362415409
ensemble,1003,2004,36.5,34.0294616425531,33.6174628231902,final,27.9163952293736,39.3185304170068
ensemble,1004,2004,35.3,35.0761107253992,35.0968806968649,final,29.3958131030483,40.7979482906815
ensemble,1005,2004,42.4,37.6706109700974,35.8952608295067,final,30.1941932356901,41.5963284233233
ensemble,1006,2004,34.0,33.5618777253973,33.584525220703,final,27.8834576268864,39.2855928145197
ensemble,1007,2004,36.1,34.9491397882714,35.6479041721859,final,29.9468365783693,41.3489717660026
ensemble,1008,2004,56.0,49.041859384924,48.9615256031596,final,43.260458009343,54.6625931969762
ensemble,1009,2004,34.3,32.8460420885946,32.9725317159693,final,27.2714641221527,38.6735993097859
ensemble,1010,2004,30.7,30.9860537360317,30.7710169383902,final,25.0699493445736,36.4720845322068
ensemble,1011,2004,47.1,44.9010912142014,45.0132419694762,final,39.3121743756596,50.7143095632929
ensemble,1012,2004,42.6,39.0189284157606,39.3956490375244,final,33.6945814437078,45.096716631341
ensemble,1013,2004,31.8,31.5776671253061,31.5721630598027,final,25.8710954659861,37.2732306536194
ensemble,1014,2004,43.3,42.1781837026082,42.7376714663362,final,37.0366038725196,48.4387390601528
ensemble,1015,2004,48.5,41.9666845532815,41.4558818582111,final,35.7548142643945,47.1569494520277
ensemble,1016,2004,47.3,42.5758121384901,41.437336782577,final,35.7362691887604,47.1384043763936
ensemble,1001,2005,46.4,43.5847097935288,44.2442163471376,final,38.543148753321,49.9452839409542
ensemble,1002,2005,39.7,40.5161740925899,41.0948968146436,final,35.393829220827,46.7959644084603
ensemble,1003,2005,33.2,33.2895977972088,33.4081897564,final,27.7071221625834,39.1092573502167
ensemble,1004,2005,33.9,34.2176752248488,33.9675267451952,final,28.2664591513785,39.6685943390118
ensemble,1005,2005,37.2,37.3795080872362,37.7469783725575,final,32.0459107787408,43.4480459663741
ensemble,1006,2005,34.4,32.6264864517301,32.3546923082452,final,26.6536247144286,38.0557599020618
ensemble,1007,2005,33.7,33.6320753568655,33.6123128669154,final,27.9112452730988,39.313380460732
ensemble,1008,2005,52.7,49.0799521994383,50.5531322917549,final,44.8520646979383,56.2541998855715
ensemble,1009,2005,30.7,32.0048255965227,32.0806363323554,final,26.3795687385388,37.781703926172
ensemble,1010,2005,30.4,29.3838692698359,28.9613687890255,final,23.2603011952089,34.6624363828421
ensemble,1011,2005,45.0,44.385737853906,44.6468052601426,final,38.945737666326,50.3478728539593
ensemble,1012,2005,37.0,37.8262967677906,38.2917566540051,final,32.5906890601885,43.9928242478217
ensemble,1013,2005,30.0,30.4737288746161,30.1550371024158,final,24.4539695085992,35.8561046962324
ensemble,1014,2005,38.7,39.4211348460105,39.4721334464585,final,33.7710658526419,45.1732010402751
ensemble,1015,2005,43.8,42.1375682827441,43.2577488901775,final,37.5566812963609,48.9588164839941
ensemble,1016,2005,42.5,42.4529882008292,43.0193003448812,final,37.3182327510646,48.7203679386978
ensemble,1001,2006,35.5,38.3916648143559,39.2056664983477,final,33.5045989045311,44.9067340921643
ensemble,1002,2006,37.1,36.7938371868937,36.7340875740802,final,31.0330199802635,42.4351551678968
ensemble,1003,2006,27.9,29.0829486408882,29.0138347865783,final,23.3127671927616,34.7149023803949
ensemble,1004,2006,26.3,30.1813682303835,30.0500032202123,final,24.3489356263957,35.7510708140289
ensemble,1005,2006,25.1,33.5623841313392,33.5499826974668,final,27.8489151036502,39.2510502912835
ensemble,1006,2006,25.0,29.5222756756608,29.786372550888,final,24.0853049570714,35.4874401447046
ensemble,1007,2006,27.3,29.0828562318681,29.0710107592487,final,23.3699431654321,34.7720783530653
ensemble,1008,2006,42.1,44.6012168892363,45.8649997112874,final,40.1639321174708,51.566067305104
ensemble,1009,2006,27.4,29.2540300559893,28.9327640072636,final,23.231696413447,34.6338316010802
ensemble,1010,2006,24.5,26.9948675815126,27.1203670505386,final,21.419299456722,32.8214346443552
ensemble,1011,2006,42.5,41.4080728297385,41.6184460667785,final,35.9173784729619,47.3195136605952
ensemble,1012,2006,29.6,34.475214654044,34.3857644883362,final,28.6846968945195,40.0868320821528
ensemble,1013,2006,21.9,26.4360063223187,26.2387262601317,final,20.5376586663151,31.9397938539483
ensemble,1014,2006,36.4,36.8856700261841,36.8434667747792,final,31.1423991809626,42.5445343685958
ensemble,1015,2006,34.6,37.0514569214092,37.6086015850162,final,31.9075339911996,43.3096691788329
ensemble,1016,2006,35.9,39.6685375884348,39.8139958718462,final,34.1129282780296,45.5150634656628
ensemble,1001,2007,43.4,42.3189750814272,42.3312567079897,final,36.6301891141731,48.0323243018064
ensemble,1002,2007,43.0,41.0057090389473,41.4714846185352,final,35.7704170247186,47.1725522123518
ensemble,1003,2007,36.4,33.9840169666961,34.073897787558,final,28.3728301937414,39.7749653813746
ensemble,1004,2007,33.5,34.1839663499438,33.70217627553,final,28.0011086817134,39.4032438693466
ensemble,1005,2007,34.4,35.4331182418391,34.0655206153241,final,28.3644530215075,39.7665882091407
ensemble,1006,2007,33.3,32.0151816815394,31.472892689896,final,25.7718250960794,37.1739602837126
ensemble,1007,2007,33.1,32.549974687286,32.5022824107539,final,26.8012148169373,38.2033500045706
ensemble,1008,2007,52.2,49.1938728117023,49.4251379353843,final,43.7240703415677,55.1262055292009
ensemble,1009,2007,33.0,31.8960191415918,31.6909665872317,final,25.9898989934151,37.3920341810483
ensemble,1010,2007,29.5,30.0445862127642,29.7842209433395,final,24.0831533495229,35.4852885371561
ensemble,1011,2007,45.9,44.885640500229,45.5100339606904,final,39.8089663668737,51.211101554507
ensemble,1012,2007,38.7,37.2194404788227,36.6249741533796,final,30.923906559563,42.3260417471962
ensemble,1013,2007,32.0,30.4839694994289,29.8683270218442,final,24.1672594280276,35.5693946156608
ensemble,1014,2007,40.8,40.1621898159908,40.3417761029161,final,34.6407085090995,46.0428436967327
ensemble,1015,2007,43.4,41.2186031044608,41.2119717515121,final,35.5109041576955,46.9130393453287
ensemble,1016,2007,39.5,40.7875421346107,40.5259007957713,final,34.8248332019547,46.2269683895879
ensemble,1001,2008,45.5,44.88791922174,45.0627609200262,final,39.3616933262095,50.7638285138428
ensemble,1002,2008,41.6,41.0055720490458,41.3483754704265,final,35.6473078766098,47.0494430642431
ensemble,1003,2008,34.1,34.6851571548246,34.9436418525155,final,29.2425742586989,40.6447094463321
ensemble,1004,2008,38.0,37.8481214679817,37.4227372460045,final,31.7216696521878,43.1238048398211
ensemble,1005,2008,32.8,36.1266895483417,35.5707081321562,final,29.8696405383396,41.2717757259728
ensemble,1006,2008,34.9,34.458059862111,34.5024674266875,final,28.8013998328708,40.2035350205041
ensemble,1007,2008,35.3,33.5040324785716,33.443289381948,final,27.7422217881313,39.1443569757646
ensemble,1008,2008,58.3,51.5277162456234,52.2429683798786,final,46.541900786062,57.9440359736953
ensemble,1009,2008,34.9,35.0650403006313,35.1415649380729,final,29.4404973442563,40.8426325318895
ensemble,1010,2008,31.0,31.5134759164177,31.0687549122059,final,25.3676873183893,36.7698225060225
ensemble,1011,2008,46.3,45.1477901323254,45.3912025670921,final,39.6901349732755,51.0922701609087
ensemble,1012,2008,41.3,40.3368201684933,40.4737751592639,final,34.7727075654473,46.1748427530805
ensemble,1013,2008,35.7,33.7118849210182,33.6726835754646,final,27.9716159816479,39.3737511692812
ensemble,1014,2008,43.2,41.7727792588135,41.8668740689752,final,36.1658064751586,47.5679416627918
ensemble,1015,2008,39.0,41.1047381555478,41.4574737955178,final,35.7564062017012,47.1585413893344
ensemble,1016,2008,40.2,41.3221773757216,41.0501144927056,final,35.349046898889,46.7511820865223
ensemble,1001,2009,45.0,45.4701220083182,45.6305782892286,final,39.929510695412,51.3316458830452
ensemble,1002,2009,44.6,43.3239051762221,43.6634271043604,final,37.9623595105438,49.3644946981771
ensemble,1003,2009,37.9,36.0004800693207,35.8977437052077,final,30.1966761113911,41.5988112990243
ensemble,1004,2009,35.0,37.080809252126,36.8733309073395,final,31.1722633135229,42.5743985011561
ensemble,1005,2009,44.6,40.2095938145951,39.4515176063302,final,33.7504500125135,45.1525852001468
ensemble,1006,2009,32.7,33.9967780997641,34.0003133896682,final,28.2992457958516,39.7013809834848
ensemble,1007,2009,34.9,34.9455223721086,35.2516173766747,final,29.5505497828581,40.9526849704913
ensemble,1008,2009,52.4,51.9381507405746,53.8445996424538,final,48.1435320486372,59.5456672362705
ensemble,1009,2009,33.1,33.820539584405,33.4920143768079,final,27.7909467829913,39.1930819706245
ensemble,1010,2009,30.8,31.6858947135312,31.3371127514001,final,25.6360451575834,37.0381803452167
ensemble,1011,2009,48.3,47.2687906978066,47.7084322455349,final,42.0073646517182,53.4094998393515
ensemble,1012,2009,38.0,39.4432156464521,39.5592409050873,final,33.8581733112707,45.2603084989039
ensemble,1013,2009,32.8,33.1387556079254,33.3370241043655,final,27.6359565105489,39.0380916981821
ensemble,1014,2009,41.9,42.0147418482342,42.3132697855946,final,36.612202191778,48.0143373794112
ensemble,1015,2009,47.0,44.0236596553366,43.786976939343,final,38.0859093455264,49.4880445331597
ensemble,1016,2009,50.1,45.3742193075078,45.2607518565325,final,39.5596842627159,50.9618194503491
ensemble,1001,2010,51.3,48.2102531141064,48.1617919217482,final,42.4607243279316,53.8628595155648
ensemble,1002,2010,44.7,44.5692484150312,44.7636300474636,final,39.062562453647,50.4646976412802
ensemble,1003,2010,38.5,38.2034851544752,38.4882821234579,final,32.7872145296413,44.1893497172745
ensemble,1004,2010,37.2,38.1374943515756,37.6896895983534,final,31.9886220045368,43.3907571921701
ensemble,1005,2010,45.5,42.8583202188933,43.5537449982246,final,37.852677404408,49.2548125920412
ensemble,1006,2010,32.0,34.6005870381766,34.2702877418509,final,28.5692201480343,39.9713553356675
ensemble,1007,2010,34.6,35.547635832844,35.3877393049998,final,29.6866717111832,41.0888068988164
ensemble,1008,2010,54.8,53.8190191794745,54.4426671192794,final,48.7415995254628,60.1437347130961
ensemble,1009,2010,37.7,35.9081579196441,35.6969049868482,final,29.9958373930315,41.3979725806648
ensemble,1010,2010,33.4,32.7072323087231,32.3326608597948,final,26.6315932659782,38.0337284536114
ensemble,1011,2010,47.5,48.0327407634983,48.2244416619105,final,42.5233740680939,53.9255092557271
ensemble,1012,2010,35.7,42.0166431633143,41.7824772709805,final,36.0814096771638,47.4835448647971
ensemble,1013,2010,28.0,33.760523949154,33.5879266364562,final,27.8868590426395,39.2889942302728
ensemble,1014,2010,49.0,44.2416548477554,44.2788216512711,final,38.5777540574545,49.9798892450877
ensemble,1015,2010,45.8,45.5400813645109,46.0486462978824,final,40.3475787040658,51.749713891699
ensemble,1016,2010,54.4,48.4824775899112,49.4368090962447,final,43.735741502428,55.1378766900613
ensemble,1001,2011,48.1,45.8514644590223,46.5378495338293,final,40.8367819400127,52.2389171276459
ensemble,1002,2011,43.4,42.5102780987134,42.5424868489817,final,36.8414192551651,48.2435544427983
ensemble,1003,2011,38.6,36.6032619483167,36.5565183247109,final,30.8554507308943,42.2575859185275
ensemble,1004,2011,36.2,37.7226885543773,37.4334444796667,final,31.7323768858501,43.1345120734834
ensemble,1005,2011,34.1,38.447921905108,39.1259356970307,final,33.4248681032141,44.8270032908473
ensemble,1006,2011,35.2,35.1914530383574,34.6307079127482,final,28.9296403189316,40.3317755065649
ensemble,1007,2011,32.2,33.2728324542519,32.9914139747574,final,27.2903463809408,38.692481568574
ensemble,1008,2011,58.1,52.5932990923752,53.1127720399604,final,47.4117044461438,58.813839633777
ensemble,1009,2011,32.9,34.4643274199218,34.7264960207925,final,29.0254284269759,40.4275636146091
ensemble,1010,2011,30.4,31.4094944276379,31.3552378873035,final,25.6541702934869,37.0563054811202
ensemble,1011,2011,48.1,46.9446067600356,46.9389583297691,final,41.2378907359525,52.6400259235857
ensemble,1012,2011,42.2,40.9430342785269,39.4105724654284,final,33.7095048716118,45.111640059245
ensemble,1013,2011,31.3,31.9982720898139,30.4508046621667,final,24.7497370683501,36.1518722559833
ensemble,1014,2011,42.0,42.6663107556519,43.6436345925474,final,37.9425669987308,49.344702186364
ensemble,1015,2011,41.1,42.2175919322381,42.3607707740837,final,36.659703180267,48.0618383679003
ensemble,1016,2011,41.9,44.5588470984002,46.1012187336081,final,40.4001511397914,51.8022863274247
ensemble,1001,2012,44.8,46.1489428133134,47.0814169105786,final,41.380349316762,52.7824845043952
ensemble,1002,2012,41.3,43.1986827635144,43.6084930302153,final,37.9074254363986,49.3095606240319
ensemble,1003,2012,33.6,36.0641578445824,36.5727727949159,final,30.8717052010993,42.2738403887325
ensemble,1004,2012,36.1,37.9580370783666,37.696663220323,final,31.9955956265064,43.3977308141396
ensemble,1005,2012,43.2,40.8196174111232,40.1750896345853,final,34.4740220407687,45.8761572284019
ensemble,1006,2012,36.1,35.0581424492457,34.8954400682591,final,29.1943724744425,40.5965076620757
ensemble,1007,2012,35.2,35.2055469694247,35.049848184911,final,29.3487805910944,40.7509157787276
ensemble,1008,2012,59.7,53.6936677376749,55.5254716940179,final,49.8244041002013,61.2265392878345
ensemble,1009,2012,35.2,34.1486020941049,33.8853148806549,final,28.1842472868382,39.5863824744715
ensemble,1010,2012,32.6,32.4819258343062,32.2721931922032,final,26.5711255983866,37.9732607860198
ensemble,1011,2012,48.2,48.1431724376401,48.607402533615,final,42.9063349397984,54.3084701274316
ensemble,1012,2012,40.4,40.4796306820854,40.5859688712659,final,34.8849012774492,46.2870364650825
ensemble,1013,2012,31.4,32.362856031351,32.0176981905777,final,26.3166305967611,37.7187657843943
ensemble,1014,2012,44.0,43.2756763084456,43.4308049971332,final,37.7297374033166,49.1318725909498
ensemble,1015,2012,40.7,43.1198870935429,43.1180900268589,final,37.4170224330423,48.8191576206755
ensemble,1016,2012,45.7,45.4532157931047,45.3578584272448,final,39.6567908334282,51.0589260210615
ensemble,1001,2013,48.6,47.7213273282389,47.61830009034,final,41.9172324965234,53.3193676841566
ensemble,1002,2013,48.6,44.8279768559325,44.3956277056956,final,38.694560111879,50.0966952995122
ensemble,1003,2013,36.6,36.9925209117051,36.4455315298507,final,30.7444639360341,42.1465991236673
ensemble,1004,2013,36.6,38.6679472429412,38.2638070522097,final,32.5627394583931,43.9648746460263
ensemble,1005,2013,53.0,42.9323038893362,43.3094212611907,final,37.608353667374,49.0104888550073
ensemble,1006,2013,33.7,35.9087241539482,36.1381300751097,final,30.4370624812931,41.8391976689263
ensemble,1007,2013,36.6,35.9615610691103,35.712541149541,final,30.0114735557244,41.4136087433577
ensemble,1008,2013,56.4,55.1678038658058,57.1196180186706,final,51.418550424854,62.8206856124872
ensemble,1009,2013,33.4,35.095314671892,35.2911768606908,final,29.5901092668742,40.9922444545075
ensemble,1010,2013,33.0,32.8211163604642,32.5663647268988,final,26.8652971330822,38.2674323207154
ensemble,1011,2013,52.9,49.1937264177717,49.3224941013388,final,43.6214265075222,55.0235616951554
ensemble,1012,2013,41.2,42.0219391089544,42.1649876587843,final,36.4639200649677,47.8660552526009
ensemble,1013,2013,31.2,33.1638517506689,32.7804370970658,final,27.0793695032492,38.4815046908824
ensemble,1014,2013,45.5,43.8769998819871,43.9680162919222,final,38.2669486981056,49.6690838857389
ensemble,1015,2013,48.9,45.1656020700491,44.6022359303118,final,38.9011683364952,50.3033035241285
ensemble,1016,2013,53.5,46.6118375930195,46.6694251540375,final,40.9683575602209,52.3704927478541
ensemble,1001,2014,54.0,51.7486618892761,51.9403651343154,final,46.2392975404988,57.641432728132
ensemble,1002,2014,52.4,46.9666816272031,47.67162985863,final,41.9705622648134,53.3726974524466
ensemble,1003,2014,43.9,41.0971341499289,40.8421923372668,final,35.1411247434502,46.5432599310834
ensemble,1004,2014,45.6,43.444185336515,42.9759349383934,final,37.2748673445768,48.67700253221
ensemble,1005,2014,54.5,46.5845500881469,48.7765261029557,final,43.075458509139,54.4775936967723
ensemble,1006,2014,39.0,38.8408991598765,38.25734263585,final,32.5562750420334,43.9584102296667
ensemble,1007,2014,38.9,38.9249540771793,38.8323058758083,final,33.1312382819917,44.5333734696249
ensemble,1008,2014,65.7,59.3654718241126,60.1535314154009,final,54.4524638215843,65.8545990092175
ensemble,1009,2014,37.6,38.0640196346007,37.5855444164976,final,31.8844768226809,43.2866120103142
ensemble,1010,2014,36.1,35.6264074632804,35.4872361005417,final,29.7861685067251,41.1883036943583
ensemble,1011,2014,57.6,51.6042161175175,52.4985938459394,final,46.7975262521228,58.199661439756
ensemble,1012,2014,48.4,45.6346712752441,45.4189127211803,final,39.7178451273637,51.119980314997
ensemble,1013,2014,37.4,36.5590092584429,35.9021089522031,final,30.2010413583865,41.6031765460197
ensemble,1014,2014,48.2,46.730933158978,47.0984732819023,final,41.3974056880857,52.7995408757189
ensemble,1015,2014,52.1,48.5106232669536,49.2129774985144,final,43.5119099046977,54.914045092331
ensemble,1016,2014,59.6,50.7073594346418,52.3213332152696,final,46.620265621453,58.0224008090863
ensemble,1001,2015,51.9,50.4425744576104,50.8126042476205,final,45.1115366538039,56.5136718414371
ensemble,1002,2015,45.4,46.9981985858044,48.1127029591536,final,42.411635365337,53.8137705529702
ensemble,1003,2015,36.3,40.4453080905443,40.6707562459696,final,34.9696886521529,46.3718238397862
ensemble,1004,2015,44.1,43.3879349382594,43.6518935634331,final,37.9508259696164,49.3529611572497
ensemble,1005,2015,43.8,45.2888275269486,46.990332140458,final,41.2892645466413,52.6913997342746
ensemble,1006,2015,35.8,38.5897886985538,38.298833206738,final,32.5977656129213,43.9999008005546
ensemble,1007,2015,32.4,37.0480566292856,36.6210695304798,final,30.9200019366632,42.3221371242964
ensemble,1008,2015,58.4,57.857751375782,59.4514714142807,final,53.7504038204641,65.1525390080973
ensemble,1009,2015,35.5,37.8254116162204,37.3562632689059,final,31.6551956750893,43.0573308627225
ensemble,1010,2015,32.6,35.0545230533603,34.8117305217215,final,29.1106629279049,40.5127981155381
ensemble,1011,2015,55.3,53.0131457792969,54.3445104207879,final,48.6434428269713,60.0455780146045
ensemble,1012,2015,43.5,44.6615942249514,44.8747427863761,final,39.1736751925595,50.5758103801927
ensemble,1013,2015,34.5,36.7552597156664,36.518087409904,final,30.8170198160874,42.2191550037207
ensemble,1014,2015,49.1,46.8848612333844,47.093143237184,final,41.3920756433674,52.7942108310006
ensemble,1015,2015,47.5,47.5283694917698,48.2593770816638,final,42.5583094878472,53.9604446754804
ensemble,1016,2015,57.5,51.6336836014055,53.7225833659398,final,48.0215157721232,59.4236509597565
ensemble,1001,2016,52.7,51.2534750669906,51.8364468690811,final,46.1353792752645,57.5375144628977
ensemble,1002,2016,43.0,44.6547615592992,44.4027791472309,final,38.7017115534142,50.1038467410475
ensemble,1003,2016,35.2,38.4468917524431,37.5257550376913,final,31.8246874438747,43.2268226315079
ensemble,1004,2016,49.4,44.0598850655084,44.3010040532129,final,38.5999364593963,50.0020716470296
ensemble,1005,2016,45.8,44.8266275393785,44.8160069692297,final,39.1149393754131,50.5170745630464
ensemble,1006,2016,39.4,38.785112543577,38.0470048095514,final,32.3459372157348,43.748072403368
ensemble,1007,2016,34.7,36.551016886801,35.383280503266,final,29.6822129094493,41.0843480970826
ensemble,1008,2016,59.6,58.2216483334878,59.0451870850655,final,53.3441194912488,64.7462546788821
ensemble,1009,2016,35.5,37.1474688686108,36.4823028246274,final,30.7812352308107,42.183370418444
ensemble,1010,2016,32.1,33.7451815865718,33.0166286403849,final,27.3155610465683,38.7176962342015
ensemble,1011,2016,48.3,50.4608683743967,51.1813246654188,final,45.4802570716022,56.8823922592355
ensemble,1012,2016,47.3,45.1589168001002,45.054922017539,final,39.3538544237224,50.7559896113556
ensemble,1013,2016,33.1,34.8910322279805,34.1472251012984,final,28.4461575074818,39.848292695115
ensemble,1014,2016,42.1,44.7477976476279,45.2622248770996,final,39.561157283283,50.9632924709162
ensemble,1015,2016,46.3,46.3181897324024,46.4439387432496,final,40.742871149433,52.1450063370662
ensemble,1016,2016,48.2,49.5548960477919,51.2232814915035,final,45.5222138976869,56.9243490853201
ensemble,1001,2017,53.8,52.1088100330457,52.4752679091606,final,46.774200315344,58.1763355029772
ensemble,1002,2017,50.2,48.0963217758141,47.8051883410671,final,42.1041207472505,53.5062559348837
ensemble,1003,2017,42.6,40.8618542720753,39.9374517027383,final,34.2363841089216,45.6385192965549
ensemble,1004,2017,52.4,44.7228598171005,46.1103907124093,final,40.4093231185927,51.8114583062259
ensemble,1005,2017,48.3,46.5060869799114,46.7187250362008,final,41.0176574423842,52.4197926300174
ensemble,1006,2017,41.1,39.3196898706555,39.257438130398,final,33.5563705365814,44.9585057242146
ensemble,1007,2017,36.8,37.6900995129442,36.9155233663592,final,31.2144557725425,42.6165909601758
ensemble,1008,2017,62.9,58.6875192681442,59.3571880285717,final,53.6561204347551,65.0582556223883
ensemble,1009,2017,38.5,38.3686895849493,37.8217386397037,final,32.1206710458871,43.5228062335203
ensemble,1010,2017,34.4,35.6688938750289,35.099532312301,final,29.3984647184843,40.8005999061176
ensemble,1011,2017,54.4,53.1526449906424,53.0219717387597,final,47.3209041449431,58.7230393325763
ensemble,1012,2017,48.2,46.120087992578,46.5421803856881,final,40.8411127918715,52.2432479795047
ensemble,1013,2017,36.0,35.8434267368229,35.2747878084709,final,29.5737202146543,40.9758554022875
ensemble,1014,2017,46.5,46.742178598985,46.3364805560065,final,40.6354129621898,52.0375481498231
ensemble,1015,2017,50.5,48.5689798328345,48.603851820027,final,42.9027842262104,54.3049194138436
ensemble,1016,2017,52.0,50.785100357934,50.8794981832849,final,45.1784305894683,56.5805657771015
ensemble,1001,2018,45.0,47.8429194306151,48.2622837979354,final,42.5612162041187,53.963351391752
ensemble,1002,2018,38.3,42.3088490196034,42.4941670117703,final,36.7930994179536,48.1952346055869
ensemble,1003,2018,34.9,37.5636121416577,37.5796798160414,final,31.8786122222248,43.280747409858
ensemble,1004,2018,47.1,43.5598355939846,45.4015321238697,final,39.7004645300531,51.1025997176864
ensemble,1005,2018,31.1,41.2522553879051,41.6382238052302,final,35.9371562114135,47.3392913990468
ensemble,1006,2018,38.0,38.1289700243317,38.3732085415119,final,32.6721409476953,44.0742761353286
ensemble,1007,2018,32.0,34.0205112476067,33.4907189262141,final,27.7896513323974,39.1917865200307
ensemble,1008,2018,55.7,56.5262430201717,57.9640095263153,final,52.2629419324987,63.665077120132
ensemble,1009,2018,37.3,36.7101938714695,36.4893761246902,final,30.7883085308736,42.1904437185068
ensemble,1010,2018,28.7,31.2638413879111,30.5524721644542,final,24.8514045706376,36.2535397582708
ensemble,1011,2018,45.6,48.2651166721757,48.4309060143137,final,42.7298384204971,54.1319736081303
ensemble,1012,2018,43.0,43.9734783267317,44.3943690051372,final,38.6933014113206,50.0954365989538
ensemble,1013,2018,33.9,33.9202762828444,33.6340896938565,final,27.9330221000399,39.3351572876731
ensemble,1014,2018,38.0,42.4815111756806,42.1742608383771,final,36.4731932445605,47.8753284321937
ensemble,1015,2018,38.6,43.2178748324854,43.4441077079267,final,37.7430401141101,49.1451753017434
ensemble,1016,2018,37.2,46.6314278934077,46.9830886901384,final,41.2820210963218,52.684156283955
ensemble,1001,2019,47.1,49.9332215116001,49.7760256466755,final,44.0749580528588,55.4770932404921
ensemble,1002,2019,44.8,45.5078089380003,45.1890587797889,final,39.4879911859723,50.8901263736055
ensemble,1003,2019,34.6,39.3758745000427,39.0461440720707,final,33.3450764782541,44.7472116658873
ensemble,1004,2019,47.5,44.1574505954371,45.5270780129668,final,39.8260104191502,51.2281456067834
ensemble,1005,2019,35.4,41.6119301366229,39.9155470362704,final,34.2144794424538,45.616614630087
ensemble,1006,2019,38.5,38.4464561170964,38.4779363114751,final,32.7768687176585,44.1790039052917
ensemble,1007,2019,34.9,35.1182649480945,34.7508216257859,final,29.0497540319693,40.4518892196025
ensemble,1008,2019,60.2,58.1860193867834,58.7575001588144,final,53.0564325649978,64.458567752631
ensemble,1009,2019,36.9,37.782018057175,37.9265211450822,final,32.2254535512656,43.6275887388989
ensemble,1010,2019,30.0,33.6497549200989,33.2967100017703,final,27.5956424079537,38.9977775955869
ensemble,1011,2019,52.9,51.7402235753539,51.8076272962591,final,46.1065597024424,57.5086948900757
ensemble,1012,2019,42.9,44.545574822404,44.5568382134784,final,38.8557706196617,50.257905807295
ensemble,1013,2019,33.1,35.3047945533675,35.3488882072109,final,29.6478206133943,41.0499558010276
ensemble,1014,2019,46.1,45.6088533469212,44.9744401276063,final,39.2733725337897,50.6755077214229
ensemble,1015,2019,41.3,44.6987254312745,44.08029069066,final,38.3792230968433,49.7813582844766
ensemble,1016,2019,47.0,47.9398890622445,46.5329879035901,final,40.8319203097735,52.2340554974067
